Using pre-set license
Built from '2021.3/staging' branch; Version is '2021.3.22f1 (b6c551784ba3) revision 11978065'; Using compiler version '192829333'; Build Type 'Release'
OS: 'Windows 11  (10.0.22621) 64bit Professional' Language: 'ru' Physical Memory: 65377 MB
BatchMode: 1, IsHumanControllingUs: 0, StartBugReporterOnCrash: 0, Is64bit: 1, IsPro: 1

COMMAND LINE ARGUMENTS:
C:\Program Files\Unity\Hub\Editor\2021.3.22f1\Editor\Unity.exe
-adb2
-batchMode
-noUpm
-name
AssetImportWorker0
-projectPath
C:/Users/1/Documents/GitHub/Seagull-vs-Cats
-logFile
Logs/AssetImportWorker0.log
-srvPort
53775
Successfully changed project path to: C:/Users/1/Documents/GitHub/Seagull-vs-Cats
C:/Users/1/Documents/GitHub/Seagull-vs-Cats
[UnityMemory] Configuration Parameters - Can be set up in boot.config
    "memorysetup-bucket-allocator-granularity=16"
    "memorysetup-bucket-allocator-bucket-count=8"
    "memorysetup-bucket-allocator-block-size=33554432"
    "memorysetup-bucket-allocator-block-count=8"
    "memorysetup-main-allocator-block-size=16777216"
    "memorysetup-thread-allocator-block-size=16777216"
    "memorysetup-gfx-main-allocator-block-size=16777216"
    "memorysetup-gfx-thread-allocator-block-size=16777216"
    "memorysetup-cache-allocator-block-size=4194304"
    "memorysetup-typetree-allocator-block-size=2097152"
    "memorysetup-profiler-bucket-allocator-granularity=16"
    "memorysetup-profiler-bucket-allocator-bucket-count=8"
    "memorysetup-profiler-bucket-allocator-block-size=33554432"
    "memorysetup-profiler-bucket-allocator-block-count=8"
    "memorysetup-profiler-allocator-block-size=16777216"
    "memorysetup-profiler-editor-allocator-block-size=1048576"
    "memorysetup-temp-allocator-size-main=16777216"
    "memorysetup-job-temp-allocator-block-size=2097152"
    "memorysetup-job-temp-allocator-block-size-background=1048576"
    "memorysetup-job-temp-allocator-reduction-small-platforms=262144"
    "memorysetup-temp-allocator-size-background-worker=32768"
    "memorysetup-temp-allocator-size-job-worker=262144"
    "memorysetup-temp-allocator-size-preload-manager=33554432"
    "memorysetup-temp-allocator-size-nav-mesh-worker=65536"
    "memorysetup-temp-allocator-size-audio-worker=65536"
    "memorysetup-temp-allocator-size-cloud-worker=32768"
    "memorysetup-temp-allocator-size-gi-baking-worker=262144"
    "memorysetup-temp-allocator-size-gfx=262144"
Player connection [14368] Host "[IP] 192.168.1.6 [Port] 0 [Flags] 2 [Guid] 985055121 [EditorId] 985055121 [Version] 1048832 [Id] WindowsEditor(7,DESKTOP-UP8DEDE) [Debug] 1 [PackageName] WindowsEditor [ProjectName] Editor" joined multi-casting on [225.0.0.222:54997]...

Player connection [14368] Host "[IP] 192.168.1.6 [Port] 0 [Flags] 2 [Guid] 985055121 [EditorId] 985055121 [Version] 1048832 [Id] WindowsEditor(7,DESKTOP-UP8DEDE) [Debug] 1 [PackageName] WindowsEditor [ProjectName] Editor" joined alternative multi-casting on [225.0.0.222:34997]...

Refreshing native plugins compatible for Editor in 214.34 ms, found 4 plugins.
Preloading 0 native plugins for Editor in 0.00 ms.
Initialize engine version: 2021.3.22f1 (b6c551784ba3)
[Subsystems] Discovering subsystems at path C:/Program Files/Unity/Hub/Editor/2021.3.22f1/Editor/Data/Resources/UnitySubsystems
[Subsystems] Discovering subsystems at path C:/Users/1/Documents/GitHub/Seagull-vs-Cats/Assets
GfxDevice: creating device client; threaded=0; jobified=0
Direct3D:
    Version:  Direct3D 11.0 [level 11.1]
    Renderer: NVIDIA GeForce RTX 3060 (ID=0x2504)
    Vendor:   NVIDIA
    VRAM:     12115 MB
    Driver:   32.0.15.6614
Initialize mono
Mono path[0] = 'C:/Program Files/Unity/Hub/Editor/2021.3.22f1/Editor/Data/Managed'
Mono path[1] = 'C:/Program Files/Unity/Hub/Editor/2021.3.22f1/Editor/Data/MonoBleedingEdge/lib/mono/unityjit-win32'
Mono config path = 'C:/Program Files/Unity/Hub/Editor/2021.3.22f1/Editor/Data/MonoBleedingEdge/etc'
Using monoOptions --debugger-agent=transport=dt_socket,embedding=1,server=y,suspend=n,address=127.0.0.1:56012
Begin MonoManager ReloadAssembly
Registering precompiled unity dll's ...
Register platform support module: C:/Program Files/Unity/Hub/Editor/2021.3.22f1/Editor/Data/PlaybackEngines/WebGLSupport/UnityEditor.WebGL.Extensions.dll
Register platform support module: C:/Program Files/Unity/Hub/Editor/2021.3.22f1/Editor/Data/PlaybackEngines/MacStandaloneSupport/UnityEditor.OSXStandalone.Extensions.dll
Register platform support module: C:/Program Files/Unity/Hub/Editor/2021.3.22f1/Editor/Data/PlaybackEngines/AndroidPlayer/UnityEditor.Android.Extensions.dll
Register platform support module: C:/Program Files/Unity/Hub/Editor/2021.3.22f1/Editor/Data/PlaybackEngines/iOSSupport/UnityEditor.iOS.Extensions.dll
Register platform support module: C:/Program Files/Unity/Hub/Editor/2021.3.22f1/Editor/Data/PlaybackEngines/AppleTVSupport/UnityEditor.AppleTV.Extensions.dll
Register platform support module: C:/Program Files/Unity/Hub/Editor/2021.3.22f1/Editor/Data/PlaybackEngines/WindowsStandaloneSupport/UnityEditor.WindowsStandalone.Extensions.dll
Register platform support module: C:/Program Files/Unity/Hub/Editor/2021.3.22f1/Editor/Data/PlaybackEngines/LinuxStandaloneSupport/UnityEditor.LinuxStandalone.Extensions.dll
Register platform support module: C:/Program Files/Unity/Hub/Editor/2021.3.22f1/Editor/Data/PlaybackEngines/MetroSupport/UnityEditor.UWP.Extensions.dll
Registered in 0.021570 seconds.
Native extension for UWP target not found
Native extension for LinuxStandalone target not found
Native extension for WindowsStandalone target not found
[usbmuxd] Start listen thread
[usbmuxd] Listen thread started
[usbmuxd] Send listen message
Native extension for AppleTV target not found
[usbmuxd] Start listen thread
[usbmuxd] Listen thread started
[usbmuxd] Send listen message
Native extension for iOS target not found
Native extension for Android target not found
Android Extension - Scanning For ADB Devices 438 ms
Native extension for OSXStandalone target not found
Native extension for WebGL target not found
Refreshing native plugins compatible for Editor in 166.21 ms, found 4 plugins.
Preloading 0 native plugins for Editor in 0.00 ms.
Mono: successfully reloaded assembly
- Completed reload, in  1.766 seconds
Domain Reload Profiling:
	ReloadAssembly (1767ms)
		BeginReloadAssembly (194ms)
			ExecutionOrderSort (0ms)
			DisableScriptedObjects (0ms)
			BackupInstance (0ms)
			ReleaseScriptingObjects (0ms)
			CreateAndSetChildDomain (1ms)
		EndReloadAssembly (1348ms)
			LoadAssemblies (199ms)
			RebuildTransferFunctionScriptingTraits (0ms)
			SetupTypeCache (254ms)
			ReleaseScriptCaches (0ms)
			RebuildScriptCaches (49ms)
			SetupLoadedEditorAssemblies (950ms)
				LogAssemblyErrors (0ms)
				InitializePlatformSupportModulesInManaged (585ms)
				SetLoadedEditorAssemblies (0ms)
				RefreshPlugins (166ms)
				BeforeProcessingInitializeOnLoad (2ms)
				ProcessInitializeOnLoadAttributes (137ms)
				ProcessInitializeOnLoadMethodAttributes (59ms)
				AfterProcessingInitializeOnLoad (0ms)
				EditorAssembliesLoaded (0ms)
			ExecutionOrderSort2 (0ms)
			AwakeInstancesAfterBackupRestoration (0ms)
Platform modules already initialized, skipping
Registering precompiled user dll's ...
Registered in 0.016116 seconds.
Begin MonoManager ReloadAssembly
Symbol file LoadedFromMemory doesn't match image C:\Users\1\Documents\GitHub\Seagull-vs-Cats\Library\PackageCache\com.unity.visualscripting@1.8.0\Editor\VisualScripting.Core\Dependencies\YamlDotNet\Unity.VisualScripting.YamlDotNet.dll
Symbol file LoadedFromMemory doesn't match image C:\Users\1\Documents\GitHub\Seagull-vs-Cats\Library\PackageCache\com.unity.visualscripting@1.8.0\Editor\VisualScripting.Core\Dependencies\DotNetZip\Unity.VisualScripting.IonicZip.dll
Native extension for UWP target not found
Native extension for LinuxStandalone target not found
Native extension for WindowsStandalone target not found
Native extension for AppleTV target not found
Native extension for iOS target not found
Native extension for Android target not found
Native extension for OSXStandalone target not found
Native extension for WebGL target not found
Refreshing native plugins compatible for Editor in 218.65 ms, found 4 plugins.
Preloading 0 native plugins for Editor in 0.00 ms.
Mono: successfully reloaded assembly
- Completed reload, in  2.937 seconds
Domain Reload Profiling:
	ReloadAssembly (2938ms)
		BeginReloadAssembly (166ms)
			ExecutionOrderSort (0ms)
			DisableScriptedObjects (9ms)
			BackupInstance (0ms)
			ReleaseScriptingObjects (0ms)
			CreateAndSetChildDomain (25ms)
		EndReloadAssembly (2629ms)
			LoadAssemblies (167ms)
			RebuildTransferFunctionScriptingTraits (0ms)
			SetupTypeCache (740ms)
			ReleaseScriptCaches (2ms)
			RebuildScriptCaches (195ms)
			SetupLoadedEditorAssemblies (1394ms)
				LogAssemblyErrors (0ms)
				InitializePlatformSupportModulesInManaged (73ms)
				SetLoadedEditorAssemblies (0ms)
				RefreshPlugins (219ms)
				BeforeProcessingInitializeOnLoad (219ms)
				ProcessInitializeOnLoadAttributes (683ms)
				ProcessInitializeOnLoadMethodAttributes (186ms)
				AfterProcessingInitializeOnLoad (14ms)
				EditorAssembliesLoaded (0ms)
			ExecutionOrderSort2 (0ms)
			AwakeInstancesAfterBackupRestoration (10ms)
Platform modules already initialized, skipping
========================================================================
Worker process is ready to serve import requests
Launched and connected shader compiler UnityShaderCompiler.exe after 0.11 seconds
Refreshing native plugins compatible for Editor in 1.27 ms, found 4 plugins.
Preloading 0 native plugins for Editor in 0.00 ms.
Unloading 5749 Unused Serialized files (Serialized files now loaded: 0)
Unloading 56 unused Assets / (0.8 MB). Loaded Objects now: 6208.
Memory consumption went from 225.7 MB to 224.9 MB.
Total: 7.266500 ms (FindLiveObjects: 0.947100 ms CreateObjectMapping: 0.412500 ms MarkObjects: 5.492800 ms  DeleteObjects: 0.412200 ms)

AssetImportParameters requested are different than current active one (requested -> active):
  custom:video-decoder-ogg-theora: a1e56fd34408186e4bbccfd4996cb3dc -> 
  custom:container-muxer-webm: aa71ff27fc2769a1b78a27578f13a17b -> 
  custom:container-demuxer-webm: 4f35f7cbe854078d1ac9338744f61a02 -> 
  custom:video-encoder-webm-vp8: eb34c28f22e8b96e1ab97ce403110664 -> 
  custom:video-codec-MediaFoundation-h265: 746d11721c4dcdbdad8f713fa42b33f4 -> 
  custom:audio-encoder-webm-vorbis: bf7c407c2cedff20999df2af8eb42d56 -> 
  custom:framework-win-MediaFoundation: 216162199b28c13a410421893ffa2e32 -> 
  custom:container-demuxer-ogg: 62fdf1f143b41e24485cea50d1cbac27 -> 
  custom:video-decoder-webm-vp8: 9c59270c3fd7afecdb556c50c9e8de78 -> 
  custom:audio-decoder-ogg-vorbis: bf7c407c2cedff20999df2af8eb42d56 -> 
========================================================================
Received Import Request.
  Time since last request: 160841.935867 seconds.
  path: Assets/Scripts/GameManager.cs
  artifactKey: Guid(ec696d814f04163449fa3add57f388e7) Importer(815301076,1909f56bfc062723c751e8b465ee728b)
Start importing Assets/Scripts/GameManager.cs using Guid(ec696d814f04163449fa3add57f388e7) Importer(815301076,1909f56bfc062723c751e8b465ee728b)  -> (artifact id: 'bc17fc9813e0187421ae948d39ddc1e1') in 0.139506 seconds 
========================================================================
Received Prepare
Registering precompiled user dll's ...
Registered in 0.014644 seconds.
Begin MonoManager ReloadAssembly
Symbol file LoadedFromMemory doesn't match image C:\Users\1\Documents\GitHub\Seagull-vs-Cats\Library\PackageCache\com.unity.visualscripting@1.8.0\Editor\VisualScripting.Core\Dependencies\YamlDotNet\Unity.VisualScripting.YamlDotNet.dll
Symbol file LoadedFromMemory doesn't match image C:\Users\1\Documents\GitHub\Seagull-vs-Cats\Library\PackageCache\com.unity.visualscripting@1.8.0\Editor\VisualScripting.Core\Dependencies\DotNetZip\Unity.VisualScripting.IonicZip.dll
Native extension for UWP target not found
Native extension for LinuxStandalone target not found
Native extension for WindowsStandalone target not found
Native extension for AppleTV target not found
Native extension for iOS target not found
Native extension for Android target not found
Native extension for OSXStandalone target not found
Native extension for WebGL target not found
Refreshing native plugins compatible for Editor in 1.31 ms, found 4 plugins.
Preloading 0 native plugins for Editor in 0.00 ms.
Mono: successfully reloaded assembly
- Completed reload, in  1.694 seconds
Domain Reload Profiling:
	ReloadAssembly (1695ms)
		BeginReloadAssembly (203ms)
			ExecutionOrderSort (0ms)
			DisableScriptedObjects (8ms)
			BackupInstance (0ms)
			ReleaseScriptingObjects (0ms)
			CreateAndSetChildDomain (53ms)
		EndReloadAssembly (1366ms)
			LoadAssemblies (165ms)
			RebuildTransferFunctionScriptingTraits (0ms)
			SetupTypeCache (388ms)
			ReleaseScriptCaches (2ms)
			RebuildScriptCaches (66ms)
			SetupLoadedEditorAssemblies (700ms)
				LogAssemblyErrors (0ms)
				InitializePlatformSupportModulesInManaged (48ms)
				SetLoadedEditorAssemblies (1ms)
				RefreshPlugins (1ms)
				BeforeProcessingInitializeOnLoad (115ms)
				ProcessInitializeOnLoadAttributes (413ms)
				ProcessInitializeOnLoadMethodAttributes (112ms)
				AfterProcessingInitializeOnLoad (10ms)
				EditorAssembliesLoaded (0ms)
			ExecutionOrderSort2 (0ms)
			AwakeInstancesAfterBackupRestoration (11ms)
Platform modules already initialized, skipping
Refreshing native plugins compatible for Editor in 4.63 ms, found 4 plugins.
Preloading 0 native plugins for Editor in 0.00 ms.
Unloading 5655 Unused Serialized files (Serialized files now loaded: 0)
Unloading 29 unused Assets / (0.8 MB). Loaded Objects now: 6223.
Memory consumption went from 218.0 MB to 217.2 MB.
Total: 5.071200 ms (FindLiveObjects: 0.492700 ms CreateObjectMapping: 0.265800 ms MarkObjects: 3.935800 ms  DeleteObjects: 0.375700 ms)

AssetImportParameters requested are different than current active one (requested -> active):
  custom:video-decoder-ogg-theora: a1e56fd34408186e4bbccfd4996cb3dc -> 
  custom:container-muxer-webm: aa71ff27fc2769a1b78a27578f13a17b -> 
  custom:container-demuxer-webm: 4f35f7cbe854078d1ac9338744f61a02 -> 
  custom:video-encoder-webm-vp8: eb34c28f22e8b96e1ab97ce403110664 -> 
  custom:video-codec-MediaFoundation-h265: 746d11721c4dcdbdad8f713fa42b33f4 -> 
  custom:audio-encoder-webm-vorbis: bf7c407c2cedff20999df2af8eb42d56 -> 
  custom:framework-win-MediaFoundation: 216162199b28c13a410421893ffa2e32 -> 
  custom:container-demuxer-ogg: 62fdf1f143b41e24485cea50d1cbac27 -> 
  custom:video-decoder-webm-vp8: 9c59270c3fd7afecdb556c50c9e8de78 -> 
  custom:audio-decoder-ogg-vorbis: bf7c407c2cedff20999df2af8eb42d56 -> 
========================================================================
Received Import Request.
  Time since last request: 498.058851 seconds.
  path: Assets/Scripts/GameManager.cs
  artifactKey: Guid(ec696d814f04163449fa3add57f388e7) Importer(815301076,1909f56bfc062723c751e8b465ee728b)
Start importing Assets/Scripts/GameManager.cs using Guid(ec696d814f04163449fa3add57f388e7) Importer(815301076,1909f56bfc062723c751e8b465ee728b)  -> (artifact id: 'a58206b234576d0dc4834741856d1601') in 0.013564 seconds 
========================================================================
Received Prepare
Registering precompiled user dll's ...
Registered in 0.015114 seconds.
Begin MonoManager ReloadAssembly
Symbol file LoadedFromMemory doesn't match image C:\Users\1\Documents\GitHub\Seagull-vs-Cats\Library\PackageCache\com.unity.visualscripting@1.8.0\Editor\VisualScripting.Core\Dependencies\YamlDotNet\Unity.VisualScripting.YamlDotNet.dll
Symbol file LoadedFromMemory doesn't match image C:\Users\1\Documents\GitHub\Seagull-vs-Cats\Library\PackageCache\com.unity.visualscripting@1.8.0\Editor\VisualScripting.Core\Dependencies\DotNetZip\Unity.VisualScripting.IonicZip.dll
Native extension for UWP target not found
Native extension for LinuxStandalone target not found
Native extension for WindowsStandalone target not found
Native extension for AppleTV target not found
Native extension for iOS target not found
Native extension for Android target not found
Native extension for OSXStandalone target not found
Native extension for WebGL target not found
Refreshing native plugins compatible for Editor in 1.20 ms, found 4 plugins.
Preloading 0 native plugins for Editor in 0.00 ms.
Mono: successfully reloaded assembly
- Completed reload, in  1.786 seconds
Domain Reload Profiling:
	ReloadAssembly (1787ms)
		BeginReloadAssembly (226ms)
			ExecutionOrderSort (0ms)
			DisableScriptedObjects (8ms)
			BackupInstance (0ms)
			ReleaseScriptingObjects (0ms)
			CreateAndSetChildDomain (72ms)
		EndReloadAssembly (1440ms)
			LoadAssemblies (174ms)
			RebuildTransferFunctionScriptingTraits (0ms)
			SetupTypeCache (399ms)
			ReleaseScriptCaches (3ms)
			RebuildScriptCaches (83ms)
			SetupLoadedEditorAssemblies (731ms)
				LogAssemblyErrors (0ms)
				InitializePlatformSupportModulesInManaged (49ms)
				SetLoadedEditorAssemblies (1ms)
				RefreshPlugins (1ms)
				BeforeProcessingInitializeOnLoad (114ms)
				ProcessInitializeOnLoadAttributes (440ms)
				ProcessInitializeOnLoadMethodAttributes (115ms)
				AfterProcessingInitializeOnLoad (10ms)
				EditorAssembliesLoaded (0ms)
			ExecutionOrderSort2 (0ms)
			AwakeInstancesAfterBackupRestoration (11ms)
Platform modules already initialized, skipping
Refreshing native plugins compatible for Editor in 4.72 ms, found 4 plugins.
Preloading 0 native plugins for Editor in 0.00 ms.
Unloading 5655 Unused Serialized files (Serialized files now loaded: 0)
Unloading 29 unused Assets / (0.8 MB). Loaded Objects now: 6238.
Memory consumption went from 218.0 MB to 217.3 MB.
Total: 4.905400 ms (FindLiveObjects: 0.505800 ms CreateObjectMapping: 0.267000 ms MarkObjects: 3.750400 ms  DeleteObjects: 0.381100 ms)

AssetImportParameters requested are different than current active one (requested -> active):
  custom:video-decoder-ogg-theora: a1e56fd34408186e4bbccfd4996cb3dc -> 
  custom:container-muxer-webm: aa71ff27fc2769a1b78a27578f13a17b -> 
  custom:container-demuxer-webm: 4f35f7cbe854078d1ac9338744f61a02 -> 
  custom:video-encoder-webm-vp8: eb34c28f22e8b96e1ab97ce403110664 -> 
  custom:video-codec-MediaFoundation-h265: 746d11721c4dcdbdad8f713fa42b33f4 -> 
  custom:audio-encoder-webm-vorbis: bf7c407c2cedff20999df2af8eb42d56 -> 
  custom:framework-win-MediaFoundation: 216162199b28c13a410421893ffa2e32 -> 
  custom:container-demuxer-ogg: 62fdf1f143b41e24485cea50d1cbac27 -> 
  custom:video-decoder-webm-vp8: 9c59270c3fd7afecdb556c50c9e8de78 -> 
  custom:audio-decoder-ogg-vorbis: bf7c407c2cedff20999df2af8eb42d56 -> 
========================================================================
Received Prepare
Registering precompiled user dll's ...
Registered in 0.014016 seconds.
Begin MonoManager ReloadAssembly
Symbol file LoadedFromMemory doesn't match image C:\Users\1\Documents\GitHub\Seagull-vs-Cats\Library\PackageCache\com.unity.visualscripting@1.8.0\Editor\VisualScripting.Core\Dependencies\YamlDotNet\Unity.VisualScripting.YamlDotNet.dll
Symbol file LoadedFromMemory doesn't match image C:\Users\1\Documents\GitHub\Seagull-vs-Cats\Library\PackageCache\com.unity.visualscripting@1.8.0\Editor\VisualScripting.Core\Dependencies\DotNetZip\Unity.VisualScripting.IonicZip.dll
Native extension for UWP target not found
Native extension for LinuxStandalone target not found
Native extension for WindowsStandalone target not found
Native extension for AppleTV target not found
Native extension for iOS target not found
Native extension for Android target not found
Native extension for OSXStandalone target not found
Native extension for WebGL target not found
Refreshing native plugins compatible for Editor in 1.17 ms, found 4 plugins.
Preloading 0 native plugins for Editor in 0.00 ms.
Mono: successfully reloaded assembly
- Completed reload, in  1.675 seconds
Domain Reload Profiling:
	ReloadAssembly (1676ms)
		BeginReloadAssembly (187ms)
			ExecutionOrderSort (0ms)
			DisableScriptedObjects (8ms)
			BackupInstance (0ms)
			ReleaseScriptingObjects (0ms)
			CreateAndSetChildDomain (51ms)
		EndReloadAssembly (1369ms)
			LoadAssemblies (164ms)
			RebuildTransferFunctionScriptingTraits (0ms)
			SetupTypeCache (394ms)
			ReleaseScriptCaches (2ms)
			RebuildScriptCaches (69ms)
			SetupLoadedEditorAssemblies (683ms)
				LogAssemblyErrors (0ms)
				InitializePlatformSupportModulesInManaged (47ms)
				SetLoadedEditorAssemblies (1ms)
				RefreshPlugins (1ms)
				BeforeProcessingInitializeOnLoad (112ms)
				ProcessInitializeOnLoadAttributes (413ms)
				ProcessInitializeOnLoadMethodAttributes (100ms)
				AfterProcessingInitializeOnLoad (10ms)
				EditorAssembliesLoaded (0ms)
			ExecutionOrderSort2 (0ms)
			AwakeInstancesAfterBackupRestoration (10ms)
Platform modules already initialized, skipping
Refreshing native plugins compatible for Editor in 3.94 ms, found 4 plugins.
Preloading 0 native plugins for Editor in 0.00 ms.
Unloading 5655 Unused Serialized files (Serialized files now loaded: 0)
Unloading 29 unused Assets / (0.8 MB). Loaded Objects now: 6253.
Memory consumption went from 218.1 MB to 217.3 MB.
Total: 4.857100 ms (FindLiveObjects: 0.519600 ms CreateObjectMapping: 0.277000 ms MarkObjects: 3.666300 ms  DeleteObjects: 0.392800 ms)

AssetImportParameters requested are different than current active one (requested -> active):
  custom:video-decoder-ogg-theora: a1e56fd34408186e4bbccfd4996cb3dc -> 
  custom:container-muxer-webm: aa71ff27fc2769a1b78a27578f13a17b -> 
  custom:container-demuxer-webm: 4f35f7cbe854078d1ac9338744f61a02 -> 
  custom:video-encoder-webm-vp8: eb34c28f22e8b96e1ab97ce403110664 -> 
  custom:video-codec-MediaFoundation-h265: 746d11721c4dcdbdad8f713fa42b33f4 -> 
  custom:audio-encoder-webm-vorbis: bf7c407c2cedff20999df2af8eb42d56 -> 
  custom:framework-win-MediaFoundation: 216162199b28c13a410421893ffa2e32 -> 
  custom:container-demuxer-ogg: 62fdf1f143b41e24485cea50d1cbac27 -> 
  custom:video-decoder-webm-vp8: 9c59270c3fd7afecdb556c50c9e8de78 -> 
  custom:audio-decoder-ogg-vorbis: bf7c407c2cedff20999df2af8eb42d56 -> 
========================================================================
Received Import Request.
  Time since last request: 20.351404 seconds.
  path: Assets/Scripts/GameManager.cs
  artifactKey: Guid(ec696d814f04163449fa3add57f388e7) Importer(815301076,1909f56bfc062723c751e8b465ee728b)
Start importing Assets/Scripts/GameManager.cs using Guid(ec696d814f04163449fa3add57f388e7) Importer(815301076,1909f56bfc062723c751e8b465ee728b)  -> (artifact id: 'de24cff0ddd62a6a7b52c9fff521398b') in 0.012276 seconds 
========================================================================
Received Prepare
Registering precompiled user dll's ...
Registered in 0.015495 seconds.
Begin MonoManager ReloadAssembly
Symbol file LoadedFromMemory doesn't match image C:\Users\1\Documents\GitHub\Seagull-vs-Cats\Library\PackageCache\com.unity.visualscripting@1.8.0\Editor\VisualScripting.Core\Dependencies\YamlDotNet\Unity.VisualScripting.YamlDotNet.dll
Symbol file LoadedFromMemory doesn't match image C:\Users\1\Documents\GitHub\Seagull-vs-Cats\Library\PackageCache\com.unity.visualscripting@1.8.0\Editor\VisualScripting.Core\Dependencies\DotNetZip\Unity.VisualScripting.IonicZip.dll
Native extension for UWP target not found
Native extension for LinuxStandalone target not found
Native extension for WindowsStandalone target not found
Native extension for AppleTV target not found
Native extension for iOS target not found
Native extension for Android target not found
Native extension for OSXStandalone target not found
Native extension for WebGL target not found
Refreshing native plugins compatible for Editor in 1.03 ms, found 4 plugins.
Preloading 0 native plugins for Editor in 0.00 ms.
Mono: successfully reloaded assembly
- Completed reload, in  1.649 seconds
Domain Reload Profiling:
	ReloadAssembly (1650ms)
		BeginReloadAssembly (197ms)
			ExecutionOrderSort (0ms)
			DisableScriptedObjects (8ms)
			BackupInstance (0ms)
			ReleaseScriptingObjects (0ms)
			CreateAndSetChildDomain (55ms)
		EndReloadAssembly (1314ms)
			LoadAssemblies (162ms)
			RebuildTransferFunctionScriptingTraits (0ms)
			SetupTypeCache (340ms)
			ReleaseScriptCaches (2ms)
			RebuildScriptCaches (74ms)
			SetupLoadedEditorAssemblies (694ms)
				LogAssemblyErrors (0ms)
				InitializePlatformSupportModulesInManaged (53ms)
				SetLoadedEditorAssemblies (1ms)
				RefreshPlugins (1ms)
				BeforeProcessingInitializeOnLoad (110ms)
				ProcessInitializeOnLoadAttributes (419ms)
				ProcessInitializeOnLoadMethodAttributes (101ms)
				AfterProcessingInitializeOnLoad (10ms)
				EditorAssembliesLoaded (0ms)
			ExecutionOrderSort2 (0ms)
			AwakeInstancesAfterBackupRestoration (10ms)
Platform modules already initialized, skipping
Refreshing native plugins compatible for Editor in 3.68 ms, found 4 plugins.
Preloading 0 native plugins for Editor in 0.00 ms.
Unloading 5655 Unused Serialized files (Serialized files now loaded: 0)
Unloading 29 unused Assets / (0.8 MB). Loaded Objects now: 6268.
Memory consumption went from 218.1 MB to 217.3 MB.
Total: 4.799100 ms (FindLiveObjects: 0.533600 ms CreateObjectMapping: 0.281500 ms MarkObjects: 3.597600 ms  DeleteObjects: 0.385100 ms)

AssetImportParameters requested are different than current active one (requested -> active):
  custom:video-decoder-ogg-theora: a1e56fd34408186e4bbccfd4996cb3dc -> 
  custom:container-muxer-webm: aa71ff27fc2769a1b78a27578f13a17b -> 
  custom:container-demuxer-webm: 4f35f7cbe854078d1ac9338744f61a02 -> 
  custom:video-encoder-webm-vp8: eb34c28f22e8b96e1ab97ce403110664 -> 
  custom:video-codec-MediaFoundation-h265: 746d11721c4dcdbdad8f713fa42b33f4 -> 
  custom:audio-encoder-webm-vorbis: bf7c407c2cedff20999df2af8eb42d56 -> 
  custom:framework-win-MediaFoundation: 216162199b28c13a410421893ffa2e32 -> 
  custom:container-demuxer-ogg: 62fdf1f143b41e24485cea50d1cbac27 -> 
  custom:video-decoder-webm-vp8: 9c59270c3fd7afecdb556c50c9e8de78 -> 
  custom:audio-decoder-ogg-vorbis: bf7c407c2cedff20999df2af8eb42d56 -> 
========================================================================
Received Prepare
Registering precompiled user dll's ...
Registered in 0.014996 seconds.
Begin MonoManager ReloadAssembly
Symbol file LoadedFromMemory doesn't match image C:\Users\1\Documents\GitHub\Seagull-vs-Cats\Library\PackageCache\com.unity.visualscripting@1.8.0\Editor\VisualScripting.Core\Dependencies\YamlDotNet\Unity.VisualScripting.YamlDotNet.dll
Symbol file LoadedFromMemory doesn't match image C:\Users\1\Documents\GitHub\Seagull-vs-Cats\Library\PackageCache\com.unity.visualscripting@1.8.0\Editor\VisualScripting.Core\Dependencies\DotNetZip\Unity.VisualScripting.IonicZip.dll
Native extension for UWP target not found
Native extension for LinuxStandalone target not found
Native extension for WindowsStandalone target not found
Native extension for AppleTV target not found
Native extension for iOS target not found
Native extension for Android target not found
Native extension for OSXStandalone target not found
Native extension for WebGL target not found
Refreshing native plugins compatible for Editor in 1.19 ms, found 4 plugins.
Preloading 0 native plugins for Editor in 0.00 ms.
Mono: successfully reloaded assembly
- Completed reload, in  1.825 seconds
Domain Reload Profiling:
	ReloadAssembly (1826ms)
		BeginReloadAssembly (195ms)
			ExecutionOrderSort (0ms)
			DisableScriptedObjects (8ms)
			BackupInstance (0ms)
			ReleaseScriptingObjects (0ms)
			CreateAndSetChildDomain (53ms)
		EndReloadAssembly (1507ms)
			LoadAssemblies (169ms)
			RebuildTransferFunctionScriptingTraits (0ms)
			SetupTypeCache (384ms)
			ReleaseScriptCaches (2ms)
			RebuildScriptCaches (92ms)
			SetupLoadedEditorAssemblies (787ms)
				LogAssemblyErrors (0ms)
				InitializePlatformSupportModulesInManaged (53ms)
				SetLoadedEditorAssemblies (1ms)
				RefreshPlugins (1ms)
				BeforeProcessingInitializeOnLoad (167ms)
				ProcessInitializeOnLoadAttributes (454ms)
				ProcessInitializeOnLoadMethodAttributes (99ms)
				AfterProcessingInitializeOnLoad (11ms)
				EditorAssembliesLoaded (0ms)
			ExecutionOrderSort2 (0ms)
			AwakeInstancesAfterBackupRestoration (15ms)
Platform modules already initialized, skipping
Refreshing native plugins compatible for Editor in 3.78 ms, found 4 plugins.
Preloading 0 native plugins for Editor in 0.00 ms.
Unloading 5655 Unused Serialized files (Serialized files now loaded: 0)
Unloading 29 unused Assets / (0.8 MB). Loaded Objects now: 6283.
Memory consumption went from 218.1 MB to 217.3 MB.
Total: 5.234100 ms (FindLiveObjects: 0.552100 ms CreateObjectMapping: 0.286000 ms MarkObjects: 3.990100 ms  DeleteObjects: 0.404500 ms)

AssetImportParameters requested are different than current active one (requested -> active):
  custom:video-decoder-ogg-theora: a1e56fd34408186e4bbccfd4996cb3dc -> 
  custom:container-muxer-webm: aa71ff27fc2769a1b78a27578f13a17b -> 
  custom:container-demuxer-webm: 4f35f7cbe854078d1ac9338744f61a02 -> 
  custom:video-encoder-webm-vp8: eb34c28f22e8b96e1ab97ce403110664 -> 
  custom:video-codec-MediaFoundation-h265: 746d11721c4dcdbdad8f713fa42b33f4 -> 
  custom:audio-encoder-webm-vorbis: bf7c407c2cedff20999df2af8eb42d56 -> 
  custom:framework-win-MediaFoundation: 216162199b28c13a410421893ffa2e32 -> 
  custom:container-demuxer-ogg: 62fdf1f143b41e24485cea50d1cbac27 -> 
  custom:video-decoder-webm-vp8: 9c59270c3fd7afecdb556c50c9e8de78 -> 
  custom:audio-decoder-ogg-vorbis: bf7c407c2cedff20999df2af8eb42d56 -> 
========================================================================
Received Prepare
Registering precompiled user dll's ...
Registered in 0.014788 seconds.
Begin MonoManager ReloadAssembly
Symbol file LoadedFromMemory doesn't match image C:\Users\1\Documents\GitHub\Seagull-vs-Cats\Library\PackageCache\com.unity.visualscripting@1.8.0\Editor\VisualScripting.Core\Dependencies\YamlDotNet\Unity.VisualScripting.YamlDotNet.dll
Symbol file LoadedFromMemory doesn't match image C:\Users\1\Documents\GitHub\Seagull-vs-Cats\Library\PackageCache\com.unity.visualscripting@1.8.0\Editor\VisualScripting.Core\Dependencies\DotNetZip\Unity.VisualScripting.IonicZip.dll
Native extension for UWP target not found
Native extension for LinuxStandalone target not found
Native extension for WindowsStandalone target not found
Native extension for AppleTV target not found
Native extension for iOS target not found
Native extension for Android target not found
Native extension for OSXStandalone target not found
Native extension for WebGL target not found
Refreshing native plugins compatible for Editor in 1.19 ms, found 4 plugins.
Preloading 0 native plugins for Editor in 0.00 ms.
Mono: successfully reloaded assembly
- Completed reload, in  1.676 seconds
Domain Reload Profiling:
	ReloadAssembly (1677ms)
		BeginReloadAssembly (181ms)
			ExecutionOrderSort (0ms)
			DisableScriptedObjects (8ms)
			BackupInstance (0ms)
			ReleaseScriptingObjects (0ms)
			CreateAndSetChildDomain (48ms)
		EndReloadAssembly (1363ms)
			LoadAssemblies (162ms)
			RebuildTransferFunctionScriptingTraits (0ms)
			SetupTypeCache (368ms)
			ReleaseScriptCaches (3ms)
			RebuildScriptCaches (74ms)
			SetupLoadedEditorAssemblies (698ms)
				LogAssemblyErrors (0ms)
				InitializePlatformSupportModulesInManaged (47ms)
				SetLoadedEditorAssemblies (1ms)
				RefreshPlugins (1ms)
				BeforeProcessingInitializeOnLoad (112ms)
				ProcessInitializeOnLoadAttributes (424ms)
				ProcessInitializeOnLoadMethodAttributes (101ms)
				AfterProcessingInitializeOnLoad (11ms)
				EditorAssembliesLoaded (0ms)
			ExecutionOrderSort2 (0ms)
			AwakeInstancesAfterBackupRestoration (11ms)
Platform modules already initialized, skipping
Refreshing native plugins compatible for Editor in 4.52 ms, found 4 plugins.
Preloading 0 native plugins for Editor in 0.00 ms.
Unloading 5655 Unused Serialized files (Serialized files now loaded: 0)
Unloading 29 unused Assets / (0.8 MB). Loaded Objects now: 6298.
Memory consumption went from 218.1 MB to 217.3 MB.
Total: 4.976800 ms (FindLiveObjects: 0.558400 ms CreateObjectMapping: 0.312500 ms MarkObjects: 3.702900 ms  DeleteObjects: 0.401800 ms)

AssetImportParameters requested are different than current active one (requested -> active):
  custom:video-decoder-ogg-theora: a1e56fd34408186e4bbccfd4996cb3dc -> 
  custom:container-muxer-webm: aa71ff27fc2769a1b78a27578f13a17b -> 
  custom:container-demuxer-webm: 4f35f7cbe854078d1ac9338744f61a02 -> 
  custom:video-encoder-webm-vp8: eb34c28f22e8b96e1ab97ce403110664 -> 
  custom:video-codec-MediaFoundation-h265: 746d11721c4dcdbdad8f713fa42b33f4 -> 
  custom:audio-encoder-webm-vorbis: bf7c407c2cedff20999df2af8eb42d56 -> 
  custom:framework-win-MediaFoundation: 216162199b28c13a410421893ffa2e32 -> 
  custom:container-demuxer-ogg: 62fdf1f143b41e24485cea50d1cbac27 -> 
  custom:video-decoder-webm-vp8: 9c59270c3fd7afecdb556c50c9e8de78 -> 
  custom:audio-decoder-ogg-vorbis: bf7c407c2cedff20999df2af8eb42d56 -> 
========================================================================
Received Prepare
Registering precompiled user dll's ...
Registered in 0.014448 seconds.
Begin MonoManager ReloadAssembly
Symbol file LoadedFromMemory doesn't match image C:\Users\1\Documents\GitHub\Seagull-vs-Cats\Library\PackageCache\com.unity.visualscripting@1.8.0\Editor\VisualScripting.Core\Dependencies\YamlDotNet\Unity.VisualScripting.YamlDotNet.dll
Symbol file LoadedFromMemory doesn't match image C:\Users\1\Documents\GitHub\Seagull-vs-Cats\Library\PackageCache\com.unity.visualscripting@1.8.0\Editor\VisualScripting.Core\Dependencies\DotNetZip\Unity.VisualScripting.IonicZip.dll
Native extension for UWP target not found
Native extension for LinuxStandalone target not found
Native extension for WindowsStandalone target not found
Native extension for AppleTV target not found
Native extension for iOS target not found
Native extension for Android target not found
Native extension for OSXStandalone target not found
Native extension for WebGL target not found
Refreshing native plugins compatible for Editor in 1.16 ms, found 4 plugins.
Preloading 0 native plugins for Editor in 0.00 ms.
Mono: successfully reloaded assembly
- Completed reload, in  1.591 seconds
Domain Reload Profiling:
	ReloadAssembly (1592ms)
		BeginReloadAssembly (183ms)
			ExecutionOrderSort (0ms)
			DisableScriptedObjects (10ms)
			BackupInstance (0ms)
			ReleaseScriptingObjects (0ms)
			CreateAndSetChildDomain (48ms)
		EndReloadAssembly (1289ms)
			LoadAssemblies (156ms)
			RebuildTransferFunctionScriptingTraits (0ms)
			SetupTypeCache (339ms)
			ReleaseScriptCaches (2ms)
			RebuildScriptCaches (72ms)
			SetupLoadedEditorAssemblies (670ms)
				LogAssemblyErrors (0ms)
				InitializePlatformSupportModulesInManaged (48ms)
				SetLoadedEditorAssemblies (1ms)
				RefreshPlugins (1ms)
				BeforeProcessingInitializeOnLoad (118ms)
				ProcessInitializeOnLoadAttributes (396ms)
				ProcessInitializeOnLoadMethodAttributes (95ms)
				AfterProcessingInitializeOnLoad (10ms)
				EditorAssembliesLoaded (0ms)
			ExecutionOrderSort2 (0ms)
			AwakeInstancesAfterBackupRestoration (10ms)
Platform modules already initialized, skipping
Refreshing native plugins compatible for Editor in 4.51 ms, found 4 plugins.
Preloading 0 native plugins for Editor in 0.00 ms.
Unloading 5655 Unused Serialized files (Serialized files now loaded: 0)
Unloading 29 unused Assets / (0.8 MB). Loaded Objects now: 6313.
Memory consumption went from 218.1 MB to 217.3 MB.
Total: 5.221500 ms (FindLiveObjects: 0.551800 ms CreateObjectMapping: 0.285200 ms MarkObjects: 3.976200 ms  DeleteObjects: 0.407000 ms)

AssetImportParameters requested are different than current active one (requested -> active):
  custom:video-decoder-ogg-theora: a1e56fd34408186e4bbccfd4996cb3dc -> 
  custom:container-muxer-webm: aa71ff27fc2769a1b78a27578f13a17b -> 
  custom:container-demuxer-webm: 4f35f7cbe854078d1ac9338744f61a02 -> 
  custom:video-encoder-webm-vp8: eb34c28f22e8b96e1ab97ce403110664 -> 
  custom:video-codec-MediaFoundation-h265: 746d11721c4dcdbdad8f713fa42b33f4 -> 
  custom:audio-encoder-webm-vorbis: bf7c407c2cedff20999df2af8eb42d56 -> 
  custom:framework-win-MediaFoundation: 216162199b28c13a410421893ffa2e32 -> 
  custom:container-demuxer-ogg: 62fdf1f143b41e24485cea50d1cbac27 -> 
  custom:video-decoder-webm-vp8: 9c59270c3fd7afecdb556c50c9e8de78 -> 
  custom:audio-decoder-ogg-vorbis: bf7c407c2cedff20999df2af8eb42d56 -> 
========================================================================
Received Prepare
Registering precompiled user dll's ...
Registered in 0.014108 seconds.
Begin MonoManager ReloadAssembly
Symbol file LoadedFromMemory doesn't match image C:\Users\1\Documents\GitHub\Seagull-vs-Cats\Library\PackageCache\com.unity.visualscripting@1.8.0\Editor\VisualScripting.Core\Dependencies\YamlDotNet\Unity.VisualScripting.YamlDotNet.dll
Symbol file LoadedFromMemory doesn't match image C:\Users\1\Documents\GitHub\Seagull-vs-Cats\Library\PackageCache\com.unity.visualscripting@1.8.0\Editor\VisualScripting.Core\Dependencies\DotNetZip\Unity.VisualScripting.IonicZip.dll
Native extension for UWP target not found
Native extension for LinuxStandalone target not found
Native extension for WindowsStandalone target not found
Native extension for AppleTV target not found
Native extension for iOS target not found
Native extension for Android target not found
Native extension for OSXStandalone target not found
Native extension for WebGL target not found
Refreshing native plugins compatible for Editor in 1.04 ms, found 4 plugins.
Preloading 0 native plugins for Editor in 0.00 ms.
Mono: successfully reloaded assembly
- Completed reload, in  1.667 seconds
Domain Reload Profiling:
	ReloadAssembly (1668ms)
		BeginReloadAssembly (197ms)
			ExecutionOrderSort (0ms)
			DisableScriptedObjects (10ms)
			BackupInstance (0ms)
			ReleaseScriptingObjects (0ms)
			CreateAndSetChildDomain (52ms)
		EndReloadAssembly (1337ms)
			LoadAssemblies (168ms)
			RebuildTransferFunctionScriptingTraits (0ms)
			SetupTypeCache (369ms)
			ReleaseScriptCaches (3ms)
			RebuildScriptCaches (66ms)
			SetupLoadedEditorAssemblies (687ms)
				LogAssemblyErrors (0ms)
				InitializePlatformSupportModulesInManaged (49ms)
				SetLoadedEditorAssemblies (1ms)
				RefreshPlugins (1ms)
				BeforeProcessingInitializeOnLoad (114ms)
				ProcessInitializeOnLoadAttributes (414ms)
				ProcessInitializeOnLoadMethodAttributes (98ms)
				AfterProcessingInitializeOnLoad (10ms)
				EditorAssembliesLoaded (0ms)
			ExecutionOrderSort2 (0ms)
			AwakeInstancesAfterBackupRestoration (11ms)
Platform modules already initialized, skipping
Refreshing native plugins compatible for Editor in 4.12 ms, found 4 plugins.
Preloading 0 native plugins for Editor in 0.00 ms.
Unloading 5655 Unused Serialized files (Serialized files now loaded: 0)
Unloading 29 unused Assets / (0.8 MB). Loaded Objects now: 6328.
Memory consumption went from 218.2 MB to 217.4 MB.
Total: 4.927800 ms (FindLiveObjects: 0.559500 ms CreateObjectMapping: 0.283300 ms MarkObjects: 3.679700 ms  DeleteObjects: 0.403900 ms)

AssetImportParameters requested are different than current active one (requested -> active):
  custom:video-decoder-ogg-theora: a1e56fd34408186e4bbccfd4996cb3dc -> 
  custom:container-muxer-webm: aa71ff27fc2769a1b78a27578f13a17b -> 
  custom:container-demuxer-webm: 4f35f7cbe854078d1ac9338744f61a02 -> 
  custom:video-encoder-webm-vp8: eb34c28f22e8b96e1ab97ce403110664 -> 
  custom:video-codec-MediaFoundation-h265: 746d11721c4dcdbdad8f713fa42b33f4 -> 
  custom:audio-encoder-webm-vorbis: bf7c407c2cedff20999df2af8eb42d56 -> 
  custom:framework-win-MediaFoundation: 216162199b28c13a410421893ffa2e32 -> 
  custom:container-demuxer-ogg: 62fdf1f143b41e24485cea50d1cbac27 -> 
  custom:video-decoder-webm-vp8: 9c59270c3fd7afecdb556c50c9e8de78 -> 
  custom:audio-decoder-ogg-vorbis: bf7c407c2cedff20999df2af8eb42d56 -> 
========================================================================
Received Prepare
Registering precompiled user dll's ...
Registered in 0.015466 seconds.
Begin MonoManager ReloadAssembly
Symbol file LoadedFromMemory doesn't match image C:\Users\1\Documents\GitHub\Seagull-vs-Cats\Library\PackageCache\com.unity.visualscripting@1.8.0\Editor\VisualScripting.Core\Dependencies\YamlDotNet\Unity.VisualScripting.YamlDotNet.dll
Symbol file LoadedFromMemory doesn't match image C:\Users\1\Documents\GitHub\Seagull-vs-Cats\Library\PackageCache\com.unity.visualscripting@1.8.0\Editor\VisualScripting.Core\Dependencies\DotNetZip\Unity.VisualScripting.IonicZip.dll
Native extension for UWP target not found
Native extension for LinuxStandalone target not found
Native extension for WindowsStandalone target not found
Native extension for AppleTV target not found
Native extension for iOS target not found
Native extension for Android target not found
Native extension for OSXStandalone target not found
Native extension for WebGL target not found
Refreshing native plugins compatible for Editor in 1.12 ms, found 4 plugins.
Preloading 0 native plugins for Editor in 0.00 ms.
Mono: successfully reloaded assembly
- Completed reload, in  1.638 seconds
Domain Reload Profiling:
	ReloadAssembly (1639ms)
		BeginReloadAssembly (188ms)
			ExecutionOrderSort (0ms)
			DisableScriptedObjects (13ms)
			BackupInstance (0ms)
			ReleaseScriptingObjects (0ms)
			CreateAndSetChildDomain (50ms)
		EndReloadAssembly (1319ms)
			LoadAssemblies (156ms)
			RebuildTransferFunctionScriptingTraits (0ms)
			SetupTypeCache (352ms)
			ReleaseScriptCaches (3ms)
			RebuildScriptCaches (68ms)
			SetupLoadedEditorAssemblies (687ms)
				LogAssemblyErrors (0ms)
				InitializePlatformSupportModulesInManaged (47ms)
				SetLoadedEditorAssemblies (1ms)
				RefreshPlugins (1ms)
				BeforeProcessingInitializeOnLoad (112ms)
				ProcessInitializeOnLoadAttributes (411ms)
				ProcessInitializeOnLoadMethodAttributes (99ms)
				AfterProcessingInitializeOnLoad (16ms)
				EditorAssembliesLoaded (0ms)
			ExecutionOrderSort2 (0ms)
			AwakeInstancesAfterBackupRestoration (14ms)
Platform modules already initialized, skipping
Refreshing native plugins compatible for Editor in 3.75 ms, found 4 plugins.
Preloading 0 native plugins for Editor in 0.00 ms.
Unloading 5655 Unused Serialized files (Serialized files now loaded: 0)
Unloading 29 unused Assets / (0.8 MB). Loaded Objects now: 6343.
Memory consumption went from 218.2 MB to 217.4 MB.
Total: 5.143700 ms (FindLiveObjects: 0.560700 ms CreateObjectMapping: 0.284600 ms MarkObjects: 3.906600 ms  DeleteObjects: 0.390600 ms)

AssetImportParameters requested are different than current active one (requested -> active):
  custom:video-decoder-ogg-theora: a1e56fd34408186e4bbccfd4996cb3dc -> 
  custom:container-muxer-webm: aa71ff27fc2769a1b78a27578f13a17b -> 
  custom:container-demuxer-webm: 4f35f7cbe854078d1ac9338744f61a02 -> 
  custom:video-encoder-webm-vp8: eb34c28f22e8b96e1ab97ce403110664 -> 
  custom:video-codec-MediaFoundation-h265: 746d11721c4dcdbdad8f713fa42b33f4 -> 
  custom:audio-encoder-webm-vorbis: bf7c407c2cedff20999df2af8eb42d56 -> 
  custom:framework-win-MediaFoundation: 216162199b28c13a410421893ffa2e32 -> 
  custom:container-demuxer-ogg: 62fdf1f143b41e24485cea50d1cbac27 -> 
  custom:video-decoder-webm-vp8: 9c59270c3fd7afecdb556c50c9e8de78 -> 
  custom:audio-decoder-ogg-vorbis: bf7c407c2cedff20999df2af8eb42d56 -> 
========================================================================
Received Prepare
Registering precompiled user dll's ...
Registered in 0.018506 seconds.
Begin MonoManager ReloadAssembly
Symbol file LoadedFromMemory doesn't match image C:\Users\1\Documents\GitHub\Seagull-vs-Cats\Library\PackageCache\com.unity.visualscripting@1.8.0\Editor\VisualScripting.Core\Dependencies\YamlDotNet\Unity.VisualScripting.YamlDotNet.dll
Symbol file LoadedFromMemory doesn't match image C:\Users\1\Documents\GitHub\Seagull-vs-Cats\Library\PackageCache\com.unity.visualscripting@1.8.0\Editor\VisualScripting.Core\Dependencies\DotNetZip\Unity.VisualScripting.IonicZip.dll
Native extension for UWP target not found
Native extension for LinuxStandalone target not found
Native extension for WindowsStandalone target not found
Native extension for AppleTV target not found
Native extension for iOS target not found
Native extension for Android target not found
Native extension for OSXStandalone target not found
Native extension for WebGL target not found
Refreshing native plugins compatible for Editor in 1.18 ms, found 4 plugins.
Preloading 0 native plugins for Editor in 0.00 ms.
Mono: successfully reloaded assembly
- Completed reload, in  1.744 seconds
Domain Reload Profiling:
	ReloadAssembly (1745ms)
		BeginReloadAssembly (219ms)
			ExecutionOrderSort (0ms)
			DisableScriptedObjects (8ms)
			BackupInstance (0ms)
			ReleaseScriptingObjects (0ms)
			CreateAndSetChildDomain (66ms)
		EndReloadAssembly (1395ms)
			LoadAssemblies (162ms)
			RebuildTransferFunctionScriptingTraits (0ms)
			SetupTypeCache (377ms)
			ReleaseScriptCaches (3ms)
			RebuildScriptCaches (76ms)
			SetupLoadedEditorAssemblies (735ms)
				LogAssemblyErrors (0ms)
				InitializePlatformSupportModulesInManaged (46ms)
				SetLoadedEditorAssemblies (1ms)
				RefreshPlugins (1ms)
				BeforeProcessingInitializeOnLoad (134ms)
				ProcessInitializeOnLoadAttributes (437ms)
				ProcessInitializeOnLoadMethodAttributes (106ms)
				AfterProcessingInitializeOnLoad (10ms)
				EditorAssembliesLoaded (0ms)
			ExecutionOrderSort2 (0ms)
			AwakeInstancesAfterBackupRestoration (11ms)
Platform modules already initialized, skipping
Refreshing native plugins compatible for Editor in 3.60 ms, found 4 plugins.
Preloading 0 native plugins for Editor in 0.00 ms.
Unloading 5655 Unused Serialized files (Serialized files now loaded: 0)
Unloading 29 unused Assets / (0.8 MB). Loaded Objects now: 6358.
Memory consumption went from 218.2 MB to 217.4 MB.
Total: 4.975100 ms (FindLiveObjects: 0.534500 ms CreateObjectMapping: 0.297800 ms MarkObjects: 3.743200 ms  DeleteObjects: 0.398500 ms)

AssetImportParameters requested are different than current active one (requested -> active):
  custom:video-decoder-ogg-theora: a1e56fd34408186e4bbccfd4996cb3dc -> 
  custom:container-muxer-webm: aa71ff27fc2769a1b78a27578f13a17b -> 
  custom:container-demuxer-webm: 4f35f7cbe854078d1ac9338744f61a02 -> 
  custom:video-encoder-webm-vp8: eb34c28f22e8b96e1ab97ce403110664 -> 
  custom:video-codec-MediaFoundation-h265: 746d11721c4dcdbdad8f713fa42b33f4 -> 
  custom:audio-encoder-webm-vorbis: bf7c407c2cedff20999df2af8eb42d56 -> 
  custom:framework-win-MediaFoundation: 216162199b28c13a410421893ffa2e32 -> 
  custom:container-demuxer-ogg: 62fdf1f143b41e24485cea50d1cbac27 -> 
  custom:video-decoder-webm-vp8: 9c59270c3fd7afecdb556c50c9e8de78 -> 
  custom:audio-decoder-ogg-vorbis: bf7c407c2cedff20999df2af8eb42d56 -> 
========================================================================
Received Prepare
Registering precompiled user dll's ...
Registered in 0.015338 seconds.
Begin MonoManager ReloadAssembly
Symbol file LoadedFromMemory doesn't match image C:\Users\1\Documents\GitHub\Seagull-vs-Cats\Library\PackageCache\com.unity.visualscripting@1.8.0\Editor\VisualScripting.Core\Dependencies\YamlDotNet\Unity.VisualScripting.YamlDotNet.dll
Symbol file LoadedFromMemory doesn't match image C:\Users\1\Documents\GitHub\Seagull-vs-Cats\Library\PackageCache\com.unity.visualscripting@1.8.0\Editor\VisualScripting.Core\Dependencies\DotNetZip\Unity.VisualScripting.IonicZip.dll
Native extension for UWP target not found
Native extension for LinuxStandalone target not found
Native extension for WindowsStandalone target not found
Native extension for AppleTV target not found
Native extension for iOS target not found
Native extension for Android target not found
Native extension for OSXStandalone target not found
Native extension for WebGL target not found
Refreshing native plugins compatible for Editor in 1.24 ms, found 4 plugins.
Preloading 0 native plugins for Editor in 0.00 ms.
Mono: successfully reloaded assembly
- Completed reload, in  1.623 seconds
Domain Reload Profiling:
	ReloadAssembly (1624ms)
		BeginReloadAssembly (203ms)
			ExecutionOrderSort (0ms)
			DisableScriptedObjects (10ms)
			BackupInstance (0ms)
			ReleaseScriptingObjects (0ms)
			CreateAndSetChildDomain (48ms)
		EndReloadAssembly (1296ms)
			LoadAssemblies (165ms)
			RebuildTransferFunctionScriptingTraits (0ms)
			SetupTypeCache (350ms)
			ReleaseScriptCaches (2ms)
			RebuildScriptCaches (68ms)
			SetupLoadedEditorAssemblies (682ms)
				LogAssemblyErrors (0ms)
				InitializePlatformSupportModulesInManaged (48ms)
				SetLoadedEditorAssemblies (1ms)
				RefreshPlugins (1ms)
				BeforeProcessingInitializeOnLoad (118ms)
				ProcessInitializeOnLoadAttributes (406ms)
				ProcessInitializeOnLoadMethodAttributes (98ms)
				AfterProcessingInitializeOnLoad (10ms)
				EditorAssembliesLoaded (0ms)
			ExecutionOrderSort2 (0ms)
			AwakeInstancesAfterBackupRestoration (10ms)
Platform modules already initialized, skipping
Refreshing native plugins compatible for Editor in 4.19 ms, found 4 plugins.
Preloading 0 native plugins for Editor in 0.00 ms.
Unloading 5655 Unused Serialized files (Serialized files now loaded: 0)
Unloading 29 unused Assets / (0.8 MB). Loaded Objects now: 6373.
Memory consumption went from 218.2 MB to 217.4 MB.
Total: 4.806300 ms (FindLiveObjects: 0.514100 ms CreateObjectMapping: 0.279800 ms MarkObjects: 3.627500 ms  DeleteObjects: 0.383700 ms)

AssetImportParameters requested are different than current active one (requested -> active):
  custom:video-decoder-ogg-theora: a1e56fd34408186e4bbccfd4996cb3dc -> 
  custom:container-muxer-webm: aa71ff27fc2769a1b78a27578f13a17b -> 
  custom:container-demuxer-webm: 4f35f7cbe854078d1ac9338744f61a02 -> 
  custom:video-encoder-webm-vp8: eb34c28f22e8b96e1ab97ce403110664 -> 
  custom:video-codec-MediaFoundation-h265: 746d11721c4dcdbdad8f713fa42b33f4 -> 
  custom:audio-encoder-webm-vorbis: bf7c407c2cedff20999df2af8eb42d56 -> 
  custom:framework-win-MediaFoundation: 216162199b28c13a410421893ffa2e32 -> 
  custom:container-demuxer-ogg: 62fdf1f143b41e24485cea50d1cbac27 -> 
  custom:video-decoder-webm-vp8: 9c59270c3fd7afecdb556c50c9e8de78 -> 
  custom:audio-decoder-ogg-vorbis: bf7c407c2cedff20999df2af8eb42d56 -> 
========================================================================
Received Prepare
Registering precompiled user dll's ...
Registered in 0.015402 seconds.
Begin MonoManager ReloadAssembly
Symbol file LoadedFromMemory doesn't match image C:\Users\1\Documents\GitHub\Seagull-vs-Cats\Library\PackageCache\com.unity.visualscripting@1.8.0\Editor\VisualScripting.Core\Dependencies\YamlDotNet\Unity.VisualScripting.YamlDotNet.dll
Symbol file LoadedFromMemory doesn't match image C:\Users\1\Documents\GitHub\Seagull-vs-Cats\Library\PackageCache\com.unity.visualscripting@1.8.0\Editor\VisualScripting.Core\Dependencies\DotNetZip\Unity.VisualScripting.IonicZip.dll
Native extension for UWP target not found
Native extension for LinuxStandalone target not found
Native extension for WindowsStandalone target not found
Native extension for AppleTV target not found
Native extension for iOS target not found
Native extension for Android target not found
Native extension for OSXStandalone target not found
Native extension for WebGL target not found
Refreshing native plugins compatible for Editor in 2.34 ms, found 4 plugins.
Preloading 0 native plugins for Editor in 0.00 ms.
Mono: successfully reloaded assembly
- Completed reload, in  1.703 seconds
Domain Reload Profiling:
	ReloadAssembly (1704ms)
		BeginReloadAssembly (196ms)
			ExecutionOrderSort (0ms)
			DisableScriptedObjects (8ms)
			BackupInstance (0ms)
			ReleaseScriptingObjects (0ms)
			CreateAndSetChildDomain (49ms)
		EndReloadAssembly (1373ms)
			LoadAssemblies (167ms)
			RebuildTransferFunctionScriptingTraits (0ms)
			SetupTypeCache (359ms)
			ReleaseScriptCaches (3ms)
			RebuildScriptCaches (79ms)
			SetupLoadedEditorAssemblies (716ms)
				LogAssemblyErrors (0ms)
				InitializePlatformSupportModulesInManaged (61ms)
				SetLoadedEditorAssemblies (1ms)
				RefreshPlugins (2ms)
				BeforeProcessingInitializeOnLoad (122ms)
				ProcessInitializeOnLoadAttributes (422ms)
				ProcessInitializeOnLoadMethodAttributes (98ms)
				AfterProcessingInitializeOnLoad (10ms)
				EditorAssembliesLoaded (0ms)
			ExecutionOrderSort2 (0ms)
			AwakeInstancesAfterBackupRestoration (11ms)
Platform modules already initialized, skipping
Refreshing native plugins compatible for Editor in 3.85 ms, found 4 plugins.
Preloading 0 native plugins for Editor in 0.00 ms.
Unloading 5655 Unused Serialized files (Serialized files now loaded: 0)
Unloading 29 unused Assets / (0.8 MB). Loaded Objects now: 6388.
Memory consumption went from 218.2 MB to 217.4 MB.
Total: 5.148300 ms (FindLiveObjects: 0.513100 ms CreateObjectMapping: 0.276700 ms MarkObjects: 3.956000 ms  DeleteObjects: 0.401200 ms)

AssetImportParameters requested are different than current active one (requested -> active):
  custom:video-decoder-ogg-theora: a1e56fd34408186e4bbccfd4996cb3dc -> 
  custom:container-muxer-webm: aa71ff27fc2769a1b78a27578f13a17b -> 
  custom:container-demuxer-webm: 4f35f7cbe854078d1ac9338744f61a02 -> 
  custom:video-encoder-webm-vp8: eb34c28f22e8b96e1ab97ce403110664 -> 
  custom:video-codec-MediaFoundation-h265: 746d11721c4dcdbdad8f713fa42b33f4 -> 
  custom:audio-encoder-webm-vorbis: bf7c407c2cedff20999df2af8eb42d56 -> 
  custom:framework-win-MediaFoundation: 216162199b28c13a410421893ffa2e32 -> 
  custom:container-demuxer-ogg: 62fdf1f143b41e24485cea50d1cbac27 -> 
  custom:video-decoder-webm-vp8: 9c59270c3fd7afecdb556c50c9e8de78 -> 
  custom:audio-decoder-ogg-vorbis: bf7c407c2cedff20999df2af8eb42d56 -> 
========================================================================
Received Prepare
Registering precompiled user dll's ...
Registered in 0.029034 seconds.
Begin MonoManager ReloadAssembly
Symbol file LoadedFromMemory doesn't match image C:\Users\1\Documents\GitHub\Seagull-vs-Cats\Library\PackageCache\com.unity.visualscripting@1.8.0\Editor\VisualScripting.Core\Dependencies\YamlDotNet\Unity.VisualScripting.YamlDotNet.dll
Symbol file LoadedFromMemory doesn't match image C:\Users\1\Documents\GitHub\Seagull-vs-Cats\Library\PackageCache\com.unity.visualscripting@1.8.0\Editor\VisualScripting.Core\Dependencies\DotNetZip\Unity.VisualScripting.IonicZip.dll
Native extension for UWP target not found
Native extension for LinuxStandalone target not found
Native extension for WindowsStandalone target not found
Native extension for AppleTV target not found
Native extension for iOS target not found
Native extension for Android target not found
Native extension for OSXStandalone target not found
Native extension for WebGL target not found
Refreshing native plugins compatible for Editor in 1.19 ms, found 4 plugins.
Preloading 0 native plugins for Editor in 0.00 ms.
Mono: successfully reloaded assembly
- Completed reload, in  1.687 seconds
Domain Reload Profiling:
	ReloadAssembly (1687ms)
		BeginReloadAssembly (204ms)
			ExecutionOrderSort (0ms)
			DisableScriptedObjects (8ms)
			BackupInstance (0ms)
			ReleaseScriptingObjects (0ms)
			CreateAndSetChildDomain (53ms)
		EndReloadAssembly (1357ms)
			LoadAssemblies (167ms)
			RebuildTransferFunctionScriptingTraits (0ms)
			SetupTypeCache (397ms)
			ReleaseScriptCaches (2ms)
			RebuildScriptCaches (70ms)
			SetupLoadedEditorAssemblies (684ms)
				LogAssemblyErrors (0ms)
				InitializePlatformSupportModulesInManaged (48ms)
				SetLoadedEditorAssemblies (1ms)
				RefreshPlugins (1ms)
				BeforeProcessingInitializeOnLoad (117ms)
				ProcessInitializeOnLoadAttributes (405ms)
				ProcessInitializeOnLoadMethodAttributes (97ms)
				AfterProcessingInitializeOnLoad (15ms)
				EditorAssembliesLoaded (0ms)
			ExecutionOrderSort2 (0ms)
			AwakeInstancesAfterBackupRestoration (10ms)
Platform modules already initialized, skipping
Refreshing native plugins compatible for Editor in 3.74 ms, found 4 plugins.
Preloading 0 native plugins for Editor in 0.00 ms.
Unloading 5655 Unused Serialized files (Serialized files now loaded: 0)
Unloading 29 unused Assets / (0.8 MB). Loaded Objects now: 6403.
Memory consumption went from 218.3 MB to 217.5 MB.
Total: 4.934500 ms (FindLiveObjects: 0.531500 ms CreateObjectMapping: 0.289800 ms MarkObjects: 3.695600 ms  DeleteObjects: 0.416300 ms)

AssetImportParameters requested are different than current active one (requested -> active):
  custom:video-decoder-ogg-theora: a1e56fd34408186e4bbccfd4996cb3dc -> 
  custom:container-muxer-webm: aa71ff27fc2769a1b78a27578f13a17b -> 
  custom:container-demuxer-webm: 4f35f7cbe854078d1ac9338744f61a02 -> 
  custom:video-encoder-webm-vp8: eb34c28f22e8b96e1ab97ce403110664 -> 
  custom:video-codec-MediaFoundation-h265: 746d11721c4dcdbdad8f713fa42b33f4 -> 
  custom:audio-encoder-webm-vorbis: bf7c407c2cedff20999df2af8eb42d56 -> 
  custom:framework-win-MediaFoundation: 216162199b28c13a410421893ffa2e32 -> 
  custom:container-demuxer-ogg: 62fdf1f143b41e24485cea50d1cbac27 -> 
  custom:video-decoder-webm-vp8: 9c59270c3fd7afecdb556c50c9e8de78 -> 
  custom:audio-decoder-ogg-vorbis: bf7c407c2cedff20999df2af8eb42d56 -> 
========================================================================
Received Prepare
Registering precompiled user dll's ...
Registered in 0.014918 seconds.
Begin MonoManager ReloadAssembly
Symbol file LoadedFromMemory doesn't match image C:\Users\1\Documents\GitHub\Seagull-vs-Cats\Library\PackageCache\com.unity.visualscripting@1.8.0\Editor\VisualScripting.Core\Dependencies\YamlDotNet\Unity.VisualScripting.YamlDotNet.dll
Symbol file LoadedFromMemory doesn't match image C:\Users\1\Documents\GitHub\Seagull-vs-Cats\Library\PackageCache\com.unity.visualscripting@1.8.0\Editor\VisualScripting.Core\Dependencies\DotNetZip\Unity.VisualScripting.IonicZip.dll
Native extension for UWP target not found
Native extension for LinuxStandalone target not found
Native extension for WindowsStandalone target not found
Native extension for AppleTV target not found
Native extension for iOS target not found
Native extension for Android target not found
Native extension for OSXStandalone target not found
Native extension for WebGL target not found
Refreshing native plugins compatible for Editor in 1.18 ms, found 4 plugins.
Preloading 0 native plugins for Editor in 0.00 ms.
Mono: successfully reloaded assembly
- Completed reload, in  1.627 seconds
Domain Reload Profiling:
	ReloadAssembly (1628ms)
		BeginReloadAssembly (194ms)
			ExecutionOrderSort (0ms)
			DisableScriptedObjects (8ms)
			BackupInstance (0ms)
			ReleaseScriptingObjects (0ms)
			CreateAndSetChildDomain (51ms)
		EndReloadAssembly (1303ms)
			LoadAssemblies (164ms)
			RebuildTransferFunctionScriptingTraits (0ms)
			SetupTypeCache (348ms)
			ReleaseScriptCaches (3ms)
			RebuildScriptCaches (69ms)
			SetupLoadedEditorAssemblies (675ms)
				LogAssemblyErrors (0ms)
				InitializePlatformSupportModulesInManaged (49ms)
				SetLoadedEditorAssemblies (1ms)
				RefreshPlugins (1ms)
				BeforeProcessingInitializeOnLoad (116ms)
				ProcessInitializeOnLoadAttributes (401ms)
				ProcessInitializeOnLoadMethodAttributes (97ms)
				AfterProcessingInitializeOnLoad (10ms)
				EditorAssembliesLoaded (0ms)
			ExecutionOrderSort2 (0ms)
			AwakeInstancesAfterBackupRestoration (11ms)
Platform modules already initialized, skipping
Refreshing native plugins compatible for Editor in 3.67 ms, found 4 plugins.
Preloading 0 native plugins for Editor in 0.00 ms.
Unloading 5655 Unused Serialized files (Serialized files now loaded: 0)
Unloading 29 unused Assets / (0.8 MB). Loaded Objects now: 6418.
Memory consumption went from 218.3 MB to 217.5 MB.
Total: 4.929100 ms (FindLiveObjects: 0.527600 ms CreateObjectMapping: 0.280300 ms MarkObjects: 3.715500 ms  DeleteObjects: 0.403900 ms)

AssetImportParameters requested are different than current active one (requested -> active):
  custom:video-decoder-ogg-theora: a1e56fd34408186e4bbccfd4996cb3dc -> 
  custom:container-muxer-webm: aa71ff27fc2769a1b78a27578f13a17b -> 
  custom:container-demuxer-webm: 4f35f7cbe854078d1ac9338744f61a02 -> 
  custom:video-encoder-webm-vp8: eb34c28f22e8b96e1ab97ce403110664 -> 
  custom:video-codec-MediaFoundation-h265: 746d11721c4dcdbdad8f713fa42b33f4 -> 
  custom:audio-encoder-webm-vorbis: bf7c407c2cedff20999df2af8eb42d56 -> 
  custom:framework-win-MediaFoundation: 216162199b28c13a410421893ffa2e32 -> 
  custom:container-demuxer-ogg: 62fdf1f143b41e24485cea50d1cbac27 -> 
  custom:video-decoder-webm-vp8: 9c59270c3fd7afecdb556c50c9e8de78 -> 
  custom:audio-decoder-ogg-vorbis: bf7c407c2cedff20999df2af8eb42d56 -> 
========================================================================
Received Prepare
Registering precompiled user dll's ...
Registered in 0.016617 seconds.
Begin MonoManager ReloadAssembly
Symbol file LoadedFromMemory doesn't match image C:\Users\1\Documents\GitHub\Seagull-vs-Cats\Library\PackageCache\com.unity.visualscripting@1.8.0\Editor\VisualScripting.Core\Dependencies\YamlDotNet\Unity.VisualScripting.YamlDotNet.dll
Symbol file LoadedFromMemory doesn't match image C:\Users\1\Documents\GitHub\Seagull-vs-Cats\Library\PackageCache\com.unity.visualscripting@1.8.0\Editor\VisualScripting.Core\Dependencies\DotNetZip\Unity.VisualScripting.IonicZip.dll
Native extension for UWP target not found
Native extension for LinuxStandalone target not found
Native extension for WindowsStandalone target not found
Native extension for AppleTV target not found
Native extension for iOS target not found
Native extension for Android target not found
Native extension for OSXStandalone target not found
Native extension for WebGL target not found
Refreshing native plugins compatible for Editor in 1.61 ms, found 4 plugins.
Preloading 0 native plugins for Editor in 0.00 ms.
Mono: successfully reloaded assembly
- Completed reload, in  1.712 seconds
Domain Reload Profiling:
	ReloadAssembly (1713ms)
		BeginReloadAssembly (200ms)
			ExecutionOrderSort (0ms)
			DisableScriptedObjects (8ms)
			BackupInstance (0ms)
			ReleaseScriptingObjects (0ms)
			CreateAndSetChildDomain (61ms)
		EndReloadAssembly (1380ms)
			LoadAssemblies (154ms)
			RebuildTransferFunctionScriptingTraits (0ms)
			SetupTypeCache (372ms)
			ReleaseScriptCaches (2ms)
			RebuildScriptCaches (71ms)
			SetupLoadedEditorAssemblies (727ms)
				LogAssemblyErrors (0ms)
				InitializePlatformSupportModulesInManaged (57ms)
				SetLoadedEditorAssemblies (1ms)
				RefreshPlugins (2ms)
				BeforeProcessingInitializeOnLoad (125ms)
				ProcessInitializeOnLoadAttributes (435ms)
				ProcessInitializeOnLoadMethodAttributes (97ms)
				AfterProcessingInitializeOnLoad (10ms)
				EditorAssembliesLoaded (0ms)
			ExecutionOrderSort2 (0ms)
			AwakeInstancesAfterBackupRestoration (11ms)
Platform modules already initialized, skipping
Refreshing native plugins compatible for Editor in 3.88 ms, found 4 plugins.
Preloading 0 native plugins for Editor in 0.00 ms.
Unloading 5655 Unused Serialized files (Serialized files now loaded: 0)
Unloading 29 unused Assets / (0.8 MB). Loaded Objects now: 6433.
Memory consumption went from 218.3 MB to 217.5 MB.
Total: 5.049200 ms (FindLiveObjects: 0.523000 ms CreateObjectMapping: 0.280500 ms MarkObjects: 3.704400 ms  DeleteObjects: 0.539800 ms)

AssetImportParameters requested are different than current active one (requested -> active):
  custom:video-decoder-ogg-theora: a1e56fd34408186e4bbccfd4996cb3dc -> 
  custom:container-muxer-webm: aa71ff27fc2769a1b78a27578f13a17b -> 
  custom:container-demuxer-webm: 4f35f7cbe854078d1ac9338744f61a02 -> 
  custom:video-encoder-webm-vp8: eb34c28f22e8b96e1ab97ce403110664 -> 
  custom:video-codec-MediaFoundation-h265: 746d11721c4dcdbdad8f713fa42b33f4 -> 
  custom:audio-encoder-webm-vorbis: bf7c407c2cedff20999df2af8eb42d56 -> 
  custom:framework-win-MediaFoundation: 216162199b28c13a410421893ffa2e32 -> 
  custom:container-demuxer-ogg: 62fdf1f143b41e24485cea50d1cbac27 -> 
  custom:video-decoder-webm-vp8: 9c59270c3fd7afecdb556c50c9e8de78 -> 
  custom:audio-decoder-ogg-vorbis: bf7c407c2cedff20999df2af8eb42d56 -> 
========================================================================
Received Prepare
Registering precompiled user dll's ...
Registered in 0.016856 seconds.
Begin MonoManager ReloadAssembly
Symbol file LoadedFromMemory doesn't match image C:\Users\1\Documents\GitHub\Seagull-vs-Cats\Library\PackageCache\com.unity.visualscripting@1.8.0\Editor\VisualScripting.Core\Dependencies\YamlDotNet\Unity.VisualScripting.YamlDotNet.dll
Symbol file LoadedFromMemory doesn't match image C:\Users\1\Documents\GitHub\Seagull-vs-Cats\Library\PackageCache\com.unity.visualscripting@1.8.0\Editor\VisualScripting.Core\Dependencies\DotNetZip\Unity.VisualScripting.IonicZip.dll
Native extension for UWP target not found
Native extension for LinuxStandalone target not found
Native extension for WindowsStandalone target not found
Native extension for AppleTV target not found
Native extension for iOS target not found
Native extension for Android target not found
Native extension for OSXStandalone target not found
Native extension for WebGL target not found
Refreshing native plugins compatible for Editor in 1.45 ms, found 4 plugins.
Preloading 0 native plugins for Editor in 0.00 ms.
Mono: successfully reloaded assembly
- Completed reload, in  1.640 seconds
Domain Reload Profiling:
	ReloadAssembly (1641ms)
		BeginReloadAssembly (187ms)
			ExecutionOrderSort (0ms)
			DisableScriptedObjects (8ms)
			BackupInstance (0ms)
			ReleaseScriptingObjects (0ms)
			CreateAndSetChildDomain (47ms)
		EndReloadAssembly (1332ms)
			LoadAssemblies (155ms)
			RebuildTransferFunctionScriptingTraits (0ms)
			SetupTypeCache (362ms)
			ReleaseScriptCaches (2ms)
			RebuildScriptCaches (74ms)
			SetupLoadedEditorAssemblies (694ms)
				LogAssemblyErrors (0ms)
				InitializePlatformSupportModulesInManaged (54ms)
				SetLoadedEditorAssemblies (1ms)
				RefreshPlugins (2ms)
				BeforeProcessingInitializeOnLoad (115ms)
				ProcessInitializeOnLoadAttributes (411ms)
				ProcessInitializeOnLoadMethodAttributes (102ms)
				AfterProcessingInitializeOnLoad (10ms)
				EditorAssembliesLoaded (0ms)
			ExecutionOrderSort2 (0ms)
			AwakeInstancesAfterBackupRestoration (10ms)
Platform modules already initialized, skipping
Refreshing native plugins compatible for Editor in 5.56 ms, found 4 plugins.
Preloading 0 native plugins for Editor in 0.00 ms.
Unloading 5655 Unused Serialized files (Serialized files now loaded: 0)
Unloading 29 unused Assets / (0.8 MB). Loaded Objects now: 6448.
Memory consumption went from 218.3 MB to 217.5 MB.
Total: 5.018100 ms (FindLiveObjects: 0.537100 ms CreateObjectMapping: 0.280000 ms MarkObjects: 3.782900 ms  DeleteObjects: 0.416500 ms)

AssetImportParameters requested are different than current active one (requested -> active):
  custom:video-decoder-ogg-theora: a1e56fd34408186e4bbccfd4996cb3dc -> 
  custom:container-muxer-webm: aa71ff27fc2769a1b78a27578f13a17b -> 
  custom:container-demuxer-webm: 4f35f7cbe854078d1ac9338744f61a02 -> 
  custom:video-encoder-webm-vp8: eb34c28f22e8b96e1ab97ce403110664 -> 
  custom:video-codec-MediaFoundation-h265: 746d11721c4dcdbdad8f713fa42b33f4 -> 
  custom:audio-encoder-webm-vorbis: bf7c407c2cedff20999df2af8eb42d56 -> 
  custom:framework-win-MediaFoundation: 216162199b28c13a410421893ffa2e32 -> 
  custom:container-demuxer-ogg: 62fdf1f143b41e24485cea50d1cbac27 -> 
  custom:video-decoder-webm-vp8: 9c59270c3fd7afecdb556c50c9e8de78 -> 
  custom:audio-decoder-ogg-vorbis: bf7c407c2cedff20999df2af8eb42d56 -> 
========================================================================
Received Prepare
Registering precompiled user dll's ...
Registered in 0.015150 seconds.
Begin MonoManager ReloadAssembly
Symbol file LoadedFromMemory doesn't match image C:\Users\1\Documents\GitHub\Seagull-vs-Cats\Library\PackageCache\com.unity.visualscripting@1.8.0\Editor\VisualScripting.Core\Dependencies\YamlDotNet\Unity.VisualScripting.YamlDotNet.dll
Symbol file LoadedFromMemory doesn't match image C:\Users\1\Documents\GitHub\Seagull-vs-Cats\Library\PackageCache\com.unity.visualscripting@1.8.0\Editor\VisualScripting.Core\Dependencies\DotNetZip\Unity.VisualScripting.IonicZip.dll
Native extension for UWP target not found
Native extension for LinuxStandalone target not found
Native extension for WindowsStandalone target not found
Native extension for AppleTV target not found
Native extension for iOS target not found
Native extension for Android target not found
Native extension for OSXStandalone target not found
Native extension for WebGL target not found
Refreshing native plugins compatible for Editor in 1.18 ms, found 4 plugins.
Preloading 0 native plugins for Editor in 0.00 ms.
Mono: successfully reloaded assembly
- Completed reload, in  1.672 seconds
Domain Reload Profiling:
	ReloadAssembly (1673ms)
		BeginReloadAssembly (194ms)
			ExecutionOrderSort (0ms)
			DisableScriptedObjects (8ms)
			BackupInstance (0ms)
			ReleaseScriptingObjects (0ms)
			CreateAndSetChildDomain (48ms)
		EndReloadAssembly (1344ms)
			LoadAssemblies (162ms)
			RebuildTransferFunctionScriptingTraits (0ms)
			SetupTypeCache (352ms)
			ReleaseScriptCaches (4ms)
			RebuildScriptCaches (84ms)
			SetupLoadedEditorAssemblies (683ms)
				LogAssemblyErrors (0ms)
				InitializePlatformSupportModulesInManaged (53ms)
				SetLoadedEditorAssemblies (1ms)
				RefreshPlugins (1ms)
				BeforeProcessingInitializeOnLoad (112ms)
				ProcessInitializeOnLoadAttributes (410ms)
				ProcessInitializeOnLoadMethodAttributes (96ms)
				AfterProcessingInitializeOnLoad (10ms)
				EditorAssembliesLoaded (0ms)
			ExecutionOrderSort2 (0ms)
			AwakeInstancesAfterBackupRestoration (10ms)
Platform modules already initialized, skipping
Refreshing native plugins compatible for Editor in 4.13 ms, found 4 plugins.
Preloading 0 native plugins for Editor in 0.00 ms.
Unloading 5655 Unused Serialized files (Serialized files now loaded: 0)
Unloading 29 unused Assets / (0.8 MB). Loaded Objects now: 6463.
Memory consumption went from 218.3 MB to 217.5 MB.
Total: 4.956500 ms (FindLiveObjects: 0.583100 ms CreateObjectMapping: 0.296300 ms MarkObjects: 3.679500 ms  DeleteObjects: 0.396400 ms)

AssetImportParameters requested are different than current active one (requested -> active):
  custom:video-decoder-ogg-theora: a1e56fd34408186e4bbccfd4996cb3dc -> 
  custom:container-muxer-webm: aa71ff27fc2769a1b78a27578f13a17b -> 
  custom:container-demuxer-webm: 4f35f7cbe854078d1ac9338744f61a02 -> 
  custom:video-encoder-webm-vp8: eb34c28f22e8b96e1ab97ce403110664 -> 
  custom:video-codec-MediaFoundation-h265: 746d11721c4dcdbdad8f713fa42b33f4 -> 
  custom:audio-encoder-webm-vorbis: bf7c407c2cedff20999df2af8eb42d56 -> 
  custom:framework-win-MediaFoundation: 216162199b28c13a410421893ffa2e32 -> 
  custom:container-demuxer-ogg: 62fdf1f143b41e24485cea50d1cbac27 -> 
  custom:video-decoder-webm-vp8: 9c59270c3fd7afecdb556c50c9e8de78 -> 
  custom:audio-decoder-ogg-vorbis: bf7c407c2cedff20999df2af8eb42d56 -> 
========================================================================
Received Prepare
Registering precompiled user dll's ...
Registered in 0.014198 seconds.
Begin MonoManager ReloadAssembly
Symbol file LoadedFromMemory doesn't match image C:\Users\1\Documents\GitHub\Seagull-vs-Cats\Library\PackageCache\com.unity.visualscripting@1.8.0\Editor\VisualScripting.Core\Dependencies\YamlDotNet\Unity.VisualScripting.YamlDotNet.dll
Symbol file LoadedFromMemory doesn't match image C:\Users\1\Documents\GitHub\Seagull-vs-Cats\Library\PackageCache\com.unity.visualscripting@1.8.0\Editor\VisualScripting.Core\Dependencies\DotNetZip\Unity.VisualScripting.IonicZip.dll
Native extension for UWP target not found
Native extension for LinuxStandalone target not found
Native extension for WindowsStandalone target not found
Native extension for AppleTV target not found
Native extension for iOS target not found
Native extension for Android target not found
Native extension for OSXStandalone target not found
Native extension for WebGL target not found
Refreshing native plugins compatible for Editor in 1.35 ms, found 4 plugins.
Preloading 0 native plugins for Editor in 0.00 ms.
Mono: successfully reloaded assembly
- Completed reload, in  1.743 seconds
Domain Reload Profiling:
	ReloadAssembly (1744ms)
		BeginReloadAssembly (196ms)
			ExecutionOrderSort (0ms)
			DisableScriptedObjects (8ms)
			BackupInstance (0ms)
			ReleaseScriptingObjects (0ms)
			CreateAndSetChildDomain (49ms)
		EndReloadAssembly (1417ms)
			LoadAssemblies (146ms)
			RebuildTransferFunctionScriptingTraits (0ms)
			SetupTypeCache (364ms)
			ReleaseScriptCaches (4ms)
			RebuildScriptCaches (72ms)
			SetupLoadedEditorAssemblies (775ms)
				LogAssemblyErrors (0ms)
				InitializePlatformSupportModulesInManaged (81ms)
				SetLoadedEditorAssemblies (1ms)
				RefreshPlugins (1ms)
				BeforeProcessingInitializeOnLoad (130ms)
				ProcessInitializeOnLoadAttributes (427ms)
				ProcessInitializeOnLoadMethodAttributes (125ms)
				AfterProcessingInitializeOnLoad (10ms)
				EditorAssembliesLoaded (0ms)
			ExecutionOrderSort2 (0ms)
			AwakeInstancesAfterBackupRestoration (11ms)
Platform modules already initialized, skipping
Refreshing native plugins compatible for Editor in 5.09 ms, found 4 plugins.
Preloading 0 native plugins for Editor in 0.00 ms.
Unloading 5655 Unused Serialized files (Serialized files now loaded: 0)
Unloading 29 unused Assets / (0.8 MB). Loaded Objects now: 6478.
Memory consumption went from 218.3 MB to 217.5 MB.
Total: 5.006500 ms (FindLiveObjects: 0.539200 ms CreateObjectMapping: 0.291800 ms MarkObjects: 3.746100 ms  DeleteObjects: 0.428100 ms)

AssetImportParameters requested are different than current active one (requested -> active):
  custom:video-decoder-ogg-theora: a1e56fd34408186e4bbccfd4996cb3dc -> 
  custom:container-muxer-webm: aa71ff27fc2769a1b78a27578f13a17b -> 
  custom:container-demuxer-webm: 4f35f7cbe854078d1ac9338744f61a02 -> 
  custom:video-encoder-webm-vp8: eb34c28f22e8b96e1ab97ce403110664 -> 
  custom:video-codec-MediaFoundation-h265: 746d11721c4dcdbdad8f713fa42b33f4 -> 
  custom:audio-encoder-webm-vorbis: bf7c407c2cedff20999df2af8eb42d56 -> 
  custom:framework-win-MediaFoundation: 216162199b28c13a410421893ffa2e32 -> 
  custom:container-demuxer-ogg: 62fdf1f143b41e24485cea50d1cbac27 -> 
  custom:video-decoder-webm-vp8: 9c59270c3fd7afecdb556c50c9e8de78 -> 
  custom:audio-decoder-ogg-vorbis: bf7c407c2cedff20999df2af8eb42d56 -> 
========================================================================
Received Prepare
Registering precompiled user dll's ...
Registered in 0.015560 seconds.
Begin MonoManager ReloadAssembly
Symbol file LoadedFromMemory doesn't match image C:\Users\1\Documents\GitHub\Seagull-vs-Cats\Library\PackageCache\com.unity.visualscripting@1.8.0\Editor\VisualScripting.Core\Dependencies\YamlDotNet\Unity.VisualScripting.YamlDotNet.dll
Symbol file LoadedFromMemory doesn't match image C:\Users\1\Documents\GitHub\Seagull-vs-Cats\Library\PackageCache\com.unity.visualscripting@1.8.0\Editor\VisualScripting.Core\Dependencies\DotNetZip\Unity.VisualScripting.IonicZip.dll
Native extension for UWP target not found
Native extension for LinuxStandalone target not found
Native extension for WindowsStandalone target not found
Native extension for AppleTV target not found
Native extension for iOS target not found
Native extension for Android target not found
Native extension for OSXStandalone target not found
Native extension for WebGL target not found
Refreshing native plugins compatible for Editor in 1.07 ms, found 4 plugins.
Preloading 0 native plugins for Editor in 0.00 ms.
Mono: successfully reloaded assembly
- Completed reload, in  1.665 seconds
Domain Reload Profiling:
	ReloadAssembly (1666ms)
		BeginReloadAssembly (217ms)
			ExecutionOrderSort (0ms)
			DisableScriptedObjects (8ms)
			BackupInstance (0ms)
			ReleaseScriptingObjects (0ms)
			CreateAndSetChildDomain (61ms)
		EndReloadAssembly (1306ms)
			LoadAssemblies (168ms)
			RebuildTransferFunctionScriptingTraits (0ms)
			SetupTypeCache (354ms)
			ReleaseScriptCaches (2ms)
			RebuildScriptCaches (70ms)
			SetupLoadedEditorAssemblies (680ms)
				LogAssemblyErrors (0ms)
				InitializePlatformSupportModulesInManaged (46ms)
				SetLoadedEditorAssemblies (1ms)
				RefreshPlugins (1ms)
				BeforeProcessingInitializeOnLoad (111ms)
				ProcessInitializeOnLoadAttributes (412ms)
				ProcessInitializeOnLoadMethodAttributes (101ms)
				AfterProcessingInitializeOnLoad (10ms)
				EditorAssembliesLoaded (0ms)
			ExecutionOrderSort2 (0ms)
			AwakeInstancesAfterBackupRestoration (10ms)
Platform modules already initialized, skipping
Refreshing native plugins compatible for Editor in 3.79 ms, found 4 plugins.
Preloading 0 native plugins for Editor in 0.00 ms.
Unloading 5655 Unused Serialized files (Serialized files now loaded: 0)
Unloading 29 unused Assets / (0.8 MB). Loaded Objects now: 6493.
Memory consumption went from 218.4 MB to 217.6 MB.
Total: 5.646300 ms (FindLiveObjects: 0.531200 ms CreateObjectMapping: 0.281200 ms MarkObjects: 4.402300 ms  DeleteObjects: 0.430500 ms)

AssetImportParameters requested are different than current active one (requested -> active):
  custom:video-decoder-ogg-theora: a1e56fd34408186e4bbccfd4996cb3dc -> 
  custom:container-muxer-webm: aa71ff27fc2769a1b78a27578f13a17b -> 
  custom:container-demuxer-webm: 4f35f7cbe854078d1ac9338744f61a02 -> 
  custom:video-encoder-webm-vp8: eb34c28f22e8b96e1ab97ce403110664 -> 
  custom:video-codec-MediaFoundation-h265: 746d11721c4dcdbdad8f713fa42b33f4 -> 
  custom:audio-encoder-webm-vorbis: bf7c407c2cedff20999df2af8eb42d56 -> 
  custom:framework-win-MediaFoundation: 216162199b28c13a410421893ffa2e32 -> 
  custom:container-demuxer-ogg: 62fdf1f143b41e24485cea50d1cbac27 -> 
  custom:video-decoder-webm-vp8: 9c59270c3fd7afecdb556c50c9e8de78 -> 
  custom:audio-decoder-ogg-vorbis: bf7c407c2cedff20999df2af8eb42d56 -> 
========================================================================
Received Prepare
Registering precompiled user dll's ...
Registered in 0.015560 seconds.
Begin MonoManager ReloadAssembly
Symbol file LoadedFromMemory doesn't match image C:\Users\1\Documents\GitHub\Seagull-vs-Cats\Library\PackageCache\com.unity.visualscripting@1.8.0\Editor\VisualScripting.Core\Dependencies\YamlDotNet\Unity.VisualScripting.YamlDotNet.dll
Symbol file LoadedFromMemory doesn't match image C:\Users\1\Documents\GitHub\Seagull-vs-Cats\Library\PackageCache\com.unity.visualscripting@1.8.0\Editor\VisualScripting.Core\Dependencies\DotNetZip\Unity.VisualScripting.IonicZip.dll
Native extension for UWP target not found
Native extension for LinuxStandalone target not found
Native extension for WindowsStandalone target not found
Native extension for AppleTV target not found
Native extension for iOS target not found
Native extension for Android target not found
Native extension for OSXStandalone target not found
Native extension for WebGL target not found
Refreshing native plugins compatible for Editor in 1.21 ms, found 4 plugins.
Preloading 0 native plugins for Editor in 0.00 ms.
Mono: successfully reloaded assembly
- Completed reload, in  1.662 seconds
Domain Reload Profiling:
	ReloadAssembly (1663ms)
		BeginReloadAssembly (185ms)
			ExecutionOrderSort (0ms)
			DisableScriptedObjects (8ms)
			BackupInstance (0ms)
			ReleaseScriptingObjects (0ms)
			CreateAndSetChildDomain (53ms)
		EndReloadAssembly (1345ms)
			LoadAssemblies (130ms)
			RebuildTransferFunctionScriptingTraits (0ms)
			SetupTypeCache (394ms)
			ReleaseScriptCaches (3ms)
			RebuildScriptCaches (66ms)
			SetupLoadedEditorAssemblies (687ms)
				LogAssemblyErrors (0ms)
				InitializePlatformSupportModulesInManaged (48ms)
				SetLoadedEditorAssemblies (1ms)
				RefreshPlugins (1ms)
				BeforeProcessingInitializeOnLoad (115ms)
				ProcessInitializeOnLoadAttributes (415ms)
				ProcessInitializeOnLoadMethodAttributes (97ms)
				AfterProcessingInitializeOnLoad (10ms)
				EditorAssembliesLoaded (0ms)
			ExecutionOrderSort2 (0ms)
			AwakeInstancesAfterBackupRestoration (15ms)
Platform modules already initialized, skipping
Refreshing native plugins compatible for Editor in 5.62 ms, found 4 plugins.
Preloading 0 native plugins for Editor in 0.00 ms.
Unloading 5655 Unused Serialized files (Serialized files now loaded: 0)
Unloading 29 unused Assets / (0.8 MB). Loaded Objects now: 6508.
Memory consumption went from 218.3 MB to 217.6 MB.
Total: 5.000900 ms (FindLiveObjects: 0.590900 ms CreateObjectMapping: 0.286900 ms MarkObjects: 3.718300 ms  DeleteObjects: 0.403600 ms)

AssetImportParameters requested are different than current active one (requested -> active):
  custom:video-decoder-ogg-theora: a1e56fd34408186e4bbccfd4996cb3dc -> 
  custom:container-muxer-webm: aa71ff27fc2769a1b78a27578f13a17b -> 
  custom:container-demuxer-webm: 4f35f7cbe854078d1ac9338744f61a02 -> 
  custom:video-encoder-webm-vp8: eb34c28f22e8b96e1ab97ce403110664 -> 
  custom:video-codec-MediaFoundation-h265: 746d11721c4dcdbdad8f713fa42b33f4 -> 
  custom:audio-encoder-webm-vorbis: bf7c407c2cedff20999df2af8eb42d56 -> 
  custom:framework-win-MediaFoundation: 216162199b28c13a410421893ffa2e32 -> 
  custom:container-demuxer-ogg: 62fdf1f143b41e24485cea50d1cbac27 -> 
  custom:video-decoder-webm-vp8: 9c59270c3fd7afecdb556c50c9e8de78 -> 
  custom:audio-decoder-ogg-vorbis: bf7c407c2cedff20999df2af8eb42d56 -> 
========================================================================
Received Prepare
Registering precompiled user dll's ...
Registered in 0.016684 seconds.
Begin MonoManager ReloadAssembly
Symbol file LoadedFromMemory doesn't match image C:\Users\1\Documents\GitHub\Seagull-vs-Cats\Library\PackageCache\com.unity.visualscripting@1.8.0\Editor\VisualScripting.Core\Dependencies\YamlDotNet\Unity.VisualScripting.YamlDotNet.dll
Symbol file LoadedFromMemory doesn't match image C:\Users\1\Documents\GitHub\Seagull-vs-Cats\Library\PackageCache\com.unity.visualscripting@1.8.0\Editor\VisualScripting.Core\Dependencies\DotNetZip\Unity.VisualScripting.IonicZip.dll
Native extension for UWP target not found
Native extension for LinuxStandalone target not found
Native extension for WindowsStandalone target not found
Native extension for AppleTV target not found
Native extension for iOS target not found
Native extension for Android target not found
Native extension for OSXStandalone target not found
Native extension for WebGL target not found
Refreshing native plugins compatible for Editor in 1.18 ms, found 4 plugins.
Preloading 0 native plugins for Editor in 0.00 ms.
Mono: successfully reloaded assembly
- Completed reload, in  1.633 seconds
Domain Reload Profiling:
	ReloadAssembly (1633ms)
		BeginReloadAssembly (180ms)
			ExecutionOrderSort (0ms)
			DisableScriptedObjects (10ms)
			BackupInstance (0ms)
			ReleaseScriptingObjects (0ms)
			CreateAndSetChildDomain (46ms)
		EndReloadAssembly (1333ms)
			LoadAssemblies (131ms)
			RebuildTransferFunctionScriptingTraits (0ms)
			SetupTypeCache (363ms)
			ReleaseScriptCaches (2ms)
			RebuildScriptCaches (73ms)
			SetupLoadedEditorAssemblies (709ms)
				LogAssemblyErrors (0ms)
				InitializePlatformSupportModulesInManaged (47ms)
				SetLoadedEditorAssemblies (1ms)
				RefreshPlugins (1ms)
				BeforeProcessingInitializeOnLoad (115ms)
				ProcessInitializeOnLoadAttributes (427ms)
				ProcessInitializeOnLoadMethodAttributes (108ms)
				AfterProcessingInitializeOnLoad (10ms)
				EditorAssembliesLoaded (0ms)
			ExecutionOrderSort2 (0ms)
			AwakeInstancesAfterBackupRestoration (10ms)
Platform modules already initialized, skipping
Refreshing native plugins compatible for Editor in 6.06 ms, found 4 plugins.
Preloading 0 native plugins for Editor in 0.00 ms.
Unloading 5655 Unused Serialized files (Serialized files now loaded: 0)
Unloading 29 unused Assets / (0.8 MB). Loaded Objects now: 6523.
Memory consumption went from 218.4 MB to 217.6 MB.
Total: 4.960900 ms (FindLiveObjects: 0.578800 ms CreateObjectMapping: 0.286700 ms MarkObjects: 3.688800 ms  DeleteObjects: 0.405200 ms)

AssetImportParameters requested are different than current active one (requested -> active):
  custom:video-decoder-ogg-theora: a1e56fd34408186e4bbccfd4996cb3dc -> 
  custom:container-muxer-webm: aa71ff27fc2769a1b78a27578f13a17b -> 
  custom:container-demuxer-webm: 4f35f7cbe854078d1ac9338744f61a02 -> 
  custom:video-encoder-webm-vp8: eb34c28f22e8b96e1ab97ce403110664 -> 
  custom:video-codec-MediaFoundation-h265: 746d11721c4dcdbdad8f713fa42b33f4 -> 
  custom:audio-encoder-webm-vorbis: bf7c407c2cedff20999df2af8eb42d56 -> 
  custom:framework-win-MediaFoundation: 216162199b28c13a410421893ffa2e32 -> 
  custom:container-demuxer-ogg: 62fdf1f143b41e24485cea50d1cbac27 -> 
  custom:video-decoder-webm-vp8: 9c59270c3fd7afecdb556c50c9e8de78 -> 
  custom:audio-decoder-ogg-vorbis: bf7c407c2cedff20999df2af8eb42d56 -> 
========================================================================
Received Prepare
Registering precompiled user dll's ...
Registered in 0.014493 seconds.
Begin MonoManager ReloadAssembly
Symbol file LoadedFromMemory doesn't match image C:\Users\1\Documents\GitHub\Seagull-vs-Cats\Library\PackageCache\com.unity.visualscripting@1.8.0\Editor\VisualScripting.Core\Dependencies\YamlDotNet\Unity.VisualScripting.YamlDotNet.dll
Symbol file LoadedFromMemory doesn't match image C:\Users\1\Documents\GitHub\Seagull-vs-Cats\Library\PackageCache\com.unity.visualscripting@1.8.0\Editor\VisualScripting.Core\Dependencies\DotNetZip\Unity.VisualScripting.IonicZip.dll
Native extension for UWP target not found
Native extension for LinuxStandalone target not found
Native extension for WindowsStandalone target not found
Native extension for AppleTV target not found
Native extension for iOS target not found
Native extension for Android target not found
Native extension for OSXStandalone target not found
Native extension for WebGL target not found
Refreshing native plugins compatible for Editor in 1.75 ms, found 4 plugins.
Preloading 0 native plugins for Editor in 0.00 ms.
Mono: successfully reloaded assembly
- Completed reload, in  1.725 seconds
Domain Reload Profiling:
	ReloadAssembly (1726ms)
		BeginReloadAssembly (188ms)
			ExecutionOrderSort (0ms)
			DisableScriptedObjects (8ms)
			BackupInstance (0ms)
			ReleaseScriptingObjects (0ms)
			CreateAndSetChildDomain (50ms)
		EndReloadAssembly (1407ms)
			LoadAssemblies (135ms)
			RebuildTransferFunctionScriptingTraits (0ms)
			SetupTypeCache (405ms)
			ReleaseScriptCaches (3ms)
			RebuildScriptCaches (74ms)
			SetupLoadedEditorAssemblies (707ms)
				LogAssemblyErrors (0ms)
				InitializePlatformSupportModulesInManaged (51ms)
				SetLoadedEditorAssemblies (1ms)
				RefreshPlugins (2ms)
				BeforeProcessingInitializeOnLoad (118ms)
				ProcessInitializeOnLoadAttributes (417ms)
				ProcessInitializeOnLoadMethodAttributes (108ms)
				AfterProcessingInitializeOnLoad (10ms)
				EditorAssembliesLoaded (0ms)
			ExecutionOrderSort2 (0ms)
			AwakeInstancesAfterBackupRestoration (11ms)
Platform modules already initialized, skipping
Refreshing native plugins compatible for Editor in 3.66 ms, found 4 plugins.
Preloading 0 native plugins for Editor in 0.00 ms.
Unloading 5655 Unused Serialized files (Serialized files now loaded: 0)
Unloading 29 unused Assets / (0.8 MB). Loaded Objects now: 6538.
Memory consumption went from 218.4 MB to 217.6 MB.
Total: 5.236100 ms (FindLiveObjects: 0.592000 ms CreateObjectMapping: 0.533700 ms MarkObjects: 3.704100 ms  DeleteObjects: 0.405100 ms)

AssetImportParameters requested are different than current active one (requested -> active):
  custom:video-decoder-ogg-theora: a1e56fd34408186e4bbccfd4996cb3dc -> 
  custom:container-muxer-webm: aa71ff27fc2769a1b78a27578f13a17b -> 
  custom:container-demuxer-webm: 4f35f7cbe854078d1ac9338744f61a02 -> 
  custom:video-encoder-webm-vp8: eb34c28f22e8b96e1ab97ce403110664 -> 
  custom:video-codec-MediaFoundation-h265: 746d11721c4dcdbdad8f713fa42b33f4 -> 
  custom:audio-encoder-webm-vorbis: bf7c407c2cedff20999df2af8eb42d56 -> 
  custom:framework-win-MediaFoundation: 216162199b28c13a410421893ffa2e32 -> 
  custom:container-demuxer-ogg: 62fdf1f143b41e24485cea50d1cbac27 -> 
  custom:video-decoder-webm-vp8: 9c59270c3fd7afecdb556c50c9e8de78 -> 
  custom:audio-decoder-ogg-vorbis: bf7c407c2cedff20999df2af8eb42d56 -> 
========================================================================
Received Prepare
Registering precompiled user dll's ...
Registered in 0.014108 seconds.
Begin MonoManager ReloadAssembly
Symbol file LoadedFromMemory doesn't match image C:\Users\1\Documents\GitHub\Seagull-vs-Cats\Library\PackageCache\com.unity.visualscripting@1.8.0\Editor\VisualScripting.Core\Dependencies\YamlDotNet\Unity.VisualScripting.YamlDotNet.dll
Symbol file LoadedFromMemory doesn't match image C:\Users\1\Documents\GitHub\Seagull-vs-Cats\Library\PackageCache\com.unity.visualscripting@1.8.0\Editor\VisualScripting.Core\Dependencies\DotNetZip\Unity.VisualScripting.IonicZip.dll
Native extension for UWP target not found
Native extension for LinuxStandalone target not found
Native extension for WindowsStandalone target not found
Native extension for AppleTV target not found
Native extension for iOS target not found
Native extension for Android target not found
Native extension for OSXStandalone target not found
Native extension for WebGL target not found
Refreshing native plugins compatible for Editor in 2.24 ms, found 4 plugins.
Preloading 0 native plugins for Editor in 0.00 ms.
Mono: successfully reloaded assembly
- Completed reload, in  1.661 seconds
Domain Reload Profiling:
	ReloadAssembly (1662ms)
		BeginReloadAssembly (194ms)
			ExecutionOrderSort (0ms)
			DisableScriptedObjects (8ms)
			BackupInstance (0ms)
			ReleaseScriptingObjects (0ms)
			CreateAndSetChildDomain (48ms)
		EndReloadAssembly (1341ms)
			LoadAssemblies (173ms)
			RebuildTransferFunctionScriptingTraits (0ms)
			SetupTypeCache (361ms)
			ReleaseScriptCaches (3ms)
			RebuildScriptCaches (74ms)
			SetupLoadedEditorAssemblies (697ms)
				LogAssemblyErrors (0ms)
				InitializePlatformSupportModulesInManaged (52ms)
				SetLoadedEditorAssemblies (1ms)
				RefreshPlugins (2ms)
				BeforeProcessingInitializeOnLoad (129ms)
				ProcessInitializeOnLoadAttributes (401ms)
				ProcessInitializeOnLoadMethodAttributes (102ms)
				AfterProcessingInitializeOnLoad (10ms)
				EditorAssembliesLoaded (0ms)
			ExecutionOrderSort2 (0ms)
			AwakeInstancesAfterBackupRestoration (11ms)
Platform modules already initialized, skipping
Refreshing native plugins compatible for Editor in 3.65 ms, found 4 plugins.
Preloading 0 native plugins for Editor in 0.00 ms.
Unloading 5655 Unused Serialized files (Serialized files now loaded: 0)
Unloading 29 unused Assets / (0.8 MB). Loaded Objects now: 6553.
Memory consumption went from 218.4 MB to 217.6 MB.
Total: 4.889400 ms (FindLiveObjects: 0.584900 ms CreateObjectMapping: 0.288400 ms MarkObjects: 3.623200 ms  DeleteObjects: 0.391600 ms)

AssetImportParameters requested are different than current active one (requested -> active):
  custom:video-decoder-ogg-theora: a1e56fd34408186e4bbccfd4996cb3dc -> 
  custom:container-muxer-webm: aa71ff27fc2769a1b78a27578f13a17b -> 
  custom:container-demuxer-webm: 4f35f7cbe854078d1ac9338744f61a02 -> 
  custom:video-encoder-webm-vp8: eb34c28f22e8b96e1ab97ce403110664 -> 
  custom:video-codec-MediaFoundation-h265: 746d11721c4dcdbdad8f713fa42b33f4 -> 
  custom:audio-encoder-webm-vorbis: bf7c407c2cedff20999df2af8eb42d56 -> 
  custom:framework-win-MediaFoundation: 216162199b28c13a410421893ffa2e32 -> 
  custom:container-demuxer-ogg: 62fdf1f143b41e24485cea50d1cbac27 -> 
  custom:video-decoder-webm-vp8: 9c59270c3fd7afecdb556c50c9e8de78 -> 
  custom:audio-decoder-ogg-vorbis: bf7c407c2cedff20999df2af8eb42d56 -> 
========================================================================
Received Prepare
Registering precompiled user dll's ...
Registered in 0.014897 seconds.
Begin MonoManager ReloadAssembly
Symbol file LoadedFromMemory doesn't match image C:\Users\1\Documents\GitHub\Seagull-vs-Cats\Library\PackageCache\com.unity.visualscripting@1.8.0\Editor\VisualScripting.Core\Dependencies\YamlDotNet\Unity.VisualScripting.YamlDotNet.dll
Symbol file LoadedFromMemory doesn't match image C:\Users\1\Documents\GitHub\Seagull-vs-Cats\Library\PackageCache\com.unity.visualscripting@1.8.0\Editor\VisualScripting.Core\Dependencies\DotNetZip\Unity.VisualScripting.IonicZip.dll
Native extension for UWP target not found
Native extension for LinuxStandalone target not found
Native extension for WindowsStandalone target not found
Native extension for AppleTV target not found
Native extension for iOS target not found
Native extension for Android target not found
Native extension for OSXStandalone target not found
Native extension for WebGL target not found
Refreshing native plugins compatible for Editor in 1.23 ms, found 4 plugins.
Preloading 0 native plugins for Editor in 0.00 ms.
Mono: successfully reloaded assembly
- Completed reload, in  1.623 seconds
Domain Reload Profiling:
	ReloadAssembly (1623ms)
		BeginReloadAssembly (191ms)
			ExecutionOrderSort (0ms)
			DisableScriptedObjects (9ms)
			BackupInstance (0ms)
			ReleaseScriptingObjects (0ms)
			CreateAndSetChildDomain (52ms)
		EndReloadAssembly (1303ms)
			LoadAssemblies (131ms)
			RebuildTransferFunctionScriptingTraits (0ms)
			SetupTypeCache (344ms)
			ReleaseScriptCaches (3ms)
			RebuildScriptCaches (66ms)
			SetupLoadedEditorAssemblies (701ms)
				LogAssemblyErrors (0ms)
				InitializePlatformSupportModulesInManaged (47ms)
				SetLoadedEditorAssemblies (1ms)
				RefreshPlugins (1ms)
				BeforeProcessingInitializeOnLoad (118ms)
				ProcessInitializeOnLoadAttributes (406ms)
				ProcessInitializeOnLoadMethodAttributes (117ms)
				AfterProcessingInitializeOnLoad (10ms)
				EditorAssembliesLoaded (0ms)
			ExecutionOrderSort2 (0ms)
			AwakeInstancesAfterBackupRestoration (16ms)
Platform modules already initialized, skipping
Refreshing native plugins compatible for Editor in 5.41 ms, found 4 plugins.
Preloading 0 native plugins for Editor in 0.00 ms.
Unloading 5655 Unused Serialized files (Serialized files now loaded: 0)
Unloading 29 unused Assets / (0.8 MB). Loaded Objects now: 6568.
Memory consumption went from 218.5 MB to 217.7 MB.
Total: 4.996000 ms (FindLiveObjects: 0.590900 ms CreateObjectMapping: 0.287400 ms MarkObjects: 3.711400 ms  DeleteObjects: 0.405000 ms)

AssetImportParameters requested are different than current active one (requested -> active):
  custom:video-decoder-ogg-theora: a1e56fd34408186e4bbccfd4996cb3dc -> 
  custom:container-muxer-webm: aa71ff27fc2769a1b78a27578f13a17b -> 
  custom:container-demuxer-webm: 4f35f7cbe854078d1ac9338744f61a02 -> 
  custom:video-encoder-webm-vp8: eb34c28f22e8b96e1ab97ce403110664 -> 
  custom:video-codec-MediaFoundation-h265: 746d11721c4dcdbdad8f713fa42b33f4 -> 
  custom:audio-encoder-webm-vorbis: bf7c407c2cedff20999df2af8eb42d56 -> 
  custom:framework-win-MediaFoundation: 216162199b28c13a410421893ffa2e32 -> 
  custom:container-demuxer-ogg: 62fdf1f143b41e24485cea50d1cbac27 -> 
  custom:video-decoder-webm-vp8: 9c59270c3fd7afecdb556c50c9e8de78 -> 
  custom:audio-decoder-ogg-vorbis: bf7c407c2cedff20999df2af8eb42d56 -> 
========================================================================
Received Prepare
Registering precompiled user dll's ...
Registered in 0.020025 seconds.
Begin MonoManager ReloadAssembly
Symbol file LoadedFromMemory doesn't match image C:\Users\1\Documents\GitHub\Seagull-vs-Cats\Library\PackageCache\com.unity.visualscripting@1.8.0\Editor\VisualScripting.Core\Dependencies\YamlDotNet\Unity.VisualScripting.YamlDotNet.dll
Symbol file LoadedFromMemory doesn't match image C:\Users\1\Documents\GitHub\Seagull-vs-Cats\Library\PackageCache\com.unity.visualscripting@1.8.0\Editor\VisualScripting.Core\Dependencies\DotNetZip\Unity.VisualScripting.IonicZip.dll
Native extension for UWP target not found
Native extension for LinuxStandalone target not found
Native extension for WindowsStandalone target not found
Native extension for AppleTV target not found
Native extension for iOS target not found
Native extension for Android target not found
Native extension for OSXStandalone target not found
Native extension for WebGL target not found
Refreshing native plugins compatible for Editor in 1.19 ms, found 4 plugins.
Preloading 0 native plugins for Editor in 0.00 ms.
Mono: successfully reloaded assembly
- Completed reload, in  1.740 seconds
Domain Reload Profiling:
	ReloadAssembly (1741ms)
		BeginReloadAssembly (196ms)
			ExecutionOrderSort (0ms)
			DisableScriptedObjects (8ms)
			BackupInstance (0ms)
			ReleaseScriptingObjects (0ms)
			CreateAndSetChildDomain (53ms)
		EndReloadAssembly (1421ms)
			LoadAssemblies (148ms)
			RebuildTransferFunctionScriptingTraits (0ms)
			SetupTypeCache (367ms)
			ReleaseScriptCaches (3ms)
			RebuildScriptCaches (70ms)
			SetupLoadedEditorAssemblies (788ms)
				LogAssemblyErrors (0ms)
				InitializePlatformSupportModulesInManaged (47ms)
				SetLoadedEditorAssemblies (1ms)
				RefreshPlugins (1ms)
				BeforeProcessingInitializeOnLoad (146ms)
				ProcessInitializeOnLoadAttributes (482ms)
				ProcessInitializeOnLoadMethodAttributes (101ms)
				AfterProcessingInitializeOnLoad (10ms)
				EditorAssembliesLoaded (0ms)
			ExecutionOrderSort2 (0ms)
			AwakeInstancesAfterBackupRestoration (10ms)
Platform modules already initialized, skipping
Refreshing native plugins compatible for Editor in 5.10 ms, found 4 plugins.
Preloading 0 native plugins for Editor in 0.00 ms.
Unloading 5655 Unused Serialized files (Serialized files now loaded: 0)
Unloading 29 unused Assets / (0.8 MB). Loaded Objects now: 6583.
Memory consumption went from 218.5 MB to 217.7 MB.
Total: 5.101400 ms (FindLiveObjects: 0.604100 ms CreateObjectMapping: 0.284700 ms MarkObjects: 3.804000 ms  DeleteObjects: 0.407400 ms)

AssetImportParameters requested are different than current active one (requested -> active):
  custom:video-decoder-ogg-theora: a1e56fd34408186e4bbccfd4996cb3dc -> 
  custom:container-muxer-webm: aa71ff27fc2769a1b78a27578f13a17b -> 
  custom:container-demuxer-webm: 4f35f7cbe854078d1ac9338744f61a02 -> 
  custom:video-encoder-webm-vp8: eb34c28f22e8b96e1ab97ce403110664 -> 
  custom:video-codec-MediaFoundation-h265: 746d11721c4dcdbdad8f713fa42b33f4 -> 
  custom:audio-encoder-webm-vorbis: bf7c407c2cedff20999df2af8eb42d56 -> 
  custom:framework-win-MediaFoundation: 216162199b28c13a410421893ffa2e32 -> 
  custom:container-demuxer-ogg: 62fdf1f143b41e24485cea50d1cbac27 -> 
  custom:video-decoder-webm-vp8: 9c59270c3fd7afecdb556c50c9e8de78 -> 
  custom:audio-decoder-ogg-vorbis: bf7c407c2cedff20999df2af8eb42d56 -> 
========================================================================
Received Prepare
Registering precompiled user dll's ...
Registered in 0.016035 seconds.
Begin MonoManager ReloadAssembly
Symbol file LoadedFromMemory doesn't match image C:\Users\1\Documents\GitHub\Seagull-vs-Cats\Library\PackageCache\com.unity.visualscripting@1.8.0\Editor\VisualScripting.Core\Dependencies\YamlDotNet\Unity.VisualScripting.YamlDotNet.dll
Symbol file LoadedFromMemory doesn't match image C:\Users\1\Documents\GitHub\Seagull-vs-Cats\Library\PackageCache\com.unity.visualscripting@1.8.0\Editor\VisualScripting.Core\Dependencies\DotNetZip\Unity.VisualScripting.IonicZip.dll
Native extension for UWP target not found
Native extension for LinuxStandalone target not found
Native extension for WindowsStandalone target not found
Native extension for AppleTV target not found
Native extension for iOS target not found
Native extension for Android target not found
Native extension for OSXStandalone target not found
Native extension for WebGL target not found
Refreshing native plugins compatible for Editor in 1.20 ms, found 4 plugins.
Preloading 0 native plugins for Editor in 0.00 ms.
Mono: successfully reloaded assembly
- Completed reload, in  1.611 seconds
Domain Reload Profiling:
	ReloadAssembly (1612ms)
		BeginReloadAssembly (189ms)
			ExecutionOrderSort (0ms)
			DisableScriptedObjects (8ms)
			BackupInstance (0ms)
			ReleaseScriptingObjects (0ms)
			CreateAndSetChildDomain (53ms)
		EndReloadAssembly (1284ms)
			LoadAssemblies (138ms)
			RebuildTransferFunctionScriptingTraits (0ms)
			SetupTypeCache (356ms)
			ReleaseScriptCaches (3ms)
			RebuildScriptCaches (68ms)
			SetupLoadedEditorAssemblies (673ms)
				LogAssemblyErrors (0ms)
				InitializePlatformSupportModulesInManaged (48ms)
				SetLoadedEditorAssemblies (1ms)
				RefreshPlugins (1ms)
				BeforeProcessingInitializeOnLoad (114ms)
				ProcessInitializeOnLoadAttributes (394ms)
				ProcessInitializeOnLoadMethodAttributes (105ms)
				AfterProcessingInitializeOnLoad (10ms)
				EditorAssembliesLoaded (0ms)
			ExecutionOrderSort2 (0ms)
			AwakeInstancesAfterBackupRestoration (11ms)
Platform modules already initialized, skipping
Refreshing native plugins compatible for Editor in 4.81 ms, found 4 plugins.
Preloading 0 native plugins for Editor in 0.00 ms.
Unloading 5655 Unused Serialized files (Serialized files now loaded: 0)
Unloading 29 unused Assets / (0.8 MB). Loaded Objects now: 6598.
Memory consumption went from 218.5 MB to 217.7 MB.
Total: 5.108200 ms (FindLiveObjects: 0.590900 ms CreateObjectMapping: 0.386200 ms MarkObjects: 3.734700 ms  DeleteObjects: 0.395200 ms)

AssetImportParameters requested are different than current active one (requested -> active):
  custom:video-decoder-ogg-theora: a1e56fd34408186e4bbccfd4996cb3dc -> 
  custom:container-muxer-webm: aa71ff27fc2769a1b78a27578f13a17b -> 
  custom:container-demuxer-webm: 4f35f7cbe854078d1ac9338744f61a02 -> 
  custom:video-encoder-webm-vp8: eb34c28f22e8b96e1ab97ce403110664 -> 
  custom:video-codec-MediaFoundation-h265: 746d11721c4dcdbdad8f713fa42b33f4 -> 
  custom:audio-encoder-webm-vorbis: bf7c407c2cedff20999df2af8eb42d56 -> 
  custom:framework-win-MediaFoundation: 216162199b28c13a410421893ffa2e32 -> 
  custom:container-demuxer-ogg: 62fdf1f143b41e24485cea50d1cbac27 -> 
  custom:video-decoder-webm-vp8: 9c59270c3fd7afecdb556c50c9e8de78 -> 
  custom:audio-decoder-ogg-vorbis: bf7c407c2cedff20999df2af8eb42d56 -> 
========================================================================
Received Prepare
Registering precompiled user dll's ...
Registered in 0.018624 seconds.
Begin MonoManager ReloadAssembly
Symbol file LoadedFromMemory doesn't match image C:\Users\1\Documents\GitHub\Seagull-vs-Cats\Library\PackageCache\com.unity.visualscripting@1.8.0\Editor\VisualScripting.Core\Dependencies\YamlDotNet\Unity.VisualScripting.YamlDotNet.dll
Symbol file LoadedFromMemory doesn't match image C:\Users\1\Documents\GitHub\Seagull-vs-Cats\Library\PackageCache\com.unity.visualscripting@1.8.0\Editor\VisualScripting.Core\Dependencies\DotNetZip\Unity.VisualScripting.IonicZip.dll
Native extension for UWP target not found
Native extension for LinuxStandalone target not found
Native extension for WindowsStandalone target not found
Native extension for AppleTV target not found
Native extension for iOS target not found
Native extension for Android target not found
Native extension for OSXStandalone target not found
Native extension for WebGL target not found
Refreshing native plugins compatible for Editor in 1.20 ms, found 4 plugins.
Preloading 0 native plugins for Editor in 0.00 ms.
Mono: successfully reloaded assembly
- Completed reload, in  1.635 seconds
Domain Reload Profiling:
	ReloadAssembly (1636ms)
		BeginReloadAssembly (182ms)
			ExecutionOrderSort (0ms)
			DisableScriptedObjects (8ms)
			BackupInstance (0ms)
			ReleaseScriptingObjects (0ms)
			CreateAndSetChildDomain (50ms)
		EndReloadAssembly (1315ms)
			LoadAssemblies (133ms)
			RebuildTransferFunctionScriptingTraits (0ms)
			SetupTypeCache (351ms)
			ReleaseScriptCaches (2ms)
			RebuildScriptCaches (66ms)
			SetupLoadedEditorAssemblies (701ms)
				LogAssemblyErrors (0ms)
				InitializePlatformSupportModulesInManaged (47ms)
				SetLoadedEditorAssemblies (1ms)
				RefreshPlugins (1ms)
				BeforeProcessingInitializeOnLoad (129ms)
				ProcessInitializeOnLoadAttributes (410ms)
				ProcessInitializeOnLoadMethodAttributes (102ms)
				AfterProcessingInitializeOnLoad (11ms)
				EditorAssembliesLoaded (0ms)
			ExecutionOrderSort2 (0ms)
			AwakeInstancesAfterBackupRestoration (10ms)
Platform modules already initialized, skipping
Refreshing native plugins compatible for Editor in 3.72 ms, found 4 plugins.
Preloading 0 native plugins for Editor in 0.00 ms.
Unloading 5655 Unused Serialized files (Serialized files now loaded: 0)
Unloading 29 unused Assets / (0.8 MB). Loaded Objects now: 6613.
Memory consumption went from 218.5 MB to 217.7 MB.
Total: 5.043000 ms (FindLiveObjects: 0.597300 ms CreateObjectMapping: 0.301300 ms MarkObjects: 3.739500 ms  DeleteObjects: 0.403700 ms)

AssetImportParameters requested are different than current active one (requested -> active):
  custom:video-decoder-ogg-theora: a1e56fd34408186e4bbccfd4996cb3dc -> 
  custom:container-muxer-webm: aa71ff27fc2769a1b78a27578f13a17b -> 
  custom:container-demuxer-webm: 4f35f7cbe854078d1ac9338744f61a02 -> 
  custom:video-encoder-webm-vp8: eb34c28f22e8b96e1ab97ce403110664 -> 
  custom:video-codec-MediaFoundation-h265: 746d11721c4dcdbdad8f713fa42b33f4 -> 
  custom:audio-encoder-webm-vorbis: bf7c407c2cedff20999df2af8eb42d56 -> 
  custom:framework-win-MediaFoundation: 216162199b28c13a410421893ffa2e32 -> 
  custom:container-demuxer-ogg: 62fdf1f143b41e24485cea50d1cbac27 -> 
  custom:video-decoder-webm-vp8: 9c59270c3fd7afecdb556c50c9e8de78 -> 
  custom:audio-decoder-ogg-vorbis: bf7c407c2cedff20999df2af8eb42d56 -> 
========================================================================
Received Prepare
Registering precompiled user dll's ...
Registered in 0.015066 seconds.
Begin MonoManager ReloadAssembly
Symbol file LoadedFromMemory doesn't match image C:\Users\1\Documents\GitHub\Seagull-vs-Cats\Library\PackageCache\com.unity.visualscripting@1.8.0\Editor\VisualScripting.Core\Dependencies\YamlDotNet\Unity.VisualScripting.YamlDotNet.dll
Symbol file LoadedFromMemory doesn't match image C:\Users\1\Documents\GitHub\Seagull-vs-Cats\Library\PackageCache\com.unity.visualscripting@1.8.0\Editor\VisualScripting.Core\Dependencies\DotNetZip\Unity.VisualScripting.IonicZip.dll
Native extension for UWP target not found
Native extension for LinuxStandalone target not found
Native extension for WindowsStandalone target not found
Native extension for AppleTV target not found
Native extension for iOS target not found
Native extension for Android target not found
Native extension for OSXStandalone target not found
Native extension for WebGL target not found
Refreshing native plugins compatible for Editor in 1.20 ms, found 4 plugins.
Preloading 0 native plugins for Editor in 0.00 ms.
Mono: successfully reloaded assembly
- Completed reload, in  1.763 seconds
Domain Reload Profiling:
	ReloadAssembly (1763ms)
		BeginReloadAssembly (197ms)
			ExecutionOrderSort (0ms)
			DisableScriptedObjects (8ms)
			BackupInstance (0ms)
			ReleaseScriptingObjects (0ms)
			CreateAndSetChildDomain (61ms)
		EndReloadAssembly (1435ms)
			LoadAssemblies (129ms)
			RebuildTransferFunctionScriptingTraits (0ms)
			SetupTypeCache (433ms)
			ReleaseScriptCaches (2ms)
			RebuildScriptCaches (76ms)
			SetupLoadedEditorAssemblies (722ms)
				LogAssemblyErrors (0ms)
				InitializePlatformSupportModulesInManaged (48ms)
				SetLoadedEditorAssemblies (1ms)
				RefreshPlugins (1ms)
				BeforeProcessingInitializeOnLoad (121ms)
				ProcessInitializeOnLoadAttributes (437ms)
				ProcessInitializeOnLoadMethodAttributes (104ms)
				AfterProcessingInitializeOnLoad (10ms)
				EditorAssembliesLoaded (0ms)
			ExecutionOrderSort2 (0ms)
			AwakeInstancesAfterBackupRestoration (11ms)
Platform modules already initialized, skipping
Refreshing native plugins compatible for Editor in 4.24 ms, found 4 plugins.
Preloading 0 native plugins for Editor in 0.00 ms.
Unloading 5655 Unused Serialized files (Serialized files now loaded: 0)
Unloading 29 unused Assets / (0.8 MB). Loaded Objects now: 6628.
Memory consumption went from 218.5 MB to 217.7 MB.
Total: 5.064200 ms (FindLiveObjects: 0.570800 ms CreateObjectMapping: 0.285800 ms MarkObjects: 3.781400 ms  DeleteObjects: 0.424700 ms)

AssetImportParameters requested are different than current active one (requested -> active):
  custom:video-decoder-ogg-theora: a1e56fd34408186e4bbccfd4996cb3dc -> 
  custom:container-muxer-webm: aa71ff27fc2769a1b78a27578f13a17b -> 
  custom:container-demuxer-webm: 4f35f7cbe854078d1ac9338744f61a02 -> 
  custom:video-encoder-webm-vp8: eb34c28f22e8b96e1ab97ce403110664 -> 
  custom:video-codec-MediaFoundation-h265: 746d11721c4dcdbdad8f713fa42b33f4 -> 
  custom:audio-encoder-webm-vorbis: bf7c407c2cedff20999df2af8eb42d56 -> 
  custom:framework-win-MediaFoundation: 216162199b28c13a410421893ffa2e32 -> 
  custom:container-demuxer-ogg: 62fdf1f143b41e24485cea50d1cbac27 -> 
  custom:video-decoder-webm-vp8: 9c59270c3fd7afecdb556c50c9e8de78 -> 
  custom:audio-decoder-ogg-vorbis: bf7c407c2cedff20999df2af8eb42d56 -> 
========================================================================
Received Prepare
Registering precompiled user dll's ...
Registered in 0.014296 seconds.
Begin MonoManager ReloadAssembly
Symbol file LoadedFromMemory doesn't match image C:\Users\1\Documents\GitHub\Seagull-vs-Cats\Library\PackageCache\com.unity.visualscripting@1.8.0\Editor\VisualScripting.Core\Dependencies\YamlDotNet\Unity.VisualScripting.YamlDotNet.dll
Symbol file LoadedFromMemory doesn't match image C:\Users\1\Documents\GitHub\Seagull-vs-Cats\Library\PackageCache\com.unity.visualscripting@1.8.0\Editor\VisualScripting.Core\Dependencies\DotNetZip\Unity.VisualScripting.IonicZip.dll
Native extension for UWP target not found
Native extension for LinuxStandalone target not found
Native extension for WindowsStandalone target not found
Native extension for AppleTV target not found
Native extension for iOS target not found
Native extension for Android target not found
Native extension for OSXStandalone target not found
Native extension for WebGL target not found
Refreshing native plugins compatible for Editor in 1.24 ms, found 4 plugins.
Preloading 0 native plugins for Editor in 0.00 ms.
Mono: successfully reloaded assembly
- Completed reload, in  1.608 seconds
Domain Reload Profiling:
	ReloadAssembly (1609ms)
		BeginReloadAssembly (188ms)
			ExecutionOrderSort (0ms)
			DisableScriptedObjects (8ms)
			BackupInstance (0ms)
			ReleaseScriptingObjects (0ms)
			CreateAndSetChildDomain (52ms)
		EndReloadAssembly (1288ms)
			LoadAssemblies (135ms)
			RebuildTransferFunctionScriptingTraits (0ms)
			SetupTypeCache (357ms)
			ReleaseScriptCaches (2ms)
			RebuildScriptCaches (68ms)
			SetupLoadedEditorAssemblies (677ms)
				LogAssemblyErrors (0ms)
				InitializePlatformSupportModulesInManaged (47ms)
				SetLoadedEditorAssemblies (1ms)
				RefreshPlugins (1ms)
				BeforeProcessingInitializeOnLoad (119ms)
				ProcessInitializeOnLoadAttributes (402ms)
				ProcessInitializeOnLoadMethodAttributes (96ms)
				AfterProcessingInitializeOnLoad (10ms)
				EditorAssembliesLoaded (0ms)
			ExecutionOrderSort2 (0ms)
			AwakeInstancesAfterBackupRestoration (10ms)
Platform modules already initialized, skipping
Refreshing native plugins compatible for Editor in 4.52 ms, found 4 plugins.
Preloading 0 native plugins for Editor in 0.00 ms.
Unloading 5655 Unused Serialized files (Serialized files now loaded: 0)
Unloading 29 unused Assets / (0.8 MB). Loaded Objects now: 6643.
Memory consumption went from 218.5 MB to 217.8 MB.
Total: 5.049100 ms (FindLiveObjects: 0.550400 ms CreateObjectMapping: 0.305400 ms MarkObjects: 3.788300 ms  DeleteObjects: 0.403600 ms)

AssetImportParameters requested are different than current active one (requested -> active):
  custom:video-decoder-ogg-theora: a1e56fd34408186e4bbccfd4996cb3dc -> 
  custom:container-muxer-webm: aa71ff27fc2769a1b78a27578f13a17b -> 
  custom:container-demuxer-webm: 4f35f7cbe854078d1ac9338744f61a02 -> 
  custom:video-encoder-webm-vp8: eb34c28f22e8b96e1ab97ce403110664 -> 
  custom:video-codec-MediaFoundation-h265: 746d11721c4dcdbdad8f713fa42b33f4 -> 
  custom:audio-encoder-webm-vorbis: bf7c407c2cedff20999df2af8eb42d56 -> 
  custom:framework-win-MediaFoundation: 216162199b28c13a410421893ffa2e32 -> 
  custom:container-demuxer-ogg: 62fdf1f143b41e24485cea50d1cbac27 -> 
  custom:video-decoder-webm-vp8: 9c59270c3fd7afecdb556c50c9e8de78 -> 
  custom:audio-decoder-ogg-vorbis: bf7c407c2cedff20999df2af8eb42d56 -> 
========================================================================
Received Prepare
Registering precompiled user dll's ...
Registered in 0.015293 seconds.
Begin MonoManager ReloadAssembly
Symbol file LoadedFromMemory doesn't match image C:\Users\1\Documents\GitHub\Seagull-vs-Cats\Library\PackageCache\com.unity.visualscripting@1.8.0\Editor\VisualScripting.Core\Dependencies\YamlDotNet\Unity.VisualScripting.YamlDotNet.dll
Symbol file LoadedFromMemory doesn't match image C:\Users\1\Documents\GitHub\Seagull-vs-Cats\Library\PackageCache\com.unity.visualscripting@1.8.0\Editor\VisualScripting.Core\Dependencies\DotNetZip\Unity.VisualScripting.IonicZip.dll
Native extension for UWP target not found
Native extension for LinuxStandalone target not found
Native extension for WindowsStandalone target not found
Native extension for AppleTV target not found
Native extension for iOS target not found
Native extension for Android target not found
Native extension for OSXStandalone target not found
Native extension for WebGL target not found
Refreshing native plugins compatible for Editor in 1.18 ms, found 4 plugins.
Preloading 0 native plugins for Editor in 0.00 ms.
Mono: successfully reloaded assembly
- Completed reload, in  1.598 seconds
Domain Reload Profiling:
	ReloadAssembly (1599ms)
		BeginReloadAssembly (188ms)
			ExecutionOrderSort (0ms)
			DisableScriptedObjects (8ms)
			BackupInstance (0ms)
			ReleaseScriptingObjects (0ms)
			CreateAndSetChildDomain (51ms)
		EndReloadAssembly (1292ms)
			LoadAssemblies (133ms)
			RebuildTransferFunctionScriptingTraits (0ms)
			SetupTypeCache (357ms)
			ReleaseScriptCaches (3ms)
			RebuildScriptCaches (68ms)
			SetupLoadedEditorAssemblies (681ms)
				LogAssemblyErrors (0ms)
				InitializePlatformSupportModulesInManaged (49ms)
				SetLoadedEditorAssemblies (1ms)
				RefreshPlugins (1ms)
				BeforeProcessingInitializeOnLoad (117ms)
				ProcessInitializeOnLoadAttributes (402ms)
				ProcessInitializeOnLoadMethodAttributes (102ms)
				AfterProcessingInitializeOnLoad (10ms)
				EditorAssembliesLoaded (0ms)
			ExecutionOrderSort2 (0ms)
			AwakeInstancesAfterBackupRestoration (11ms)
Platform modules already initialized, skipping
Refreshing native plugins compatible for Editor in 3.94 ms, found 4 plugins.
Preloading 0 native plugins for Editor in 0.00 ms.
Unloading 5655 Unused Serialized files (Serialized files now loaded: 0)
Unloading 29 unused Assets / (0.8 MB). Loaded Objects now: 6658.
Memory consumption went from 218.5 MB to 217.8 MB.
Total: 4.841400 ms (FindLiveObjects: 0.553200 ms CreateObjectMapping: 0.283400 ms MarkObjects: 3.618300 ms  DeleteObjects: 0.385400 ms)

AssetImportParameters requested are different than current active one (requested -> active):
  custom:video-decoder-ogg-theora: a1e56fd34408186e4bbccfd4996cb3dc -> 
  custom:container-muxer-webm: aa71ff27fc2769a1b78a27578f13a17b -> 
  custom:container-demuxer-webm: 4f35f7cbe854078d1ac9338744f61a02 -> 
  custom:video-encoder-webm-vp8: eb34c28f22e8b96e1ab97ce403110664 -> 
  custom:video-codec-MediaFoundation-h265: 746d11721c4dcdbdad8f713fa42b33f4 -> 
  custom:audio-encoder-webm-vorbis: bf7c407c2cedff20999df2af8eb42d56 -> 
  custom:framework-win-MediaFoundation: 216162199b28c13a410421893ffa2e32 -> 
  custom:container-demuxer-ogg: 62fdf1f143b41e24485cea50d1cbac27 -> 
  custom:video-decoder-webm-vp8: 9c59270c3fd7afecdb556c50c9e8de78 -> 
  custom:audio-decoder-ogg-vorbis: bf7c407c2cedff20999df2af8eb42d56 -> 
========================================================================
Received Prepare
Registering precompiled user dll's ...
Registered in 0.015597 seconds.
Begin MonoManager ReloadAssembly
Symbol file LoadedFromMemory doesn't match image C:\Users\1\Documents\GitHub\Seagull-vs-Cats\Library\PackageCache\com.unity.visualscripting@1.8.0\Editor\VisualScripting.Core\Dependencies\YamlDotNet\Unity.VisualScripting.YamlDotNet.dll
Symbol file LoadedFromMemory doesn't match image C:\Users\1\Documents\GitHub\Seagull-vs-Cats\Library\PackageCache\com.unity.visualscripting@1.8.0\Editor\VisualScripting.Core\Dependencies\DotNetZip\Unity.VisualScripting.IonicZip.dll
Native extension for UWP target not found
Native extension for LinuxStandalone target not found
Native extension for WindowsStandalone target not found
Native extension for AppleTV target not found
Native extension for iOS target not found
Native extension for Android target not found
Native extension for OSXStandalone target not found
Native extension for WebGL target not found
Refreshing native plugins compatible for Editor in 1.26 ms, found 4 plugins.
Preloading 0 native plugins for Editor in 0.00 ms.
Mono: successfully reloaded assembly
- Completed reload, in  1.780 seconds
Domain Reload Profiling:
	ReloadAssembly (1781ms)
		BeginReloadAssembly (190ms)
			ExecutionOrderSort (0ms)
			DisableScriptedObjects (8ms)
			BackupInstance (0ms)
			ReleaseScriptingObjects (0ms)
			CreateAndSetChildDomain (58ms)
		EndReloadAssembly (1452ms)
			LoadAssemblies (132ms)
			RebuildTransferFunctionScriptingTraits (0ms)
			SetupTypeCache (401ms)
			ReleaseScriptCaches (4ms)
			RebuildScriptCaches (74ms)
			SetupLoadedEditorAssemblies (786ms)
				LogAssemblyErrors (0ms)
				InitializePlatformSupportModulesInManaged (64ms)
				SetLoadedEditorAssemblies (1ms)
				RefreshPlugins (1ms)
				BeforeProcessingInitializeOnLoad (129ms)
				ProcessInitializeOnLoadAttributes (473ms)
				ProcessInitializeOnLoadMethodAttributes (108ms)
				AfterProcessingInitializeOnLoad (10ms)
				EditorAssembliesLoaded (0ms)
			ExecutionOrderSort2 (0ms)
			AwakeInstancesAfterBackupRestoration (11ms)
Platform modules already initialized, skipping
Refreshing native plugins compatible for Editor in 4.85 ms, found 4 plugins.
Preloading 0 native plugins for Editor in 0.00 ms.
Unloading 5655 Unused Serialized files (Serialized files now loaded: 0)
Unloading 29 unused Assets / (0.8 MB). Loaded Objects now: 6673.
Memory consumption went from 218.6 MB to 217.8 MB.
Total: 5.028100 ms (FindLiveObjects: 0.557400 ms CreateObjectMapping: 0.287400 ms MarkObjects: 3.780100 ms  DeleteObjects: 0.401800 ms)

AssetImportParameters requested are different than current active one (requested -> active):
  custom:video-decoder-ogg-theora: a1e56fd34408186e4bbccfd4996cb3dc -> 
  custom:container-muxer-webm: aa71ff27fc2769a1b78a27578f13a17b -> 
  custom:container-demuxer-webm: 4f35f7cbe854078d1ac9338744f61a02 -> 
  custom:video-encoder-webm-vp8: eb34c28f22e8b96e1ab97ce403110664 -> 
  custom:video-codec-MediaFoundation-h265: 746d11721c4dcdbdad8f713fa42b33f4 -> 
  custom:audio-encoder-webm-vorbis: bf7c407c2cedff20999df2af8eb42d56 -> 
  custom:framework-win-MediaFoundation: 216162199b28c13a410421893ffa2e32 -> 
  custom:container-demuxer-ogg: 62fdf1f143b41e24485cea50d1cbac27 -> 
  custom:video-decoder-webm-vp8: 9c59270c3fd7afecdb556c50c9e8de78 -> 
  custom:audio-decoder-ogg-vorbis: bf7c407c2cedff20999df2af8eb42d56 -> 
========================================================================
Received Prepare
Registering precompiled user dll's ...
Registered in 0.014304 seconds.
Begin MonoManager ReloadAssembly
Symbol file LoadedFromMemory doesn't match image C:\Users\1\Documents\GitHub\Seagull-vs-Cats\Library\PackageCache\com.unity.visualscripting@1.8.0\Editor\VisualScripting.Core\Dependencies\YamlDotNet\Unity.VisualScripting.YamlDotNet.dll
Symbol file LoadedFromMemory doesn't match image C:\Users\1\Documents\GitHub\Seagull-vs-Cats\Library\PackageCache\com.unity.visualscripting@1.8.0\Editor\VisualScripting.Core\Dependencies\DotNetZip\Unity.VisualScripting.IonicZip.dll
Native extension for UWP target not found
Native extension for LinuxStandalone target not found
Native extension for WindowsStandalone target not found
Native extension for AppleTV target not found
Native extension for iOS target not found
Native extension for Android target not found
Native extension for OSXStandalone target not found
Native extension for WebGL target not found
Refreshing native plugins compatible for Editor in 1.18 ms, found 4 plugins.
Preloading 0 native plugins for Editor in 0.00 ms.
Mono: successfully reloaded assembly
- Completed reload, in  1.650 seconds
Domain Reload Profiling:
	ReloadAssembly (1651ms)
		BeginReloadAssembly (188ms)
			ExecutionOrderSort (0ms)
			DisableScriptedObjects (8ms)
			BackupInstance (0ms)
			ReleaseScriptingObjects (0ms)
			CreateAndSetChildDomain (52ms)
		EndReloadAssembly (1330ms)
			LoadAssemblies (146ms)
			RebuildTransferFunctionScriptingTraits (0ms)
			SetupTypeCache (352ms)
			ReleaseScriptCaches (2ms)
			RebuildScriptCaches (76ms)
			SetupLoadedEditorAssemblies (689ms)
				LogAssemblyErrors (0ms)
				InitializePlatformSupportModulesInManaged (46ms)
				SetLoadedEditorAssemblies (1ms)
				RefreshPlugins (1ms)
				BeforeProcessingInitializeOnLoad (117ms)
				ProcessInitializeOnLoadAttributes (410ms)
				ProcessInitializeOnLoadMethodAttributes (100ms)
				AfterProcessingInitializeOnLoad (13ms)
				EditorAssembliesLoaded (0ms)
			ExecutionOrderSort2 (0ms)
			AwakeInstancesAfterBackupRestoration (11ms)
Platform modules already initialized, skipping
Refreshing native plugins compatible for Editor in 4.81 ms, found 4 plugins.
Preloading 0 native plugins for Editor in 0.00 ms.
Unloading 5655 Unused Serialized files (Serialized files now loaded: 0)
Unloading 29 unused Assets / (0.8 MB). Loaded Objects now: 6688.
Memory consumption went from 218.6 MB to 217.9 MB.
Total: 4.973900 ms (FindLiveObjects: 0.557800 ms CreateObjectMapping: 0.283100 ms MarkObjects: 3.717200 ms  DeleteObjects: 0.414600 ms)

AssetImportParameters requested are different than current active one (requested -> active):
  custom:video-decoder-ogg-theora: a1e56fd34408186e4bbccfd4996cb3dc -> 
  custom:container-muxer-webm: aa71ff27fc2769a1b78a27578f13a17b -> 
  custom:container-demuxer-webm: 4f35f7cbe854078d1ac9338744f61a02 -> 
  custom:video-encoder-webm-vp8: eb34c28f22e8b96e1ab97ce403110664 -> 
  custom:video-codec-MediaFoundation-h265: 746d11721c4dcdbdad8f713fa42b33f4 -> 
  custom:audio-encoder-webm-vorbis: bf7c407c2cedff20999df2af8eb42d56 -> 
  custom:framework-win-MediaFoundation: 216162199b28c13a410421893ffa2e32 -> 
  custom:container-demuxer-ogg: 62fdf1f143b41e24485cea50d1cbac27 -> 
  custom:video-decoder-webm-vp8: 9c59270c3fd7afecdb556c50c9e8de78 -> 
  custom:audio-decoder-ogg-vorbis: bf7c407c2cedff20999df2af8eb42d56 -> 
========================================================================
Received Prepare
Registering precompiled user dll's ...
Registered in 0.014926 seconds.
Begin MonoManager ReloadAssembly
Symbol file LoadedFromMemory doesn't match image C:\Users\1\Documents\GitHub\Seagull-vs-Cats\Library\PackageCache\com.unity.visualscripting@1.8.0\Editor\VisualScripting.Core\Dependencies\YamlDotNet\Unity.VisualScripting.YamlDotNet.dll
Symbol file LoadedFromMemory doesn't match image C:\Users\1\Documents\GitHub\Seagull-vs-Cats\Library\PackageCache\com.unity.visualscripting@1.8.0\Editor\VisualScripting.Core\Dependencies\DotNetZip\Unity.VisualScripting.IonicZip.dll
Native extension for UWP target not found
Native extension for LinuxStandalone target not found
Native extension for WindowsStandalone target not found
Native extension for AppleTV target not found
Native extension for iOS target not found
Native extension for Android target not found
Native extension for OSXStandalone target not found
Native extension for WebGL target not found
Refreshing native plugins compatible for Editor in 1.19 ms, found 4 plugins.
Preloading 0 native plugins for Editor in 0.00 ms.
Mono: successfully reloaded assembly
- Completed reload, in  1.594 seconds
Domain Reload Profiling:
	ReloadAssembly (1595ms)
		BeginReloadAssembly (179ms)
			ExecutionOrderSort (0ms)
			DisableScriptedObjects (9ms)
			BackupInstance (0ms)
			ReleaseScriptingObjects (0ms)
			CreateAndSetChildDomain (46ms)
		EndReloadAssembly (1294ms)
			LoadAssemblies (134ms)
			RebuildTransferFunctionScriptingTraits (0ms)
			SetupTypeCache (350ms)
			ReleaseScriptCaches (3ms)
			RebuildScriptCaches (69ms)
			SetupLoadedEditorAssemblies (687ms)
				LogAssemblyErrors (0ms)
				InitializePlatformSupportModulesInManaged (50ms)
				SetLoadedEditorAssemblies (1ms)
				RefreshPlugins (1ms)
				BeforeProcessingInitializeOnLoad (116ms)
				ProcessInitializeOnLoadAttributes (409ms)
				ProcessInitializeOnLoadMethodAttributes (101ms)
				AfterProcessingInitializeOnLoad (10ms)
				EditorAssembliesLoaded (0ms)
			ExecutionOrderSort2 (0ms)
			AwakeInstancesAfterBackupRestoration (10ms)
Platform modules already initialized, skipping
Refreshing native plugins compatible for Editor in 3.91 ms, found 4 plugins.
Preloading 0 native plugins for Editor in 0.00 ms.
Unloading 5655 Unused Serialized files (Serialized files now loaded: 0)
Unloading 29 unused Assets / (0.8 MB). Loaded Objects now: 6703.
Memory consumption went from 218.7 MB to 217.9 MB.
Total: 5.519200 ms (FindLiveObjects: 0.559500 ms CreateObjectMapping: 0.285200 ms MarkObjects: 4.260400 ms  DeleteObjects: 0.412900 ms)

AssetImportParameters requested are different than current active one (requested -> active):
  custom:video-decoder-ogg-theora: a1e56fd34408186e4bbccfd4996cb3dc -> 
  custom:container-muxer-webm: aa71ff27fc2769a1b78a27578f13a17b -> 
  custom:container-demuxer-webm: 4f35f7cbe854078d1ac9338744f61a02 -> 
  custom:video-encoder-webm-vp8: eb34c28f22e8b96e1ab97ce403110664 -> 
  custom:video-codec-MediaFoundation-h265: 746d11721c4dcdbdad8f713fa42b33f4 -> 
  custom:audio-encoder-webm-vorbis: bf7c407c2cedff20999df2af8eb42d56 -> 
  custom:framework-win-MediaFoundation: 216162199b28c13a410421893ffa2e32 -> 
  custom:container-demuxer-ogg: 62fdf1f143b41e24485cea50d1cbac27 -> 
  custom:video-decoder-webm-vp8: 9c59270c3fd7afecdb556c50c9e8de78 -> 
  custom:audio-decoder-ogg-vorbis: bf7c407c2cedff20999df2af8eb42d56 -> 
========================================================================
Received Prepare
Registering precompiled user dll's ...
Registered in 0.021868 seconds.
Begin MonoManager ReloadAssembly
Symbol file LoadedFromMemory doesn't match image C:\Users\1\Documents\GitHub\Seagull-vs-Cats\Library\PackageCache\com.unity.visualscripting@1.8.0\Editor\VisualScripting.Core\Dependencies\YamlDotNet\Unity.VisualScripting.YamlDotNet.dll
Symbol file LoadedFromMemory doesn't match image C:\Users\1\Documents\GitHub\Seagull-vs-Cats\Library\PackageCache\com.unity.visualscripting@1.8.0\Editor\VisualScripting.Core\Dependencies\DotNetZip\Unity.VisualScripting.IonicZip.dll
Native extension for UWP target not found
Native extension for LinuxStandalone target not found
Native extension for WindowsStandalone target not found
Native extension for AppleTV target not found
Native extension for iOS target not found
Native extension for Android target not found
Native extension for OSXStandalone target not found
Native extension for WebGL target not found
Refreshing native plugins compatible for Editor in 1.94 ms, found 4 plugins.
Preloading 0 native plugins for Editor in 0.00 ms.
Mono: successfully reloaded assembly
- Completed reload, in  1.794 seconds
Domain Reload Profiling:
	ReloadAssembly (1796ms)
		BeginReloadAssembly (175ms)
			ExecutionOrderSort (0ms)
			DisableScriptedObjects (8ms)
			BackupInstance (0ms)
			ReleaseScriptingObjects (0ms)
			CreateAndSetChildDomain (47ms)
		EndReloadAssembly (1493ms)
			LoadAssemblies (131ms)
			RebuildTransferFunctionScriptingTraits (0ms)
			SetupTypeCache (418ms)
			ReleaseScriptCaches (3ms)
			RebuildScriptCaches (70ms)
			SetupLoadedEditorAssemblies (793ms)
				LogAssemblyErrors (0ms)
				InitializePlatformSupportModulesInManaged (85ms)
				SetLoadedEditorAssemblies (1ms)
				RefreshPlugins (2ms)
				BeforeProcessingInitializeOnLoad (147ms)
				ProcessInitializeOnLoadAttributes (446ms)
				ProcessInitializeOnLoadMethodAttributes (101ms)
				AfterProcessingInitializeOnLoad (10ms)
				EditorAssembliesLoaded (0ms)
			ExecutionOrderSort2 (0ms)
			AwakeInstancesAfterBackupRestoration (11ms)
Platform modules already initialized, skipping
Refreshing native plugins compatible for Editor in 4.03 ms, found 4 plugins.
Preloading 0 native plugins for Editor in 0.00 ms.
Unloading 5655 Unused Serialized files (Serialized files now loaded: 0)
Unloading 29 unused Assets / (0.8 MB). Loaded Objects now: 6718.
Memory consumption went from 218.7 MB to 217.9 MB.
Total: 5.605000 ms (FindLiveObjects: 0.575500 ms CreateObjectMapping: 0.295500 ms MarkObjects: 4.201900 ms  DeleteObjects: 0.530300 ms)

AssetImportParameters requested are different than current active one (requested -> active):
  custom:video-decoder-ogg-theora: a1e56fd34408186e4bbccfd4996cb3dc -> 
  custom:container-muxer-webm: aa71ff27fc2769a1b78a27578f13a17b -> 
  custom:container-demuxer-webm: 4f35f7cbe854078d1ac9338744f61a02 -> 
  custom:video-encoder-webm-vp8: eb34c28f22e8b96e1ab97ce403110664 -> 
  custom:video-codec-MediaFoundation-h265: 746d11721c4dcdbdad8f713fa42b33f4 -> 
  custom:audio-encoder-webm-vorbis: bf7c407c2cedff20999df2af8eb42d56 -> 
  custom:framework-win-MediaFoundation: 216162199b28c13a410421893ffa2e32 -> 
  custom:container-demuxer-ogg: 62fdf1f143b41e24485cea50d1cbac27 -> 
  custom:video-decoder-webm-vp8: 9c59270c3fd7afecdb556c50c9e8de78 -> 
  custom:audio-decoder-ogg-vorbis: bf7c407c2cedff20999df2af8eb42d56 -> 
========================================================================
Received Prepare
Registering precompiled user dll's ...
Registered in 0.017937 seconds.
Begin MonoManager ReloadAssembly
Symbol file LoadedFromMemory doesn't match image C:\Users\1\Documents\GitHub\Seagull-vs-Cats\Library\PackageCache\com.unity.visualscripting@1.8.0\Editor\VisualScripting.Core\Dependencies\YamlDotNet\Unity.VisualScripting.YamlDotNet.dll
Symbol file LoadedFromMemory doesn't match image C:\Users\1\Documents\GitHub\Seagull-vs-Cats\Library\PackageCache\com.unity.visualscripting@1.8.0\Editor\VisualScripting.Core\Dependencies\DotNetZip\Unity.VisualScripting.IonicZip.dll
Native extension for UWP target not found
Native extension for LinuxStandalone target not found
Native extension for WindowsStandalone target not found
Native extension for AppleTV target not found
Native extension for iOS target not found
Native extension for Android target not found
Native extension for OSXStandalone target not found
Native extension for WebGL target not found
Refreshing native plugins compatible for Editor in 1.74 ms, found 4 plugins.
Preloading 0 native plugins for Editor in 0.00 ms.
Mono: successfully reloaded assembly
- Completed reload, in  1.646 seconds
Domain Reload Profiling:
	ReloadAssembly (1647ms)
		BeginReloadAssembly (187ms)
			ExecutionOrderSort (0ms)
			DisableScriptedObjects (8ms)
			BackupInstance (0ms)
			ReleaseScriptingObjects (0ms)
			CreateAndSetChildDomain (56ms)
		EndReloadAssembly (1332ms)
			LoadAssemblies (125ms)
			RebuildTransferFunctionScriptingTraits (0ms)
			SetupTypeCache (366ms)
			ReleaseScriptCaches (2ms)
			RebuildScriptCaches (74ms)
			SetupLoadedEditorAssemblies (701ms)
				LogAssemblyErrors (0ms)
				InitializePlatformSupportModulesInManaged (57ms)
				SetLoadedEditorAssemblies (1ms)
				RefreshPlugins (2ms)
				BeforeProcessingInitializeOnLoad (122ms)
				ProcessInitializeOnLoadAttributes (408ms)
				ProcessInitializeOnLoadMethodAttributes (99ms)
				AfterProcessingInitializeOnLoad (11ms)
				EditorAssembliesLoaded (0ms)
			ExecutionOrderSort2 (0ms)
			AwakeInstancesAfterBackupRestoration (11ms)
Platform modules already initialized, skipping
Refreshing native plugins compatible for Editor in 4.38 ms, found 4 plugins.
Preloading 0 native plugins for Editor in 0.00 ms.
Unloading 5655 Unused Serialized files (Serialized files now loaded: 0)
Unloading 29 unused Assets / (0.8 MB). Loaded Objects now: 6733.
Memory consumption went from 218.7 MB to 217.9 MB.
Total: 6.004100 ms (FindLiveObjects: 0.617000 ms CreateObjectMapping: 0.292600 ms MarkObjects: 4.670300 ms  DeleteObjects: 0.423000 ms)

AssetImportParameters requested are different than current active one (requested -> active):
  custom:video-decoder-ogg-theora: a1e56fd34408186e4bbccfd4996cb3dc -> 
  custom:container-muxer-webm: aa71ff27fc2769a1b78a27578f13a17b -> 
  custom:container-demuxer-webm: 4f35f7cbe854078d1ac9338744f61a02 -> 
  custom:video-encoder-webm-vp8: eb34c28f22e8b96e1ab97ce403110664 -> 
  custom:video-codec-MediaFoundation-h265: 746d11721c4dcdbdad8f713fa42b33f4 -> 
  custom:audio-encoder-webm-vorbis: bf7c407c2cedff20999df2af8eb42d56 -> 
  custom:framework-win-MediaFoundation: 216162199b28c13a410421893ffa2e32 -> 
  custom:container-demuxer-ogg: 62fdf1f143b41e24485cea50d1cbac27 -> 
  custom:video-decoder-webm-vp8: 9c59270c3fd7afecdb556c50c9e8de78 -> 
  custom:audio-decoder-ogg-vorbis: bf7c407c2cedff20999df2af8eb42d56 -> 
========================================================================
Received Prepare
Registering precompiled user dll's ...
Registered in 0.014295 seconds.
Begin MonoManager ReloadAssembly
Symbol file LoadedFromMemory doesn't match image C:\Users\1\Documents\GitHub\Seagull-vs-Cats\Library\PackageCache\com.unity.visualscripting@1.8.0\Editor\VisualScripting.Core\Dependencies\YamlDotNet\Unity.VisualScripting.YamlDotNet.dll
Symbol file LoadedFromMemory doesn't match image C:\Users\1\Documents\GitHub\Seagull-vs-Cats\Library\PackageCache\com.unity.visualscripting@1.8.0\Editor\VisualScripting.Core\Dependencies\DotNetZip\Unity.VisualScripting.IonicZip.dll
Native extension for UWP target not found
Native extension for LinuxStandalone target not found
Native extension for WindowsStandalone target not found
Native extension for AppleTV target not found
Native extension for iOS target not found
Native extension for Android target not found
Native extension for OSXStandalone target not found
Native extension for WebGL target not found
Refreshing native plugins compatible for Editor in 1.21 ms, found 4 plugins.
Preloading 0 native plugins for Editor in 0.00 ms.
Mono: successfully reloaded assembly
- Completed reload, in  1.619 seconds
Domain Reload Profiling:
	ReloadAssembly (1620ms)
		BeginReloadAssembly (189ms)
			ExecutionOrderSort (0ms)
			DisableScriptedObjects (9ms)
			BackupInstance (0ms)
			ReleaseScriptingObjects (0ms)
			CreateAndSetChildDomain (48ms)
		EndReloadAssembly (1298ms)
			LoadAssemblies (158ms)
			RebuildTransferFunctionScriptingTraits (0ms)
			SetupTypeCache (341ms)
			ReleaseScriptCaches (2ms)
			RebuildScriptCaches (73ms)
			SetupLoadedEditorAssemblies (677ms)
				LogAssemblyErrors (0ms)
				InitializePlatformSupportModulesInManaged (48ms)
				SetLoadedEditorAssemblies (1ms)
				RefreshPlugins (1ms)
				BeforeProcessingInitializeOnLoad (111ms)
				ProcessInitializeOnLoadAttributes (397ms)
				ProcessInitializeOnLoadMethodAttributes (109ms)
				AfterProcessingInitializeOnLoad (10ms)
				EditorAssembliesLoaded (0ms)
			ExecutionOrderSort2 (0ms)
			AwakeInstancesAfterBackupRestoration (11ms)
Platform modules already initialized, skipping
Refreshing native plugins compatible for Editor in 3.66 ms, found 4 plugins.
Preloading 0 native plugins for Editor in 0.00 ms.
Unloading 5655 Unused Serialized files (Serialized files now loaded: 0)
Unloading 29 unused Assets / (0.8 MB). Loaded Objects now: 6748.
Memory consumption went from 218.7 MB to 217.9 MB.
Total: 5.442400 ms (FindLiveObjects: 0.630600 ms CreateObjectMapping: 0.295500 ms MarkObjects: 4.117700 ms  DeleteObjects: 0.397400 ms)

AssetImportParameters requested are different than current active one (requested -> active):
  custom:video-decoder-ogg-theora: a1e56fd34408186e4bbccfd4996cb3dc -> 
  custom:container-muxer-webm: aa71ff27fc2769a1b78a27578f13a17b -> 
  custom:container-demuxer-webm: 4f35f7cbe854078d1ac9338744f61a02 -> 
  custom:video-encoder-webm-vp8: eb34c28f22e8b96e1ab97ce403110664 -> 
  custom:video-codec-MediaFoundation-h265: 746d11721c4dcdbdad8f713fa42b33f4 -> 
  custom:audio-encoder-webm-vorbis: bf7c407c2cedff20999df2af8eb42d56 -> 
  custom:framework-win-MediaFoundation: 216162199b28c13a410421893ffa2e32 -> 
  custom:container-demuxer-ogg: 62fdf1f143b41e24485cea50d1cbac27 -> 
  custom:video-decoder-webm-vp8: 9c59270c3fd7afecdb556c50c9e8de78 -> 
  custom:audio-decoder-ogg-vorbis: bf7c407c2cedff20999df2af8eb42d56 -> 
========================================================================
Received Prepare
Registering precompiled user dll's ...
Registered in 0.015340 seconds.
Begin MonoManager ReloadAssembly
Symbol file LoadedFromMemory doesn't match image C:\Users\1\Documents\GitHub\Seagull-vs-Cats\Library\PackageCache\com.unity.visualscripting@1.8.0\Editor\VisualScripting.Core\Dependencies\YamlDotNet\Unity.VisualScripting.YamlDotNet.dll
Symbol file LoadedFromMemory doesn't match image C:\Users\1\Documents\GitHub\Seagull-vs-Cats\Library\PackageCache\com.unity.visualscripting@1.8.0\Editor\VisualScripting.Core\Dependencies\DotNetZip\Unity.VisualScripting.IonicZip.dll
Native extension for UWP target not found
Native extension for LinuxStandalone target not found
Native extension for WindowsStandalone target not found
Native extension for AppleTV target not found
Native extension for iOS target not found
Native extension for Android target not found
Native extension for OSXStandalone target not found
Native extension for WebGL target not found
Refreshing native plugins compatible for Editor in 1.15 ms, found 4 plugins.
Preloading 0 native plugins for Editor in 0.00 ms.
Mono: successfully reloaded assembly
- Completed reload, in  1.624 seconds
Domain Reload Profiling:
	ReloadAssembly (1625ms)
		BeginReloadAssembly (186ms)
			ExecutionOrderSort (0ms)
			DisableScriptedObjects (8ms)
			BackupInstance (0ms)
			ReleaseScriptingObjects (0ms)
			CreateAndSetChildDomain (49ms)
		EndReloadAssembly (1305ms)
			LoadAssemblies (137ms)
			RebuildTransferFunctionScriptingTraits (0ms)
			SetupTypeCache (363ms)
			ReleaseScriptCaches (3ms)
			RebuildScriptCaches (71ms)
			SetupLoadedEditorAssemblies (681ms)
				LogAssemblyErrors (0ms)
				InitializePlatformSupportModulesInManaged (47ms)
				SetLoadedEditorAssemblies (1ms)
				RefreshPlugins (1ms)
				BeforeProcessingInitializeOnLoad (111ms)
				ProcessInitializeOnLoadAttributes (403ms)
				ProcessInitializeOnLoadMethodAttributes (108ms)
				AfterProcessingInitializeOnLoad (10ms)
				EditorAssembliesLoaded (0ms)
			ExecutionOrderSort2 (0ms)
			AwakeInstancesAfterBackupRestoration (11ms)
Platform modules already initialized, skipping
Refreshing native plugins compatible for Editor in 3.74 ms, found 4 plugins.
Preloading 0 native plugins for Editor in 0.00 ms.
Unloading 5655 Unused Serialized files (Serialized files now loaded: 0)
Unloading 29 unused Assets / (0.8 MB). Loaded Objects now: 6763.
Memory consumption went from 218.7 MB to 217.9 MB.
Total: 5.011800 ms (FindLiveObjects: 0.584700 ms CreateObjectMapping: 0.315400 ms MarkObjects: 3.682100 ms  DeleteObjects: 0.428500 ms)

AssetImportParameters requested are different than current active one (requested -> active):
  custom:video-decoder-ogg-theora: a1e56fd34408186e4bbccfd4996cb3dc -> 
  custom:container-muxer-webm: aa71ff27fc2769a1b78a27578f13a17b -> 
  custom:container-demuxer-webm: 4f35f7cbe854078d1ac9338744f61a02 -> 
  custom:video-encoder-webm-vp8: eb34c28f22e8b96e1ab97ce403110664 -> 
  custom:video-codec-MediaFoundation-h265: 746d11721c4dcdbdad8f713fa42b33f4 -> 
  custom:audio-encoder-webm-vorbis: bf7c407c2cedff20999df2af8eb42d56 -> 
  custom:framework-win-MediaFoundation: 216162199b28c13a410421893ffa2e32 -> 
  custom:container-demuxer-ogg: 62fdf1f143b41e24485cea50d1cbac27 -> 
  custom:video-decoder-webm-vp8: 9c59270c3fd7afecdb556c50c9e8de78 -> 
  custom:audio-decoder-ogg-vorbis: bf7c407c2cedff20999df2af8eb42d56 -> 
========================================================================
Received Prepare
Registering precompiled user dll's ...
Registered in 0.020180 seconds.
Begin MonoManager ReloadAssembly
Symbol file LoadedFromMemory doesn't match image C:\Users\1\Documents\GitHub\Seagull-vs-Cats\Library\PackageCache\com.unity.visualscripting@1.8.0\Editor\VisualScripting.Core\Dependencies\YamlDotNet\Unity.VisualScripting.YamlDotNet.dll
Symbol file LoadedFromMemory doesn't match image C:\Users\1\Documents\GitHub\Seagull-vs-Cats\Library\PackageCache\com.unity.visualscripting@1.8.0\Editor\VisualScripting.Core\Dependencies\DotNetZip\Unity.VisualScripting.IonicZip.dll
Native extension for UWP target not found
Native extension for LinuxStandalone target not found
Native extension for WindowsStandalone target not found
Native extension for AppleTV target not found
Native extension for iOS target not found
Native extension for Android target not found
Native extension for OSXStandalone target not found
Native extension for WebGL target not found
Refreshing native plugins compatible for Editor in 1.19 ms, found 4 plugins.
Preloading 0 native plugins for Editor in 0.00 ms.
Mono: successfully reloaded assembly
- Completed reload, in  1.632 seconds
Domain Reload Profiling:
	ReloadAssembly (1633ms)
		BeginReloadAssembly (176ms)
			ExecutionOrderSort (0ms)
			DisableScriptedObjects (8ms)
			BackupInstance (0ms)
			ReleaseScriptingObjects (0ms)
			CreateAndSetChildDomain (46ms)
		EndReloadAssembly (1334ms)
			LoadAssemblies (132ms)
			RebuildTransferFunctionScriptingTraits (0ms)
			SetupTypeCache (367ms)
			ReleaseScriptCaches (3ms)
			RebuildScriptCaches (77ms)
			SetupLoadedEditorAssemblies (702ms)
				LogAssemblyErrors (0ms)
				InitializePlatformSupportModulesInManaged (52ms)
				SetLoadedEditorAssemblies (1ms)
				RefreshPlugins (1ms)
				BeforeProcessingInitializeOnLoad (126ms)
				ProcessInitializeOnLoadAttributes (414ms)
				ProcessInitializeOnLoadMethodAttributes (98ms)
				AfterProcessingInitializeOnLoad (10ms)
				EditorAssembliesLoaded (0ms)
			ExecutionOrderSort2 (0ms)
			AwakeInstancesAfterBackupRestoration (11ms)
Platform modules already initialized, skipping
Refreshing native plugins compatible for Editor in 5.07 ms, found 4 plugins.
Preloading 0 native plugins for Editor in 0.00 ms.
Unloading 5655 Unused Serialized files (Serialized files now loaded: 0)
Unloading 29 unused Assets / (0.8 MB). Loaded Objects now: 6778.
Memory consumption went from 218.7 MB to 218.0 MB.
Total: 5.483100 ms (FindLiveObjects: 0.581800 ms CreateObjectMapping: 0.282200 ms MarkObjects: 4.190700 ms  DeleteObjects: 0.427200 ms)

AssetImportParameters requested are different than current active one (requested -> active):
  custom:video-decoder-ogg-theora: a1e56fd34408186e4bbccfd4996cb3dc -> 
  custom:container-muxer-webm: aa71ff27fc2769a1b78a27578f13a17b -> 
  custom:container-demuxer-webm: 4f35f7cbe854078d1ac9338744f61a02 -> 
  custom:video-encoder-webm-vp8: eb34c28f22e8b96e1ab97ce403110664 -> 
  custom:video-codec-MediaFoundation-h265: 746d11721c4dcdbdad8f713fa42b33f4 -> 
  custom:audio-encoder-webm-vorbis: bf7c407c2cedff20999df2af8eb42d56 -> 
  custom:framework-win-MediaFoundation: 216162199b28c13a410421893ffa2e32 -> 
  custom:container-demuxer-ogg: 62fdf1f143b41e24485cea50d1cbac27 -> 
  custom:video-decoder-webm-vp8: 9c59270c3fd7afecdb556c50c9e8de78 -> 
  custom:audio-decoder-ogg-vorbis: bf7c407c2cedff20999df2af8eb42d56 -> 
========================================================================
Received Prepare
Registering precompiled user dll's ...
Registered in 0.015381 seconds.
Begin MonoManager ReloadAssembly
Symbol file LoadedFromMemory doesn't match image C:\Users\1\Documents\GitHub\Seagull-vs-Cats\Library\PackageCache\com.unity.visualscripting@1.8.0\Editor\VisualScripting.Core\Dependencies\YamlDotNet\Unity.VisualScripting.YamlDotNet.dll
Symbol file LoadedFromMemory doesn't match image C:\Users\1\Documents\GitHub\Seagull-vs-Cats\Library\PackageCache\com.unity.visualscripting@1.8.0\Editor\VisualScripting.Core\Dependencies\DotNetZip\Unity.VisualScripting.IonicZip.dll
Native extension for UWP target not found
Native extension for LinuxStandalone target not found
Native extension for WindowsStandalone target not found
Native extension for AppleTV target not found
Native extension for iOS target not found
Native extension for Android target not found
Native extension for OSXStandalone target not found
Native extension for WebGL target not found
Refreshing native plugins compatible for Editor in 1.83 ms, found 4 plugins.
Preloading 0 native plugins for Editor in 0.00 ms.
Mono: successfully reloaded assembly
- Completed reload, in  1.628 seconds
Domain Reload Profiling:
	ReloadAssembly (1629ms)
		BeginReloadAssembly (180ms)
			ExecutionOrderSort (0ms)
			DisableScriptedObjects (8ms)
			BackupInstance (0ms)
			ReleaseScriptingObjects (0ms)
			CreateAndSetChildDomain (45ms)
		EndReloadAssembly (1319ms)
			LoadAssemblies (129ms)
			RebuildTransferFunctionScriptingTraits (0ms)
			SetupTypeCache (369ms)
			ReleaseScriptCaches (3ms)
			RebuildScriptCaches (68ms)
			SetupLoadedEditorAssemblies (699ms)
				LogAssemblyErrors (0ms)
				InitializePlatformSupportModulesInManaged (47ms)
				SetLoadedEditorAssemblies (1ms)
				RefreshPlugins (2ms)
				BeforeProcessingInitializeOnLoad (130ms)
				ProcessInitializeOnLoadAttributes (408ms)
				ProcessInitializeOnLoadMethodAttributes (101ms)
				AfterProcessingInitializeOnLoad (10ms)
				EditorAssembliesLoaded (0ms)
			ExecutionOrderSort2 (0ms)
			AwakeInstancesAfterBackupRestoration (11ms)
Platform modules already initialized, skipping
Refreshing native plugins compatible for Editor in 3.95 ms, found 4 plugins.
Preloading 0 native plugins for Editor in 0.00 ms.
Unloading 5655 Unused Serialized files (Serialized files now loaded: 0)
Unloading 29 unused Assets / (0.8 MB). Loaded Objects now: 6793.
Memory consumption went from 218.8 MB to 218.0 MB.
Total: 5.004100 ms (FindLiveObjects: 0.599900 ms CreateObjectMapping: 0.284800 ms MarkObjects: 3.709000 ms  DeleteObjects: 0.409100 ms)

AssetImportParameters requested are different than current active one (requested -> active):
  custom:video-decoder-ogg-theora: a1e56fd34408186e4bbccfd4996cb3dc -> 
  custom:container-muxer-webm: aa71ff27fc2769a1b78a27578f13a17b -> 
  custom:container-demuxer-webm: 4f35f7cbe854078d1ac9338744f61a02 -> 
  custom:video-encoder-webm-vp8: eb34c28f22e8b96e1ab97ce403110664 -> 
  custom:video-codec-MediaFoundation-h265: 746d11721c4dcdbdad8f713fa42b33f4 -> 
  custom:audio-encoder-webm-vorbis: bf7c407c2cedff20999df2af8eb42d56 -> 
  custom:framework-win-MediaFoundation: 216162199b28c13a410421893ffa2e32 -> 
  custom:container-demuxer-ogg: 62fdf1f143b41e24485cea50d1cbac27 -> 
  custom:video-decoder-webm-vp8: 9c59270c3fd7afecdb556c50c9e8de78 -> 
  custom:audio-decoder-ogg-vorbis: bf7c407c2cedff20999df2af8eb42d56 -> 
========================================================================
Received Prepare
Registering precompiled user dll's ...
Registered in 0.014547 seconds.
Begin MonoManager ReloadAssembly
Symbol file LoadedFromMemory doesn't match image C:\Users\1\Documents\GitHub\Seagull-vs-Cats\Library\PackageCache\com.unity.visualscripting@1.8.0\Editor\VisualScripting.Core\Dependencies\YamlDotNet\Unity.VisualScripting.YamlDotNet.dll
Symbol file LoadedFromMemory doesn't match image C:\Users\1\Documents\GitHub\Seagull-vs-Cats\Library\PackageCache\com.unity.visualscripting@1.8.0\Editor\VisualScripting.Core\Dependencies\DotNetZip\Unity.VisualScripting.IonicZip.dll
Native extension for UWP target not found
Native extension for LinuxStandalone target not found
Native extension for WindowsStandalone target not found
Native extension for AppleTV target not found
Native extension for iOS target not found
Native extension for Android target not found
Native extension for OSXStandalone target not found
Native extension for WebGL target not found
Refreshing native plugins compatible for Editor in 1.32 ms, found 4 plugins.
Preloading 0 native plugins for Editor in 0.00 ms.
Mono: successfully reloaded assembly
- Completed reload, in  1.614 seconds
Domain Reload Profiling:
	ReloadAssembly (1615ms)
		BeginReloadAssembly (187ms)
			ExecutionOrderSort (0ms)
			DisableScriptedObjects (9ms)
			BackupInstance (0ms)
			ReleaseScriptingObjects (0ms)
			CreateAndSetChildDomain (46ms)
		EndReloadAssembly (1297ms)
			LoadAssemblies (135ms)
			RebuildTransferFunctionScriptingTraits (0ms)
			SetupTypeCache (344ms)
			ReleaseScriptCaches (2ms)
			RebuildScriptCaches (67ms)
			SetupLoadedEditorAssemblies (696ms)
				LogAssemblyErrors (0ms)
				InitializePlatformSupportModulesInManaged (47ms)
				SetLoadedEditorAssemblies (1ms)
				RefreshPlugins (1ms)
				BeforeProcessingInitializeOnLoad (115ms)
				ProcessInitializeOnLoadAttributes (416ms)
				ProcessInitializeOnLoadMethodAttributes (106ms)
				AfterProcessingInitializeOnLoad (10ms)
				EditorAssembliesLoaded (0ms)
			ExecutionOrderSort2 (0ms)
			AwakeInstancesAfterBackupRestoration (11ms)
Platform modules already initialized, skipping
Refreshing native plugins compatible for Editor in 4.02 ms, found 4 plugins.
Preloading 0 native plugins for Editor in 0.00 ms.
Unloading 5655 Unused Serialized files (Serialized files now loaded: 0)
Unloading 29 unused Assets / (0.8 MB). Loaded Objects now: 6808.
Memory consumption went from 218.8 MB to 218.0 MB.
Total: 5.008000 ms (FindLiveObjects: 0.624200 ms CreateObjectMapping: 0.291300 ms MarkObjects: 3.699700 ms  DeleteObjects: 0.391200 ms)

AssetImportParameters requested are different than current active one (requested -> active):
  custom:video-decoder-ogg-theora: a1e56fd34408186e4bbccfd4996cb3dc -> 
  custom:container-muxer-webm: aa71ff27fc2769a1b78a27578f13a17b -> 
  custom:container-demuxer-webm: 4f35f7cbe854078d1ac9338744f61a02 -> 
  custom:video-encoder-webm-vp8: eb34c28f22e8b96e1ab97ce403110664 -> 
  custom:video-codec-MediaFoundation-h265: 746d11721c4dcdbdad8f713fa42b33f4 -> 
  custom:audio-encoder-webm-vorbis: bf7c407c2cedff20999df2af8eb42d56 -> 
  custom:framework-win-MediaFoundation: 216162199b28c13a410421893ffa2e32 -> 
  custom:container-demuxer-ogg: 62fdf1f143b41e24485cea50d1cbac27 -> 
  custom:video-decoder-webm-vp8: 9c59270c3fd7afecdb556c50c9e8de78 -> 
  custom:audio-decoder-ogg-vorbis: bf7c407c2cedff20999df2af8eb42d56 -> 
========================================================================
Received Prepare
Registering precompiled user dll's ...
Registered in 0.016101 seconds.
Begin MonoManager ReloadAssembly
Symbol file LoadedFromMemory doesn't match image C:\Users\1\Documents\GitHub\Seagull-vs-Cats\Library\PackageCache\com.unity.visualscripting@1.8.0\Editor\VisualScripting.Core\Dependencies\YamlDotNet\Unity.VisualScripting.YamlDotNet.dll
Symbol file LoadedFromMemory doesn't match image C:\Users\1\Documents\GitHub\Seagull-vs-Cats\Library\PackageCache\com.unity.visualscripting@1.8.0\Editor\VisualScripting.Core\Dependencies\DotNetZip\Unity.VisualScripting.IonicZip.dll
Native extension for UWP target not found
Native extension for LinuxStandalone target not found
Native extension for WindowsStandalone target not found
Native extension for AppleTV target not found
Native extension for iOS target not found
Native extension for Android target not found
Native extension for OSXStandalone target not found
Native extension for WebGL target not found
Refreshing native plugins compatible for Editor in 2.07 ms, found 4 plugins.
Preloading 0 native plugins for Editor in 0.00 ms.
Mono: successfully reloaded assembly
- Completed reload, in  2.020 seconds
Domain Reload Profiling:
	ReloadAssembly (2021ms)
		BeginReloadAssembly (195ms)
			ExecutionOrderSort (0ms)
			DisableScriptedObjects (8ms)
			BackupInstance (0ms)
			ReleaseScriptingObjects (0ms)
			CreateAndSetChildDomain (49ms)
		EndReloadAssembly (1662ms)
			LoadAssemblies (210ms)
			RebuildTransferFunctionScriptingTraits (0ms)
			SetupTypeCache (451ms)
			ReleaseScriptCaches (3ms)
			RebuildScriptCaches (81ms)
			SetupLoadedEditorAssemblies (832ms)
				LogAssemblyErrors (0ms)
				InitializePlatformSupportModulesInManaged (72ms)
				SetLoadedEditorAssemblies (1ms)
				RefreshPlugins (2ms)
				BeforeProcessingInitializeOnLoad (152ms)
				ProcessInitializeOnLoadAttributes (484ms)
				ProcessInitializeOnLoadMethodAttributes (110ms)
				AfterProcessingInitializeOnLoad (10ms)
				EditorAssembliesLoaded (0ms)
			ExecutionOrderSort2 (0ms)
			AwakeInstancesAfterBackupRestoration (14ms)
Platform modules already initialized, skipping
Refreshing native plugins compatible for Editor in 5.56 ms, found 4 plugins.
Preloading 0 native plugins for Editor in 0.00 ms.
Unloading 5655 Unused Serialized files (Serialized files now loaded: 0)
Unloading 29 unused Assets / (0.8 MB). Loaded Objects now: 6823.
Memory consumption went from 218.8 MB to 218.0 MB.
Total: 5.283100 ms (FindLiveObjects: 0.610100 ms CreateObjectMapping: 0.324800 ms MarkObjects: 3.919800 ms  DeleteObjects: 0.427100 ms)

AssetImportParameters requested are different than current active one (requested -> active):
  custom:video-decoder-ogg-theora: a1e56fd34408186e4bbccfd4996cb3dc -> 
  custom:container-muxer-webm: aa71ff27fc2769a1b78a27578f13a17b -> 
  custom:container-demuxer-webm: 4f35f7cbe854078d1ac9338744f61a02 -> 
  custom:video-encoder-webm-vp8: eb34c28f22e8b96e1ab97ce403110664 -> 
  custom:video-codec-MediaFoundation-h265: 746d11721c4dcdbdad8f713fa42b33f4 -> 
  custom:audio-encoder-webm-vorbis: bf7c407c2cedff20999df2af8eb42d56 -> 
  custom:framework-win-MediaFoundation: 216162199b28c13a410421893ffa2e32 -> 
  custom:container-demuxer-ogg: 62fdf1f143b41e24485cea50d1cbac27 -> 
  custom:video-decoder-webm-vp8: 9c59270c3fd7afecdb556c50c9e8de78 -> 
  custom:audio-decoder-ogg-vorbis: bf7c407c2cedff20999df2af8eb42d56 -> 
========================================================================
Received Prepare
Registering precompiled user dll's ...
Registered in 0.021888 seconds.
Begin MonoManager ReloadAssembly
Symbol file LoadedFromMemory doesn't match image C:\Users\1\Documents\GitHub\Seagull-vs-Cats\Library\PackageCache\com.unity.visualscripting@1.8.0\Editor\VisualScripting.Core\Dependencies\YamlDotNet\Unity.VisualScripting.YamlDotNet.dll
Symbol file LoadedFromMemory doesn't match image C:\Users\1\Documents\GitHub\Seagull-vs-Cats\Library\PackageCache\com.unity.visualscripting@1.8.0\Editor\VisualScripting.Core\Dependencies\DotNetZip\Unity.VisualScripting.IonicZip.dll
Native extension for UWP target not found
Native extension for LinuxStandalone target not found
Native extension for WindowsStandalone target not found
Native extension for AppleTV target not found
Native extension for iOS target not found
Native extension for Android target not found
Native extension for OSXStandalone target not found
Native extension for WebGL target not found
Refreshing native plugins compatible for Editor in 1.17 ms, found 4 plugins.
Preloading 0 native plugins for Editor in 0.00 ms.
Mono: successfully reloaded assembly
- Completed reload, in  1.639 seconds
Domain Reload Profiling:
	ReloadAssembly (1640ms)
		BeginReloadAssembly (192ms)
			ExecutionOrderSort (0ms)
			DisableScriptedObjects (9ms)
			BackupInstance (0ms)
			ReleaseScriptingObjects (0ms)
			CreateAndSetChildDomain (48ms)
		EndReloadAssembly (1317ms)
			LoadAssemblies (138ms)
			RebuildTransferFunctionScriptingTraits (0ms)
			SetupTypeCache (380ms)
			ReleaseScriptCaches (3ms)
			RebuildScriptCaches (67ms)
			SetupLoadedEditorAssemblies (681ms)
				LogAssemblyErrors (0ms)
				InitializePlatformSupportModulesInManaged (52ms)
				SetLoadedEditorAssemblies (1ms)
				RefreshPlugins (1ms)
				BeforeProcessingInitializeOnLoad (111ms)
				ProcessInitializeOnLoadAttributes (406ms)
				ProcessInitializeOnLoadMethodAttributes (99ms)
				AfterProcessingInitializeOnLoad (10ms)
				EditorAssembliesLoaded (0ms)
			ExecutionOrderSort2 (0ms)
			AwakeInstancesAfterBackupRestoration (11ms)
Platform modules already initialized, skipping
Refreshing native plugins compatible for Editor in 4.04 ms, found 4 plugins.
Preloading 0 native plugins for Editor in 0.00 ms.
Unloading 5655 Unused Serialized files (Serialized files now loaded: 0)
Unloading 29 unused Assets / (0.8 MB). Loaded Objects now: 6838.
Memory consumption went from 218.8 MB to 218.1 MB.
Total: 5.042800 ms (FindLiveObjects: 0.627100 ms CreateObjectMapping: 0.288000 ms MarkObjects: 3.726100 ms  DeleteObjects: 0.400400 ms)

AssetImportParameters requested are different than current active one (requested -> active):
  custom:video-decoder-ogg-theora: a1e56fd34408186e4bbccfd4996cb3dc -> 
  custom:container-muxer-webm: aa71ff27fc2769a1b78a27578f13a17b -> 
  custom:container-demuxer-webm: 4f35f7cbe854078d1ac9338744f61a02 -> 
  custom:video-encoder-webm-vp8: eb34c28f22e8b96e1ab97ce403110664 -> 
  custom:video-codec-MediaFoundation-h265: 746d11721c4dcdbdad8f713fa42b33f4 -> 
  custom:audio-encoder-webm-vorbis: bf7c407c2cedff20999df2af8eb42d56 -> 
  custom:framework-win-MediaFoundation: 216162199b28c13a410421893ffa2e32 -> 
  custom:container-demuxer-ogg: 62fdf1f143b41e24485cea50d1cbac27 -> 
  custom:video-decoder-webm-vp8: 9c59270c3fd7afecdb556c50c9e8de78 -> 
  custom:audio-decoder-ogg-vorbis: bf7c407c2cedff20999df2af8eb42d56 -> 
========================================================================
Received Prepare
Registering precompiled user dll's ...
Registered in 0.016966 seconds.
Begin MonoManager ReloadAssembly
Symbol file LoadedFromMemory doesn't match image C:\Users\1\Documents\GitHub\Seagull-vs-Cats\Library\PackageCache\com.unity.visualscripting@1.8.0\Editor\VisualScripting.Core\Dependencies\YamlDotNet\Unity.VisualScripting.YamlDotNet.dll
Symbol file LoadedFromMemory doesn't match image C:\Users\1\Documents\GitHub\Seagull-vs-Cats\Library\PackageCache\com.unity.visualscripting@1.8.0\Editor\VisualScripting.Core\Dependencies\DotNetZip\Unity.VisualScripting.IonicZip.dll
Native extension for UWP target not found
Native extension for LinuxStandalone target not found
Native extension for WindowsStandalone target not found
Native extension for AppleTV target not found
Native extension for iOS target not found
Native extension for Android target not found
Native extension for OSXStandalone target not found
Native extension for WebGL target not found
Refreshing native plugins compatible for Editor in 1.17 ms, found 4 plugins.
Preloading 0 native plugins for Editor in 0.00 ms.
Mono: successfully reloaded assembly
- Completed reload, in  1.651 seconds
Domain Reload Profiling:
	ReloadAssembly (1652ms)
		BeginReloadAssembly (180ms)
			ExecutionOrderSort (0ms)
			DisableScriptedObjects (8ms)
			BackupInstance (0ms)
			ReleaseScriptingObjects (0ms)
			CreateAndSetChildDomain (46ms)
		EndReloadAssembly (1349ms)
			LoadAssemblies (132ms)
			RebuildTransferFunctionScriptingTraits (0ms)
			SetupTypeCache (341ms)
			ReleaseScriptCaches (3ms)
			RebuildScriptCaches (67ms)
			SetupLoadedEditorAssemblies (758ms)
				LogAssemblyErrors (0ms)
				InitializePlatformSupportModulesInManaged (47ms)
				SetLoadedEditorAssemblies (1ms)
				RefreshPlugins (1ms)
				BeforeProcessingInitializeOnLoad (112ms)
				ProcessInitializeOnLoadAttributes (458ms)
				ProcessInitializeOnLoadMethodAttributes (127ms)
				AfterProcessingInitializeOnLoad (11ms)
				EditorAssembliesLoaded (0ms)
			ExecutionOrderSort2 (0ms)
			AwakeInstancesAfterBackupRestoration (14ms)
Platform modules already initialized, skipping
Refreshing native plugins compatible for Editor in 4.71 ms, found 4 plugins.
Preloading 0 native plugins for Editor in 0.00 ms.
Unloading 5655 Unused Serialized files (Serialized files now loaded: 0)
Unloading 29 unused Assets / (0.8 MB). Loaded Objects now: 6853.
Memory consumption went from 218.9 MB to 218.1 MB.
Total: 4.995000 ms (FindLiveObjects: 0.636000 ms CreateObjectMapping: 0.294700 ms MarkObjects: 3.654900 ms  DeleteObjects: 0.408300 ms)

AssetImportParameters requested are different than current active one (requested -> active):
  custom:video-decoder-ogg-theora: a1e56fd34408186e4bbccfd4996cb3dc -> 
  custom:container-muxer-webm: aa71ff27fc2769a1b78a27578f13a17b -> 
  custom:container-demuxer-webm: 4f35f7cbe854078d1ac9338744f61a02 -> 
  custom:video-encoder-webm-vp8: eb34c28f22e8b96e1ab97ce403110664 -> 
  custom:video-codec-MediaFoundation-h265: 746d11721c4dcdbdad8f713fa42b33f4 -> 
  custom:audio-encoder-webm-vorbis: bf7c407c2cedff20999df2af8eb42d56 -> 
  custom:framework-win-MediaFoundation: 216162199b28c13a410421893ffa2e32 -> 
  custom:container-demuxer-ogg: 62fdf1f143b41e24485cea50d1cbac27 -> 
  custom:video-decoder-webm-vp8: 9c59270c3fd7afecdb556c50c9e8de78 -> 
  custom:audio-decoder-ogg-vorbis: bf7c407c2cedff20999df2af8eb42d56 -> 
========================================================================
Received Prepare
Registering precompiled user dll's ...
Registered in 0.022161 seconds.
Begin MonoManager ReloadAssembly
Symbol file LoadedFromMemory doesn't match image C:\Users\1\Documents\GitHub\Seagull-vs-Cats\Library\PackageCache\com.unity.visualscripting@1.8.0\Editor\VisualScripting.Core\Dependencies\YamlDotNet\Unity.VisualScripting.YamlDotNet.dll
Symbol file LoadedFromMemory doesn't match image C:\Users\1\Documents\GitHub\Seagull-vs-Cats\Library\PackageCache\com.unity.visualscripting@1.8.0\Editor\VisualScripting.Core\Dependencies\DotNetZip\Unity.VisualScripting.IonicZip.dll
Native extension for UWP target not found
Native extension for LinuxStandalone target not found
Native extension for WindowsStandalone target not found
Native extension for AppleTV target not found
Native extension for iOS target not found
Native extension for Android target not found
Native extension for OSXStandalone target not found
Native extension for WebGL target not found
Refreshing native plugins compatible for Editor in 1.84 ms, found 4 plugins.
Preloading 0 native plugins for Editor in 0.00 ms.
Mono: successfully reloaded assembly
- Completed reload, in  1.872 seconds
Domain Reload Profiling:
	ReloadAssembly (1873ms)
		BeginReloadAssembly (194ms)
			ExecutionOrderSort (0ms)
			DisableScriptedObjects (8ms)
			BackupInstance (0ms)
			ReleaseScriptingObjects (0ms)
			CreateAndSetChildDomain (58ms)
		EndReloadAssembly (1559ms)
			LoadAssemblies (129ms)
			RebuildTransferFunctionScriptingTraits (0ms)
			SetupTypeCache (435ms)
			ReleaseScriptCaches (2ms)
			RebuildScriptCaches (73ms)
			SetupLoadedEditorAssemblies (855ms)
				LogAssemblyErrors (0ms)
				InitializePlatformSupportModulesInManaged (58ms)
				SetLoadedEditorAssemblies (1ms)
				RefreshPlugins (2ms)
				BeforeProcessingInitializeOnLoad (136ms)
				ProcessInitializeOnLoadAttributes (506ms)
				ProcessInitializeOnLoadMethodAttributes (141ms)
				AfterProcessingInitializeOnLoad (10ms)
				EditorAssembliesLoaded (0ms)
			ExecutionOrderSort2 (0ms)
			AwakeInstancesAfterBackupRestoration (11ms)
Platform modules already initialized, skipping
Refreshing native plugins compatible for Editor in 3.75 ms, found 4 plugins.
Preloading 0 native plugins for Editor in 0.00 ms.
Unloading 5655 Unused Serialized files (Serialized files now loaded: 0)
Unloading 29 unused Assets / (0.8 MB). Loaded Objects now: 6868.
Memory consumption went from 218.9 MB to 218.1 MB.
Total: 5.010900 ms (FindLiveObjects: 0.643500 ms CreateObjectMapping: 0.296600 ms MarkObjects: 3.668700 ms  DeleteObjects: 0.400800 ms)

AssetImportParameters requested are different than current active one (requested -> active):
  custom:video-decoder-ogg-theora: a1e56fd34408186e4bbccfd4996cb3dc -> 
  custom:container-muxer-webm: aa71ff27fc2769a1b78a27578f13a17b -> 
  custom:container-demuxer-webm: 4f35f7cbe854078d1ac9338744f61a02 -> 
  custom:video-encoder-webm-vp8: eb34c28f22e8b96e1ab97ce403110664 -> 
  custom:video-codec-MediaFoundation-h265: 746d11721c4dcdbdad8f713fa42b33f4 -> 
  custom:audio-encoder-webm-vorbis: bf7c407c2cedff20999df2af8eb42d56 -> 
  custom:framework-win-MediaFoundation: 216162199b28c13a410421893ffa2e32 -> 
  custom:container-demuxer-ogg: 62fdf1f143b41e24485cea50d1cbac27 -> 
  custom:video-decoder-webm-vp8: 9c59270c3fd7afecdb556c50c9e8de78 -> 
  custom:audio-decoder-ogg-vorbis: bf7c407c2cedff20999df2af8eb42d56 -> 
========================================================================
Received Prepare
Registering precompiled user dll's ...
Registered in 0.015403 seconds.
Begin MonoManager ReloadAssembly
Symbol file LoadedFromMemory doesn't match image C:\Users\1\Documents\GitHub\Seagull-vs-Cats\Library\PackageCache\com.unity.visualscripting@1.8.0\Editor\VisualScripting.Core\Dependencies\YamlDotNet\Unity.VisualScripting.YamlDotNet.dll
Symbol file LoadedFromMemory doesn't match image C:\Users\1\Documents\GitHub\Seagull-vs-Cats\Library\PackageCache\com.unity.visualscripting@1.8.0\Editor\VisualScripting.Core\Dependencies\DotNetZip\Unity.VisualScripting.IonicZip.dll
Native extension for UWP target not found
Native extension for LinuxStandalone target not found
Native extension for WindowsStandalone target not found
Native extension for AppleTV target not found
Native extension for iOS target not found
Native extension for Android target not found
Native extension for OSXStandalone target not found
Native extension for WebGL target not found
Refreshing native plugins compatible for Editor in 1.11 ms, found 4 plugins.
Preloading 0 native plugins for Editor in 0.00 ms.
Mono: successfully reloaded assembly
- Completed reload, in  1.808 seconds
Domain Reload Profiling:
	ReloadAssembly (1809ms)
		BeginReloadAssembly (215ms)
			ExecutionOrderSort (0ms)
			DisableScriptedObjects (9ms)
			BackupInstance (0ms)
			ReleaseScriptingObjects (0ms)
			CreateAndSetChildDomain (59ms)
		EndReloadAssembly (1445ms)
			LoadAssemblies (177ms)
			RebuildTransferFunctionScriptingTraits (0ms)
			SetupTypeCache (416ms)
			ReleaseScriptCaches (3ms)
			RebuildScriptCaches (74ms)
			SetupLoadedEditorAssemblies (738ms)
				LogAssemblyErrors (0ms)
				InitializePlatformSupportModulesInManaged (52ms)
				SetLoadedEditorAssemblies (1ms)
				RefreshPlugins (1ms)
				BeforeProcessingInitializeOnLoad (139ms)
				ProcessInitializeOnLoadAttributes (436ms)
				ProcessInitializeOnLoadMethodAttributes (99ms)
				AfterProcessingInitializeOnLoad (10ms)
				EditorAssembliesLoaded (0ms)
			ExecutionOrderSort2 (0ms)
			AwakeInstancesAfterBackupRestoration (10ms)
Platform modules already initialized, skipping
Refreshing native plugins compatible for Editor in 3.72 ms, found 4 plugins.
Preloading 0 native plugins for Editor in 0.00 ms.
Unloading 5655 Unused Serialized files (Serialized files now loaded: 0)
Unloading 29 unused Assets / (0.8 MB). Loaded Objects now: 6883.
Memory consumption went from 218.9 MB to 218.1 MB.
Total: 5.622400 ms (FindLiveObjects: 0.629200 ms CreateObjectMapping: 0.294400 ms MarkObjects: 4.289700 ms  DeleteObjects: 0.407700 ms)

AssetImportParameters requested are different than current active one (requested -> active):
  custom:video-decoder-ogg-theora: a1e56fd34408186e4bbccfd4996cb3dc -> 
  custom:container-muxer-webm: aa71ff27fc2769a1b78a27578f13a17b -> 
  custom:container-demuxer-webm: 4f35f7cbe854078d1ac9338744f61a02 -> 
  custom:video-encoder-webm-vp8: eb34c28f22e8b96e1ab97ce403110664 -> 
  custom:video-codec-MediaFoundation-h265: 746d11721c4dcdbdad8f713fa42b33f4 -> 
  custom:audio-encoder-webm-vorbis: bf7c407c2cedff20999df2af8eb42d56 -> 
  custom:framework-win-MediaFoundation: 216162199b28c13a410421893ffa2e32 -> 
  custom:container-demuxer-ogg: 62fdf1f143b41e24485cea50d1cbac27 -> 
  custom:video-decoder-webm-vp8: 9c59270c3fd7afecdb556c50c9e8de78 -> 
  custom:audio-decoder-ogg-vorbis: bf7c407c2cedff20999df2af8eb42d56 -> 
========================================================================
Received Prepare
Registering precompiled user dll's ...
Registered in 0.014350 seconds.
Begin MonoManager ReloadAssembly
Symbol file LoadedFromMemory doesn't match image C:\Users\1\Documents\GitHub\Seagull-vs-Cats\Library\PackageCache\com.unity.visualscripting@1.8.0\Editor\VisualScripting.Core\Dependencies\YamlDotNet\Unity.VisualScripting.YamlDotNet.dll
Symbol file LoadedFromMemory doesn't match image C:\Users\1\Documents\GitHub\Seagull-vs-Cats\Library\PackageCache\com.unity.visualscripting@1.8.0\Editor\VisualScripting.Core\Dependencies\DotNetZip\Unity.VisualScripting.IonicZip.dll
Native extension for UWP target not found
Native extension for LinuxStandalone target not found
Native extension for WindowsStandalone target not found
Native extension for AppleTV target not found
Native extension for iOS target not found
Native extension for Android target not found
Native extension for OSXStandalone target not found
Native extension for WebGL target not found
Refreshing native plugins compatible for Editor in 1.21 ms, found 4 plugins.
Preloading 0 native plugins for Editor in 0.00 ms.
Mono: successfully reloaded assembly
- Completed reload, in  1.625 seconds
Domain Reload Profiling:
	ReloadAssembly (1626ms)
		BeginReloadAssembly (184ms)
			ExecutionOrderSort (0ms)
			DisableScriptedObjects (8ms)
			BackupInstance (0ms)
			ReleaseScriptingObjects (0ms)
			CreateAndSetChildDomain (48ms)
		EndReloadAssembly (1312ms)
			LoadAssemblies (133ms)
			RebuildTransferFunctionScriptingTraits (0ms)
			SetupTypeCache (386ms)
			ReleaseScriptCaches (2ms)
			RebuildScriptCaches (71ms)
			SetupLoadedEditorAssemblies (670ms)
				LogAssemblyErrors (0ms)
				InitializePlatformSupportModulesInManaged (50ms)
				SetLoadedEditorAssemblies (1ms)
				RefreshPlugins (1ms)
				BeforeProcessingInitializeOnLoad (111ms)
				ProcessInitializeOnLoadAttributes (400ms)
				ProcessInitializeOnLoadMethodAttributes (97ms)
				AfterProcessingInitializeOnLoad (10ms)
				EditorAssembliesLoaded (0ms)
			ExecutionOrderSort2 (0ms)
			AwakeInstancesAfterBackupRestoration (11ms)
Platform modules already initialized, skipping
Refreshing native plugins compatible for Editor in 3.98 ms, found 4 plugins.
Preloading 0 native plugins for Editor in 0.00 ms.
Unloading 5655 Unused Serialized files (Serialized files now loaded: 0)
Unloading 29 unused Assets / (0.8 MB). Loaded Objects now: 6898.
Memory consumption went from 218.9 MB to 218.1 MB.
Total: 5.115600 ms (FindLiveObjects: 0.577800 ms CreateObjectMapping: 0.283500 ms MarkObjects: 3.831600 ms  DeleteObjects: 0.421300 ms)

AssetImportParameters requested are different than current active one (requested -> active):
  custom:video-decoder-ogg-theora: a1e56fd34408186e4bbccfd4996cb3dc -> 
  custom:container-muxer-webm: aa71ff27fc2769a1b78a27578f13a17b -> 
  custom:container-demuxer-webm: 4f35f7cbe854078d1ac9338744f61a02 -> 
  custom:video-encoder-webm-vp8: eb34c28f22e8b96e1ab97ce403110664 -> 
  custom:video-codec-MediaFoundation-h265: 746d11721c4dcdbdad8f713fa42b33f4 -> 
  custom:audio-encoder-webm-vorbis: bf7c407c2cedff20999df2af8eb42d56 -> 
  custom:framework-win-MediaFoundation: 216162199b28c13a410421893ffa2e32 -> 
  custom:container-demuxer-ogg: 62fdf1f143b41e24485cea50d1cbac27 -> 
  custom:video-decoder-webm-vp8: 9c59270c3fd7afecdb556c50c9e8de78 -> 
  custom:audio-decoder-ogg-vorbis: bf7c407c2cedff20999df2af8eb42d56 -> 
========================================================================
Received Prepare
Registering precompiled user dll's ...
Registered in 0.019009 seconds.
Begin MonoManager ReloadAssembly
Symbol file LoadedFromMemory doesn't match image C:\Users\1\Documents\GitHub\Seagull-vs-Cats\Library\PackageCache\com.unity.visualscripting@1.8.0\Editor\VisualScripting.Core\Dependencies\YamlDotNet\Unity.VisualScripting.YamlDotNet.dll
Symbol file LoadedFromMemory doesn't match image C:\Users\1\Documents\GitHub\Seagull-vs-Cats\Library\PackageCache\com.unity.visualscripting@1.8.0\Editor\VisualScripting.Core\Dependencies\DotNetZip\Unity.VisualScripting.IonicZip.dll
Native extension for UWP target not found
Native extension for LinuxStandalone target not found
Native extension for WindowsStandalone target not found
Native extension for AppleTV target not found
Native extension for iOS target not found
Native extension for Android target not found
Native extension for OSXStandalone target not found
Native extension for WebGL target not found
Refreshing native plugins compatible for Editor in 1.18 ms, found 4 plugins.
Preloading 0 native plugins for Editor in 0.00 ms.
Mono: successfully reloaded assembly
- Completed reload, in  1.628 seconds
Domain Reload Profiling:
	ReloadAssembly (1629ms)
		BeginReloadAssembly (200ms)
			ExecutionOrderSort (0ms)
			DisableScriptedObjects (8ms)
			BackupInstance (0ms)
			ReleaseScriptingObjects (0ms)
			CreateAndSetChildDomain (47ms)
		EndReloadAssembly (1300ms)
			LoadAssemblies (152ms)
			RebuildTransferFunctionScriptingTraits (0ms)
			SetupTypeCache (358ms)
			ReleaseScriptCaches (3ms)
			RebuildScriptCaches (67ms)
			SetupLoadedEditorAssemblies (683ms)
				LogAssemblyErrors (0ms)
				InitializePlatformSupportModulesInManaged (49ms)
				SetLoadedEditorAssemblies (1ms)
				RefreshPlugins (1ms)
				BeforeProcessingInitializeOnLoad (117ms)
				ProcessInitializeOnLoadAttributes (406ms)
				ProcessInitializeOnLoadMethodAttributes (98ms)
				AfterProcessingInitializeOnLoad (10ms)
				EditorAssembliesLoaded (0ms)
			ExecutionOrderSort2 (0ms)
			AwakeInstancesAfterBackupRestoration (11ms)
Platform modules already initialized, skipping
Refreshing native plugins compatible for Editor in 3.71 ms, found 4 plugins.
Preloading 0 native plugins for Editor in 0.00 ms.
Unloading 5655 Unused Serialized files (Serialized files now loaded: 0)
Unloading 29 unused Assets / (0.8 MB). Loaded Objects now: 6913.
Memory consumption went from 218.9 MB to 218.2 MB.
Total: 5.151800 ms (FindLiveObjects: 0.578100 ms CreateObjectMapping: 0.284100 ms MarkObjects: 3.876100 ms  DeleteObjects: 0.412300 ms)

AssetImportParameters requested are different than current active one (requested -> active):
  custom:video-decoder-ogg-theora: a1e56fd34408186e4bbccfd4996cb3dc -> 
  custom:container-muxer-webm: aa71ff27fc2769a1b78a27578f13a17b -> 
  custom:container-demuxer-webm: 4f35f7cbe854078d1ac9338744f61a02 -> 
  custom:video-encoder-webm-vp8: eb34c28f22e8b96e1ab97ce403110664 -> 
  custom:video-codec-MediaFoundation-h265: 746d11721c4dcdbdad8f713fa42b33f4 -> 
  custom:audio-encoder-webm-vorbis: bf7c407c2cedff20999df2af8eb42d56 -> 
  custom:framework-win-MediaFoundation: 216162199b28c13a410421893ffa2e32 -> 
  custom:container-demuxer-ogg: 62fdf1f143b41e24485cea50d1cbac27 -> 
  custom:video-decoder-webm-vp8: 9c59270c3fd7afecdb556c50c9e8de78 -> 
  custom:audio-decoder-ogg-vorbis: bf7c407c2cedff20999df2af8eb42d56 -> 
========================================================================
Received Prepare
Registering precompiled user dll's ...
Registered in 0.016660 seconds.
Begin MonoManager ReloadAssembly
Symbol file LoadedFromMemory doesn't match image C:\Users\1\Documents\GitHub\Seagull-vs-Cats\Library\PackageCache\com.unity.visualscripting@1.8.0\Editor\VisualScripting.Core\Dependencies\YamlDotNet\Unity.VisualScripting.YamlDotNet.dll
Symbol file LoadedFromMemory doesn't match image C:\Users\1\Documents\GitHub\Seagull-vs-Cats\Library\PackageCache\com.unity.visualscripting@1.8.0\Editor\VisualScripting.Core\Dependencies\DotNetZip\Unity.VisualScripting.IonicZip.dll
Native extension for UWP target not found
Native extension for LinuxStandalone target not found
Native extension for WindowsStandalone target not found
Native extension for AppleTV target not found
Native extension for iOS target not found
Native extension for Android target not found
Native extension for OSXStandalone target not found
Native extension for WebGL target not found
Refreshing native plugins compatible for Editor in 1.21 ms, found 4 plugins.
Preloading 0 native plugins for Editor in 0.00 ms.
Mono: successfully reloaded assembly
- Completed reload, in  1.938 seconds
Domain Reload Profiling:
	ReloadAssembly (1939ms)
		BeginReloadAssembly (203ms)
			ExecutionOrderSort (0ms)
			DisableScriptedObjects (9ms)
			BackupInstance (0ms)
			ReleaseScriptingObjects (0ms)
			CreateAndSetChildDomain (57ms)
		EndReloadAssembly (1578ms)
			LoadAssemblies (137ms)
			RebuildTransferFunctionScriptingTraits (0ms)
			SetupTypeCache (416ms)
			ReleaseScriptCaches (3ms)
			RebuildScriptCaches (119ms)
			SetupLoadedEditorAssemblies (833ms)
				LogAssemblyErrors (0ms)
				InitializePlatformSupportModulesInManaged (49ms)
				SetLoadedEditorAssemblies (1ms)
				RefreshPlugins (1ms)
				BeforeProcessingInitializeOnLoad (123ms)
				ProcessInitializeOnLoadAttributes (532ms)
				ProcessInitializeOnLoadMethodAttributes (116ms)
				AfterProcessingInitializeOnLoad (11ms)
				EditorAssembliesLoaded (0ms)
			ExecutionOrderSort2 (0ms)
			AwakeInstancesAfterBackupRestoration (11ms)
Platform modules already initialized, skipping
Refreshing native plugins compatible for Editor in 5.51 ms, found 4 plugins.
Preloading 0 native plugins for Editor in 0.00 ms.
Unloading 5655 Unused Serialized files (Serialized files now loaded: 0)
Unloading 29 unused Assets / (0.8 MB). Loaded Objects now: 6928.
Memory consumption went from 218.9 MB to 218.2 MB.
Total: 6.000600 ms (FindLiveObjects: 0.652900 ms CreateObjectMapping: 0.291900 ms MarkObjects: 4.629600 ms  DeleteObjects: 0.424900 ms)

AssetImportParameters requested are different than current active one (requested -> active):
  custom:video-decoder-ogg-theora: a1e56fd34408186e4bbccfd4996cb3dc -> 
  custom:container-muxer-webm: aa71ff27fc2769a1b78a27578f13a17b -> 
  custom:container-demuxer-webm: 4f35f7cbe854078d1ac9338744f61a02 -> 
  custom:video-encoder-webm-vp8: eb34c28f22e8b96e1ab97ce403110664 -> 
  custom:video-codec-MediaFoundation-h265: 746d11721c4dcdbdad8f713fa42b33f4 -> 
  custom:audio-encoder-webm-vorbis: bf7c407c2cedff20999df2af8eb42d56 -> 
  custom:framework-win-MediaFoundation: 216162199b28c13a410421893ffa2e32 -> 
  custom:container-demuxer-ogg: 62fdf1f143b41e24485cea50d1cbac27 -> 
  custom:video-decoder-webm-vp8: 9c59270c3fd7afecdb556c50c9e8de78 -> 
  custom:audio-decoder-ogg-vorbis: bf7c407c2cedff20999df2af8eb42d56 -> 
========================================================================
Received Prepare
Registering precompiled user dll's ...
Registered in 0.014478 seconds.
Begin MonoManager ReloadAssembly
Symbol file LoadedFromMemory doesn't match image C:\Users\1\Documents\GitHub\Seagull-vs-Cats\Library\PackageCache\com.unity.visualscripting@1.8.0\Editor\VisualScripting.Core\Dependencies\YamlDotNet\Unity.VisualScripting.YamlDotNet.dll
Symbol file LoadedFromMemory doesn't match image C:\Users\1\Documents\GitHub\Seagull-vs-Cats\Library\PackageCache\com.unity.visualscripting@1.8.0\Editor\VisualScripting.Core\Dependencies\DotNetZip\Unity.VisualScripting.IonicZip.dll
Native extension for UWP target not found
Native extension for LinuxStandalone target not found
Native extension for WindowsStandalone target not found
Native extension for AppleTV target not found
Native extension for iOS target not found
Native extension for Android target not found
Native extension for OSXStandalone target not found
Native extension for WebGL target not found
Refreshing native plugins compatible for Editor in 1.84 ms, found 4 plugins.
Preloading 0 native plugins for Editor in 0.00 ms.
Mono: successfully reloaded assembly
- Completed reload, in  1.637 seconds
Domain Reload Profiling:
	ReloadAssembly (1638ms)
		BeginReloadAssembly (174ms)
			ExecutionOrderSort (0ms)
			DisableScriptedObjects (9ms)
			BackupInstance (0ms)
			ReleaseScriptingObjects (0ms)
			CreateAndSetChildDomain (48ms)
		EndReloadAssembly (1341ms)
			LoadAssemblies (127ms)
			RebuildTransferFunctionScriptingTraits (0ms)
			SetupTypeCache (340ms)
			ReleaseScriptCaches (3ms)
			RebuildScriptCaches (71ms)
			SetupLoadedEditorAssemblies (743ms)
				LogAssemblyErrors (0ms)
				InitializePlatformSupportModulesInManaged (50ms)
				SetLoadedEditorAssemblies (1ms)
				RefreshPlugins (2ms)
				BeforeProcessingInitializeOnLoad (128ms)
				ProcessInitializeOnLoadAttributes (435ms)
				ProcessInitializeOnLoadMethodAttributes (116ms)
				AfterProcessingInitializeOnLoad (10ms)
				EditorAssembliesLoaded (0ms)
			ExecutionOrderSort2 (0ms)
			AwakeInstancesAfterBackupRestoration (10ms)
Platform modules already initialized, skipping
Refreshing native plugins compatible for Editor in 3.67 ms, found 4 plugins.
Preloading 0 native plugins for Editor in 0.00 ms.
Unloading 5655 Unused Serialized files (Serialized files now loaded: 0)
Unloading 29 unused Assets / (0.8 MB). Loaded Objects now: 6943.
Memory consumption went from 219.0 MB to 218.2 MB.
Total: 5.051400 ms (FindLiveObjects: 0.649900 ms CreateObjectMapping: 0.295600 ms MarkObjects: 3.698700 ms  DeleteObjects: 0.405800 ms)

AssetImportParameters requested are different than current active one (requested -> active):
  custom:video-decoder-ogg-theora: a1e56fd34408186e4bbccfd4996cb3dc -> 
  custom:container-muxer-webm: aa71ff27fc2769a1b78a27578f13a17b -> 
  custom:container-demuxer-webm: 4f35f7cbe854078d1ac9338744f61a02 -> 
  custom:video-encoder-webm-vp8: eb34c28f22e8b96e1ab97ce403110664 -> 
  custom:video-codec-MediaFoundation-h265: 746d11721c4dcdbdad8f713fa42b33f4 -> 
  custom:audio-encoder-webm-vorbis: bf7c407c2cedff20999df2af8eb42d56 -> 
  custom:framework-win-MediaFoundation: 216162199b28c13a410421893ffa2e32 -> 
  custom:container-demuxer-ogg: 62fdf1f143b41e24485cea50d1cbac27 -> 
  custom:video-decoder-webm-vp8: 9c59270c3fd7afecdb556c50c9e8de78 -> 
  custom:audio-decoder-ogg-vorbis: bf7c407c2cedff20999df2af8eb42d56 -> 
========================================================================
Received Prepare
Registering precompiled user dll's ...
Registered in 0.014353 seconds.
Begin MonoManager ReloadAssembly
Symbol file LoadedFromMemory doesn't match image C:\Users\1\Documents\GitHub\Seagull-vs-Cats\Library\PackageCache\com.unity.visualscripting@1.8.0\Editor\VisualScripting.Core\Dependencies\YamlDotNet\Unity.VisualScripting.YamlDotNet.dll
Symbol file LoadedFromMemory doesn't match image C:\Users\1\Documents\GitHub\Seagull-vs-Cats\Library\PackageCache\com.unity.visualscripting@1.8.0\Editor\VisualScripting.Core\Dependencies\DotNetZip\Unity.VisualScripting.IonicZip.dll
Native extension for UWP target not found
Native extension for LinuxStandalone target not found
Native extension for WindowsStandalone target not found
Native extension for AppleTV target not found
Native extension for iOS target not found
Native extension for Android target not found
Native extension for OSXStandalone target not found
Native extension for WebGL target not found
Refreshing native plugins compatible for Editor in 1.14 ms, found 4 plugins.
Preloading 0 native plugins for Editor in 0.00 ms.
Mono: successfully reloaded assembly
- Completed reload, in  1.600 seconds
Domain Reload Profiling:
	ReloadAssembly (1601ms)
		BeginReloadAssembly (186ms)
			ExecutionOrderSort (0ms)
			DisableScriptedObjects (8ms)
			BackupInstance (0ms)
			ReleaseScriptingObjects (0ms)
			CreateAndSetChildDomain (48ms)
		EndReloadAssembly (1285ms)
			LoadAssemblies (148ms)
			RebuildTransferFunctionScriptingTraits (0ms)
			SetupTypeCache (346ms)
			ReleaseScriptCaches (2ms)
			RebuildScriptCaches (71ms)
			SetupLoadedEditorAssemblies (671ms)
				LogAssemblyErrors (0ms)
				InitializePlatformSupportModulesInManaged (47ms)
				SetLoadedEditorAssemblies (1ms)
				RefreshPlugins (1ms)
				BeforeProcessingInitializeOnLoad (111ms)
				ProcessInitializeOnLoadAttributes (399ms)
				ProcessInitializeOnLoadMethodAttributes (103ms)
				AfterProcessingInitializeOnLoad (10ms)
				EditorAssembliesLoaded (0ms)
			ExecutionOrderSort2 (0ms)
			AwakeInstancesAfterBackupRestoration (10ms)
Platform modules already initialized, skipping
Refreshing native plugins compatible for Editor in 3.64 ms, found 4 plugins.
Preloading 0 native plugins for Editor in 0.00 ms.
Unloading 5655 Unused Serialized files (Serialized files now loaded: 0)
Unloading 29 unused Assets / (0.8 MB). Loaded Objects now: 6958.
Memory consumption went from 219.0 MB to 218.2 MB.
Total: 9.212300 ms (FindLiveObjects: 0.706800 ms CreateObjectMapping: 0.317700 ms MarkObjects: 7.519500 ms  DeleteObjects: 0.666500 ms)

AssetImportParameters requested are different than current active one (requested -> active):
  custom:video-decoder-ogg-theora: a1e56fd34408186e4bbccfd4996cb3dc -> 
  custom:container-muxer-webm: aa71ff27fc2769a1b78a27578f13a17b -> 
  custom:container-demuxer-webm: 4f35f7cbe854078d1ac9338744f61a02 -> 
  custom:video-encoder-webm-vp8: eb34c28f22e8b96e1ab97ce403110664 -> 
  custom:video-codec-MediaFoundation-h265: 746d11721c4dcdbdad8f713fa42b33f4 -> 
  custom:audio-encoder-webm-vorbis: bf7c407c2cedff20999df2af8eb42d56 -> 
  custom:framework-win-MediaFoundation: 216162199b28c13a410421893ffa2e32 -> 
  custom:container-demuxer-ogg: 62fdf1f143b41e24485cea50d1cbac27 -> 
  custom:video-decoder-webm-vp8: 9c59270c3fd7afecdb556c50c9e8de78 -> 
  custom:audio-decoder-ogg-vorbis: bf7c407c2cedff20999df2af8eb42d56 -> 
========================================================================
Received Prepare
Registering precompiled user dll's ...
Registered in 0.014397 seconds.
Begin MonoManager ReloadAssembly
Symbol file LoadedFromMemory doesn't match image C:\Users\1\Documents\GitHub\Seagull-vs-Cats\Library\PackageCache\com.unity.visualscripting@1.8.0\Editor\VisualScripting.Core\Dependencies\YamlDotNet\Unity.VisualScripting.YamlDotNet.dll
Symbol file LoadedFromMemory doesn't match image C:\Users\1\Documents\GitHub\Seagull-vs-Cats\Library\PackageCache\com.unity.visualscripting@1.8.0\Editor\VisualScripting.Core\Dependencies\DotNetZip\Unity.VisualScripting.IonicZip.dll
Native extension for UWP target not found
Native extension for LinuxStandalone target not found
Native extension for WindowsStandalone target not found
Native extension for AppleTV target not found
Native extension for iOS target not found
Native extension for Android target not found
Native extension for OSXStandalone target not found
Native extension for WebGL target not found
Refreshing native plugins compatible for Editor in 1.17 ms, found 4 plugins.
Preloading 0 native plugins for Editor in 0.00 ms.
Mono: successfully reloaded assembly
- Completed reload, in  1.629 seconds
Domain Reload Profiling:
	ReloadAssembly (1630ms)
		BeginReloadAssembly (194ms)
			ExecutionOrderSort (0ms)
			DisableScriptedObjects (9ms)
			BackupInstance (0ms)
			ReleaseScriptingObjects (0ms)
			CreateAndSetChildDomain (59ms)
		EndReloadAssembly (1313ms)
			LoadAssemblies (132ms)
			RebuildTransferFunctionScriptingTraits (0ms)
			SetupTypeCache (361ms)
			ReleaseScriptCaches (2ms)
			RebuildScriptCaches (70ms)
			SetupLoadedEditorAssemblies (694ms)
				LogAssemblyErrors (0ms)
				InitializePlatformSupportModulesInManaged (46ms)
				SetLoadedEditorAssemblies (1ms)
				RefreshPlugins (1ms)
				BeforeProcessingInitializeOnLoad (115ms)
				ProcessInitializeOnLoadAttributes (417ms)
				ProcessInitializeOnLoadMethodAttributes (102ms)
				AfterProcessingInitializeOnLoad (11ms)
				EditorAssembliesLoaded (0ms)
			ExecutionOrderSort2 (0ms)
			AwakeInstancesAfterBackupRestoration (10ms)
Platform modules already initialized, skipping
Refreshing native plugins compatible for Editor in 3.65 ms, found 4 plugins.
Preloading 0 native plugins for Editor in 0.00 ms.
Unloading 5655 Unused Serialized files (Serialized files now loaded: 0)
Unloading 29 unused Assets / (0.8 MB). Loaded Objects now: 6973.
Memory consumption went from 219.0 MB to 218.2 MB.
Total: 5.005100 ms (FindLiveObjects: 0.638600 ms CreateObjectMapping: 0.290900 ms MarkObjects: 3.683000 ms  DeleteObjects: 0.391400 ms)

AssetImportParameters requested are different than current active one (requested -> active):
  custom:video-decoder-ogg-theora: a1e56fd34408186e4bbccfd4996cb3dc -> 
  custom:container-muxer-webm: aa71ff27fc2769a1b78a27578f13a17b -> 
  custom:container-demuxer-webm: 4f35f7cbe854078d1ac9338744f61a02 -> 
  custom:video-encoder-webm-vp8: eb34c28f22e8b96e1ab97ce403110664 -> 
  custom:video-codec-MediaFoundation-h265: 746d11721c4dcdbdad8f713fa42b33f4 -> 
  custom:audio-encoder-webm-vorbis: bf7c407c2cedff20999df2af8eb42d56 -> 
  custom:framework-win-MediaFoundation: 216162199b28c13a410421893ffa2e32 -> 
  custom:container-demuxer-ogg: 62fdf1f143b41e24485cea50d1cbac27 -> 
  custom:video-decoder-webm-vp8: 9c59270c3fd7afecdb556c50c9e8de78 -> 
  custom:audio-decoder-ogg-vorbis: bf7c407c2cedff20999df2af8eb42d56 -> 
========================================================================
Received Prepare
Registering precompiled user dll's ...
Registered in 0.014982 seconds.
Begin MonoManager ReloadAssembly
Symbol file LoadedFromMemory doesn't match image C:\Users\1\Documents\GitHub\Seagull-vs-Cats\Library\PackageCache\com.unity.visualscripting@1.8.0\Editor\VisualScripting.Core\Dependencies\YamlDotNet\Unity.VisualScripting.YamlDotNet.dll
Symbol file LoadedFromMemory doesn't match image C:\Users\1\Documents\GitHub\Seagull-vs-Cats\Library\PackageCache\com.unity.visualscripting@1.8.0\Editor\VisualScripting.Core\Dependencies\DotNetZip\Unity.VisualScripting.IonicZip.dll
Native extension for UWP target not found
Native extension for LinuxStandalone target not found
Native extension for WindowsStandalone target not found
Native extension for AppleTV target not found
Native extension for iOS target not found
Native extension for Android target not found
Native extension for OSXStandalone target not found
Native extension for WebGL target not found
Refreshing native plugins compatible for Editor in 1.16 ms, found 4 plugins.
Preloading 0 native plugins for Editor in 0.00 ms.
Mono: successfully reloaded assembly
- Completed reload, in  1.599 seconds
Domain Reload Profiling:
	ReloadAssembly (1600ms)
		BeginReloadAssembly (197ms)
			ExecutionOrderSort (0ms)
			DisableScriptedObjects (11ms)
			BackupInstance (0ms)
			ReleaseScriptingObjects (0ms)
			CreateAndSetChildDomain (54ms)
		EndReloadAssembly (1280ms)
			LoadAssemblies (137ms)
			RebuildTransferFunctionScriptingTraits (0ms)
			SetupTypeCache (349ms)
			ReleaseScriptCaches (3ms)
			RebuildScriptCaches (69ms)
			SetupLoadedEditorAssemblies (676ms)
				LogAssemblyErrors (0ms)
				InitializePlatformSupportModulesInManaged (47ms)
				SetLoadedEditorAssemblies (1ms)
				RefreshPlugins (1ms)
				BeforeProcessingInitializeOnLoad (111ms)
				ProcessInitializeOnLoadAttributes (406ms)
				ProcessInitializeOnLoadMethodAttributes (99ms)
				AfterProcessingInitializeOnLoad (10ms)
				EditorAssembliesLoaded (0ms)
			ExecutionOrderSort2 (0ms)
			AwakeInstancesAfterBackupRestoration (12ms)
Platform modules already initialized, skipping
Refreshing native plugins compatible for Editor in 3.88 ms, found 4 plugins.
Preloading 0 native plugins for Editor in 0.00 ms.
Unloading 5655 Unused Serialized files (Serialized files now loaded: 0)
Unloading 29 unused Assets / (0.8 MB). Loaded Objects now: 6988.
Memory consumption went from 219.0 MB to 218.2 MB.
Total: 5.846200 ms (FindLiveObjects: 0.644000 ms CreateObjectMapping: 0.295300 ms MarkObjects: 4.320600 ms  DeleteObjects: 0.585100 ms)

AssetImportParameters requested are different than current active one (requested -> active):
  custom:video-decoder-ogg-theora: a1e56fd34408186e4bbccfd4996cb3dc -> 
  custom:container-muxer-webm: aa71ff27fc2769a1b78a27578f13a17b -> 
  custom:container-demuxer-webm: 4f35f7cbe854078d1ac9338744f61a02 -> 
  custom:video-encoder-webm-vp8: eb34c28f22e8b96e1ab97ce403110664 -> 
  custom:video-codec-MediaFoundation-h265: 746d11721c4dcdbdad8f713fa42b33f4 -> 
  custom:audio-encoder-webm-vorbis: bf7c407c2cedff20999df2af8eb42d56 -> 
  custom:framework-win-MediaFoundation: 216162199b28c13a410421893ffa2e32 -> 
  custom:container-demuxer-ogg: 62fdf1f143b41e24485cea50d1cbac27 -> 
  custom:video-decoder-webm-vp8: 9c59270c3fd7afecdb556c50c9e8de78 -> 
  custom:audio-decoder-ogg-vorbis: bf7c407c2cedff20999df2af8eb42d56 -> 
========================================================================
Received Prepare
Registering precompiled user dll's ...
Registered in 0.015016 seconds.
Begin MonoManager ReloadAssembly
Symbol file LoadedFromMemory doesn't match image C:\Users\1\Documents\GitHub\Seagull-vs-Cats\Library\PackageCache\com.unity.visualscripting@1.8.0\Editor\VisualScripting.Core\Dependencies\YamlDotNet\Unity.VisualScripting.YamlDotNet.dll
Symbol file LoadedFromMemory doesn't match image C:\Users\1\Documents\GitHub\Seagull-vs-Cats\Library\PackageCache\com.unity.visualscripting@1.8.0\Editor\VisualScripting.Core\Dependencies\DotNetZip\Unity.VisualScripting.IonicZip.dll
Native extension for UWP target not found
Native extension for LinuxStandalone target not found
Native extension for WindowsStandalone target not found
Native extension for AppleTV target not found
Native extension for iOS target not found
Native extension for Android target not found
Native extension for OSXStandalone target not found
Native extension for WebGL target not found
Refreshing native plugins compatible for Editor in 1.21 ms, found 4 plugins.
Preloading 0 native plugins for Editor in 0.00 ms.
Mono: successfully reloaded assembly
- Completed reload, in  1.608 seconds
Domain Reload Profiling:
	ReloadAssembly (1610ms)
		BeginReloadAssembly (177ms)
			ExecutionOrderSort (0ms)
			DisableScriptedObjects (8ms)
			BackupInstance (0ms)
			ReleaseScriptingObjects (0ms)
			CreateAndSetChildDomain (47ms)
		EndReloadAssembly (1293ms)
			LoadAssemblies (129ms)
			RebuildTransferFunctionScriptingTraits (0ms)
			SetupTypeCache (336ms)
			ReleaseScriptCaches (2ms)
			RebuildScriptCaches (68ms)
			SetupLoadedEditorAssemblies (702ms)
				LogAssemblyErrors (0ms)
				InitializePlatformSupportModulesInManaged (48ms)
				SetLoadedEditorAssemblies (1ms)
				RefreshPlugins (1ms)
				BeforeProcessingInitializeOnLoad (113ms)
				ProcessInitializeOnLoadAttributes (415ms)
				ProcessInitializeOnLoadMethodAttributes (114ms)
				AfterProcessingInitializeOnLoad (10ms)
				EditorAssembliesLoaded (0ms)
			ExecutionOrderSort2 (0ms)
			AwakeInstancesAfterBackupRestoration (10ms)
Platform modules already initialized, skipping
Refreshing native plugins compatible for Editor in 3.71 ms, found 4 plugins.
Preloading 0 native plugins for Editor in 0.00 ms.
Unloading 5655 Unused Serialized files (Serialized files now loaded: 0)
Unloading 29 unused Assets / (0.8 MB). Loaded Objects now: 7003.
Memory consumption went from 219.0 MB to 218.3 MB.
Total: 5.201300 ms (FindLiveObjects: 0.588900 ms CreateObjectMapping: 0.286300 ms MarkObjects: 3.907400 ms  DeleteObjects: 0.417300 ms)

AssetImportParameters requested are different than current active one (requested -> active):
  custom:video-decoder-ogg-theora: a1e56fd34408186e4bbccfd4996cb3dc -> 
  custom:container-muxer-webm: aa71ff27fc2769a1b78a27578f13a17b -> 
  custom:container-demuxer-webm: 4f35f7cbe854078d1ac9338744f61a02 -> 
  custom:video-encoder-webm-vp8: eb34c28f22e8b96e1ab97ce403110664 -> 
  custom:video-codec-MediaFoundation-h265: 746d11721c4dcdbdad8f713fa42b33f4 -> 
  custom:audio-encoder-webm-vorbis: bf7c407c2cedff20999df2af8eb42d56 -> 
  custom:framework-win-MediaFoundation: 216162199b28c13a410421893ffa2e32 -> 
  custom:container-demuxer-ogg: 62fdf1f143b41e24485cea50d1cbac27 -> 
  custom:video-decoder-webm-vp8: 9c59270c3fd7afecdb556c50c9e8de78 -> 
  custom:audio-decoder-ogg-vorbis: bf7c407c2cedff20999df2af8eb42d56 -> 
========================================================================
Received Prepare
Registering precompiled user dll's ...
Registered in 0.015710 seconds.
Begin MonoManager ReloadAssembly
Symbol file LoadedFromMemory doesn't match image C:\Users\1\Documents\GitHub\Seagull-vs-Cats\Library\PackageCache\com.unity.visualscripting@1.8.0\Editor\VisualScripting.Core\Dependencies\YamlDotNet\Unity.VisualScripting.YamlDotNet.dll
Symbol file LoadedFromMemory doesn't match image C:\Users\1\Documents\GitHub\Seagull-vs-Cats\Library\PackageCache\com.unity.visualscripting@1.8.0\Editor\VisualScripting.Core\Dependencies\DotNetZip\Unity.VisualScripting.IonicZip.dll
Native extension for UWP target not found
Native extension for LinuxStandalone target not found
Native extension for WindowsStandalone target not found
Native extension for AppleTV target not found
Native extension for iOS target not found
Native extension for Android target not found
Native extension for OSXStandalone target not found
Native extension for WebGL target not found
Refreshing native plugins compatible for Editor in 1.20 ms, found 4 plugins.
Preloading 0 native plugins for Editor in 0.00 ms.
Mono: successfully reloaded assembly
- Completed reload, in  1.672 seconds
Domain Reload Profiling:
	ReloadAssembly (1673ms)
		BeginReloadAssembly (191ms)
			ExecutionOrderSort (0ms)
			DisableScriptedObjects (9ms)
			BackupInstance (0ms)
			ReleaseScriptingObjects (0ms)
			CreateAndSetChildDomain (53ms)
		EndReloadAssembly (1358ms)
			LoadAssemblies (155ms)
			RebuildTransferFunctionScriptingTraits (0ms)
			SetupTypeCache (386ms)
			ReleaseScriptCaches (3ms)
			RebuildScriptCaches (75ms)
			SetupLoadedEditorAssemblies (684ms)
				LogAssemblyErrors (0ms)
				InitializePlatformSupportModulesInManaged (48ms)
				SetLoadedEditorAssemblies (1ms)
				RefreshPlugins (1ms)
				BeforeProcessingInitializeOnLoad (113ms)
				ProcessInitializeOnLoadAttributes (409ms)
				ProcessInitializeOnLoadMethodAttributes (103ms)
				AfterProcessingInitializeOnLoad (10ms)
				EditorAssembliesLoaded (0ms)
			ExecutionOrderSort2 (0ms)
			AwakeInstancesAfterBackupRestoration (11ms)
Platform modules already initialized, skipping
Refreshing native plugins compatible for Editor in 5.00 ms, found 4 plugins.
Preloading 0 native plugins for Editor in 0.00 ms.
Unloading 5655 Unused Serialized files (Serialized files now loaded: 0)
Unloading 29 unused Assets / (0.8 MB). Loaded Objects now: 7018.
Memory consumption went from 219.0 MB to 218.3 MB.
Total: 4.966500 ms (FindLiveObjects: 0.595700 ms CreateObjectMapping: 0.287700 ms MarkObjects: 3.678400 ms  DeleteObjects: 0.403300 ms)

AssetImportParameters requested are different than current active one (requested -> active):
  custom:video-decoder-ogg-theora: a1e56fd34408186e4bbccfd4996cb3dc -> 
  custom:container-muxer-webm: aa71ff27fc2769a1b78a27578f13a17b -> 
  custom:container-demuxer-webm: 4f35f7cbe854078d1ac9338744f61a02 -> 
  custom:video-encoder-webm-vp8: eb34c28f22e8b96e1ab97ce403110664 -> 
  custom:video-codec-MediaFoundation-h265: 746d11721c4dcdbdad8f713fa42b33f4 -> 
  custom:audio-encoder-webm-vorbis: bf7c407c2cedff20999df2af8eb42d56 -> 
  custom:framework-win-MediaFoundation: 216162199b28c13a410421893ffa2e32 -> 
  custom:container-demuxer-ogg: 62fdf1f143b41e24485cea50d1cbac27 -> 
  custom:video-decoder-webm-vp8: 9c59270c3fd7afecdb556c50c9e8de78 -> 
  custom:audio-decoder-ogg-vorbis: bf7c407c2cedff20999df2af8eb42d56 -> 
========================================================================
Received Prepare
Registering precompiled user dll's ...
Registered in 0.015126 seconds.
Begin MonoManager ReloadAssembly
Symbol file LoadedFromMemory doesn't match image C:\Users\1\Documents\GitHub\Seagull-vs-Cats\Library\PackageCache\com.unity.visualscripting@1.8.0\Editor\VisualScripting.Core\Dependencies\YamlDotNet\Unity.VisualScripting.YamlDotNet.dll
Symbol file LoadedFromMemory doesn't match image C:\Users\1\Documents\GitHub\Seagull-vs-Cats\Library\PackageCache\com.unity.visualscripting@1.8.0\Editor\VisualScripting.Core\Dependencies\DotNetZip\Unity.VisualScripting.IonicZip.dll
Native extension for UWP target not found
Native extension for LinuxStandalone target not found
Native extension for WindowsStandalone target not found
Native extension for AppleTV target not found
Native extension for iOS target not found
Native extension for Android target not found
Native extension for OSXStandalone target not found
Native extension for WebGL target not found
Refreshing native plugins compatible for Editor in 1.17 ms, found 4 plugins.
Preloading 0 native plugins for Editor in 0.00 ms.
Mono: successfully reloaded assembly
- Completed reload, in  1.622 seconds
Domain Reload Profiling:
	ReloadAssembly (1623ms)
		BeginReloadAssembly (214ms)
			ExecutionOrderSort (0ms)
			DisableScriptedObjects (8ms)
			BackupInstance (0ms)
			ReleaseScriptingObjects (0ms)
			CreateAndSetChildDomain (76ms)
		EndReloadAssembly (1280ms)
			LoadAssemblies (139ms)
			RebuildTransferFunctionScriptingTraits (0ms)
			SetupTypeCache (360ms)
			ReleaseScriptCaches (2ms)
			RebuildScriptCaches (69ms)
			SetupLoadedEditorAssemblies (661ms)
				LogAssemblyErrors (0ms)
				InitializePlatformSupportModulesInManaged (47ms)
				SetLoadedEditorAssemblies (1ms)
				RefreshPlugins (1ms)
				BeforeProcessingInitializeOnLoad (116ms)
				ProcessInitializeOnLoadAttributes (388ms)
				ProcessInitializeOnLoadMethodAttributes (98ms)
				AfterProcessingInitializeOnLoad (10ms)
				EditorAssembliesLoaded (0ms)
			ExecutionOrderSort2 (0ms)
			AwakeInstancesAfterBackupRestoration (10ms)
Platform modules already initialized, skipping
Refreshing native plugins compatible for Editor in 4.72 ms, found 4 plugins.
Preloading 0 native plugins for Editor in 0.00 ms.
Unloading 5655 Unused Serialized files (Serialized files now loaded: 0)
Unloading 29 unused Assets / (0.8 MB). Loaded Objects now: 7033.
Memory consumption went from 219.1 MB to 218.3 MB.
Total: 7.889200 ms (FindLiveObjects: 0.666900 ms CreateObjectMapping: 0.296500 ms MarkObjects: 6.255300 ms  DeleteObjects: 0.668800 ms)

AssetImportParameters requested are different than current active one (requested -> active):
  custom:video-decoder-ogg-theora: a1e56fd34408186e4bbccfd4996cb3dc -> 
  custom:container-muxer-webm: aa71ff27fc2769a1b78a27578f13a17b -> 
  custom:container-demuxer-webm: 4f35f7cbe854078d1ac9338744f61a02 -> 
  custom:video-encoder-webm-vp8: eb34c28f22e8b96e1ab97ce403110664 -> 
  custom:video-codec-MediaFoundation-h265: 746d11721c4dcdbdad8f713fa42b33f4 -> 
  custom:audio-encoder-webm-vorbis: bf7c407c2cedff20999df2af8eb42d56 -> 
  custom:framework-win-MediaFoundation: 216162199b28c13a410421893ffa2e32 -> 
  custom:container-demuxer-ogg: 62fdf1f143b41e24485cea50d1cbac27 -> 
  custom:video-decoder-webm-vp8: 9c59270c3fd7afecdb556c50c9e8de78 -> 
  custom:audio-decoder-ogg-vorbis: bf7c407c2cedff20999df2af8eb42d56 -> 
========================================================================
Received Prepare
Registering precompiled user dll's ...
Registered in 0.015347 seconds.
Begin MonoManager ReloadAssembly
Symbol file LoadedFromMemory doesn't match image C:\Users\1\Documents\GitHub\Seagull-vs-Cats\Library\PackageCache\com.unity.visualscripting@1.8.0\Editor\VisualScripting.Core\Dependencies\YamlDotNet\Unity.VisualScripting.YamlDotNet.dll
Symbol file LoadedFromMemory doesn't match image C:\Users\1\Documents\GitHub\Seagull-vs-Cats\Library\PackageCache\com.unity.visualscripting@1.8.0\Editor\VisualScripting.Core\Dependencies\DotNetZip\Unity.VisualScripting.IonicZip.dll
Native extension for UWP target not found
Native extension for LinuxStandalone target not found
Native extension for WindowsStandalone target not found
Native extension for AppleTV target not found
Native extension for iOS target not found
Native extension for Android target not found
Native extension for OSXStandalone target not found
Native extension for WebGL target not found
Refreshing native plugins compatible for Editor in 1.17 ms, found 4 plugins.
Preloading 0 native plugins for Editor in 0.00 ms.
Mono: successfully reloaded assembly
- Completed reload, in  1.597 seconds
Domain Reload Profiling:
	ReloadAssembly (1598ms)
		BeginReloadAssembly (179ms)
			ExecutionOrderSort (0ms)
			DisableScriptedObjects (9ms)
			BackupInstance (0ms)
			ReleaseScriptingObjects (0ms)
			CreateAndSetChildDomain (47ms)
		EndReloadAssembly (1295ms)
			LoadAssemblies (134ms)
			RebuildTransferFunctionScriptingTraits (0ms)
			SetupTypeCache (360ms)
			ReleaseScriptCaches (3ms)
			RebuildScriptCaches (67ms)
			SetupLoadedEditorAssemblies (677ms)
				LogAssemblyErrors (0ms)
				InitializePlatformSupportModulesInManaged (47ms)
				SetLoadedEditorAssemblies (1ms)
				RefreshPlugins (1ms)
				BeforeProcessingInitializeOnLoad (113ms)
				ProcessInitializeOnLoadAttributes (409ms)
				ProcessInitializeOnLoadMethodAttributes (96ms)
				AfterProcessingInitializeOnLoad (10ms)
				EditorAssembliesLoaded (0ms)
			ExecutionOrderSort2 (0ms)
			AwakeInstancesAfterBackupRestoration (11ms)
Platform modules already initialized, skipping
Refreshing native plugins compatible for Editor in 3.82 ms, found 4 plugins.
Preloading 0 native plugins for Editor in 0.00 ms.
Unloading 5655 Unused Serialized files (Serialized files now loaded: 0)
Unloading 29 unused Assets / (0.8 MB). Loaded Objects now: 7048.
Memory consumption went from 219.1 MB to 218.3 MB.
Total: 5.992400 ms (FindLiveObjects: 0.594500 ms CreateObjectMapping: 0.290300 ms MarkObjects: 4.672600 ms  DeleteObjects: 0.433800 ms)

AssetImportParameters requested are different than current active one (requested -> active):
  custom:video-decoder-ogg-theora: a1e56fd34408186e4bbccfd4996cb3dc -> 
  custom:container-muxer-webm: aa71ff27fc2769a1b78a27578f13a17b -> 
  custom:container-demuxer-webm: 4f35f7cbe854078d1ac9338744f61a02 -> 
  custom:video-encoder-webm-vp8: eb34c28f22e8b96e1ab97ce403110664 -> 
  custom:video-codec-MediaFoundation-h265: 746d11721c4dcdbdad8f713fa42b33f4 -> 
  custom:audio-encoder-webm-vorbis: bf7c407c2cedff20999df2af8eb42d56 -> 
  custom:framework-win-MediaFoundation: 216162199b28c13a410421893ffa2e32 -> 
  custom:container-demuxer-ogg: 62fdf1f143b41e24485cea50d1cbac27 -> 
  custom:video-decoder-webm-vp8: 9c59270c3fd7afecdb556c50c9e8de78 -> 
  custom:audio-decoder-ogg-vorbis: bf7c407c2cedff20999df2af8eb42d56 -> 
========================================================================
Received Prepare
Registering precompiled user dll's ...
Registered in 0.015566 seconds.
Begin MonoManager ReloadAssembly
Symbol file LoadedFromMemory doesn't match image C:\Users\1\Documents\GitHub\Seagull-vs-Cats\Library\PackageCache\com.unity.visualscripting@1.8.0\Editor\VisualScripting.Core\Dependencies\YamlDotNet\Unity.VisualScripting.YamlDotNet.dll
Symbol file LoadedFromMemory doesn't match image C:\Users\1\Documents\GitHub\Seagull-vs-Cats\Library\PackageCache\com.unity.visualscripting@1.8.0\Editor\VisualScripting.Core\Dependencies\DotNetZip\Unity.VisualScripting.IonicZip.dll
Native extension for UWP target not found
Native extension for LinuxStandalone target not found
Native extension for WindowsStandalone target not found
Native extension for AppleTV target not found
Native extension for iOS target not found
Native extension for Android target not found
Native extension for OSXStandalone target not found
Native extension for WebGL target not found
Refreshing native plugins compatible for Editor in 1.14 ms, found 4 plugins.
Preloading 0 native plugins for Editor in 0.00 ms.
Mono: successfully reloaded assembly
- Completed reload, in  1.593 seconds
Domain Reload Profiling:
	ReloadAssembly (1594ms)
		BeginReloadAssembly (187ms)
			ExecutionOrderSort (0ms)
			DisableScriptedObjects (9ms)
			BackupInstance (0ms)
			ReleaseScriptingObjects (0ms)
			CreateAndSetChildDomain (58ms)
		EndReloadAssembly (1268ms)
			LoadAssemblies (125ms)
			RebuildTransferFunctionScriptingTraits (0ms)
			SetupTypeCache (354ms)
			ReleaseScriptCaches (3ms)
			RebuildScriptCaches (67ms)
			SetupLoadedEditorAssemblies (667ms)
				LogAssemblyErrors (0ms)
				InitializePlatformSupportModulesInManaged (48ms)
				SetLoadedEditorAssemblies (1ms)
				RefreshPlugins (1ms)
				BeforeProcessingInitializeOnLoad (110ms)
				ProcessInitializeOnLoadAttributes (393ms)
				ProcessInitializeOnLoadMethodAttributes (102ms)
				AfterProcessingInitializeOnLoad (12ms)
				EditorAssembliesLoaded (0ms)
			ExecutionOrderSort2 (0ms)
			AwakeInstancesAfterBackupRestoration (11ms)
Platform modules already initialized, skipping
Refreshing native plugins compatible for Editor in 4.90 ms, found 4 plugins.
Preloading 0 native plugins for Editor in 0.00 ms.
Unloading 5655 Unused Serialized files (Serialized files now loaded: 0)
Unloading 29 unused Assets / (0.8 MB). Loaded Objects now: 7063.
Memory consumption went from 219.1 MB to 218.3 MB.
Total: 6.601500 ms (FindLiveObjects: 0.625800 ms CreateObjectMapping: 0.346000 ms MarkObjects: 5.206300 ms  DeleteObjects: 0.422200 ms)

AssetImportParameters requested are different than current active one (requested -> active):
  custom:video-decoder-ogg-theora: a1e56fd34408186e4bbccfd4996cb3dc -> 
  custom:container-muxer-webm: aa71ff27fc2769a1b78a27578f13a17b -> 
  custom:container-demuxer-webm: 4f35f7cbe854078d1ac9338744f61a02 -> 
  custom:video-encoder-webm-vp8: eb34c28f22e8b96e1ab97ce403110664 -> 
  custom:video-codec-MediaFoundation-h265: 746d11721c4dcdbdad8f713fa42b33f4 -> 
  custom:audio-encoder-webm-vorbis: bf7c407c2cedff20999df2af8eb42d56 -> 
  custom:framework-win-MediaFoundation: 216162199b28c13a410421893ffa2e32 -> 
  custom:container-demuxer-ogg: 62fdf1f143b41e24485cea50d1cbac27 -> 
  custom:video-decoder-webm-vp8: 9c59270c3fd7afecdb556c50c9e8de78 -> 
  custom:audio-decoder-ogg-vorbis: bf7c407c2cedff20999df2af8eb42d56 -> 
========================================================================
Received Prepare
Registering precompiled user dll's ...
Registered in 0.014671 seconds.
Begin MonoManager ReloadAssembly
Symbol file LoadedFromMemory doesn't match image C:\Users\1\Documents\GitHub\Seagull-vs-Cats\Library\PackageCache\com.unity.visualscripting@1.8.0\Editor\VisualScripting.Core\Dependencies\YamlDotNet\Unity.VisualScripting.YamlDotNet.dll
Symbol file LoadedFromMemory doesn't match image C:\Users\1\Documents\GitHub\Seagull-vs-Cats\Library\PackageCache\com.unity.visualscripting@1.8.0\Editor\VisualScripting.Core\Dependencies\DotNetZip\Unity.VisualScripting.IonicZip.dll
Native extension for UWP target not found
Native extension for LinuxStandalone target not found
Native extension for WindowsStandalone target not found
Native extension for AppleTV target not found
Native extension for iOS target not found
Native extension for Android target not found
Native extension for OSXStandalone target not found
Native extension for WebGL target not found
Refreshing native plugins compatible for Editor in 1.19 ms, found 4 plugins.
Preloading 0 native plugins for Editor in 0.00 ms.
Mono: successfully reloaded assembly
- Completed reload, in  1.629 seconds
Domain Reload Profiling:
	ReloadAssembly (1630ms)
		BeginReloadAssembly (190ms)
			ExecutionOrderSort (0ms)
			DisableScriptedObjects (8ms)
			BackupInstance (0ms)
			ReleaseScriptingObjects (0ms)
			CreateAndSetChildDomain (56ms)
		EndReloadAssembly (1301ms)
			LoadAssemblies (133ms)
			RebuildTransferFunctionScriptingTraits (0ms)
			SetupTypeCache (343ms)
			ReleaseScriptCaches (3ms)
			RebuildScriptCaches (71ms)
			SetupLoadedEditorAssemblies (685ms)
				LogAssemblyErrors (0ms)
				InitializePlatformSupportModulesInManaged (53ms)
				SetLoadedEditorAssemblies (1ms)
				RefreshPlugins (1ms)
				BeforeProcessingInitializeOnLoad (112ms)
				ProcessInitializeOnLoadAttributes (409ms)
				ProcessInitializeOnLoadMethodAttributes (99ms)
				AfterProcessingInitializeOnLoad (10ms)
				EditorAssembliesLoaded (0ms)
			ExecutionOrderSort2 (0ms)
			AwakeInstancesAfterBackupRestoration (15ms)
Platform modules already initialized, skipping
Refreshing native plugins compatible for Editor in 4.07 ms, found 4 plugins.
Preloading 0 native plugins for Editor in 0.00 ms.
Unloading 5655 Unused Serialized files (Serialized files now loaded: 0)
Unloading 29 unused Assets / (0.8 MB). Loaded Objects now: 7078.
Memory consumption went from 219.1 MB to 218.3 MB.
Total: 6.543800 ms (FindLiveObjects: 0.600800 ms CreateObjectMapping: 0.289000 ms MarkObjects: 5.240600 ms  DeleteObjects: 0.412300 ms)

AssetImportParameters requested are different than current active one (requested -> active):
  custom:video-decoder-ogg-theora: a1e56fd34408186e4bbccfd4996cb3dc -> 
  custom:container-muxer-webm: aa71ff27fc2769a1b78a27578f13a17b -> 
  custom:container-demuxer-webm: 4f35f7cbe854078d1ac9338744f61a02 -> 
  custom:video-encoder-webm-vp8: eb34c28f22e8b96e1ab97ce403110664 -> 
  custom:video-codec-MediaFoundation-h265: 746d11721c4dcdbdad8f713fa42b33f4 -> 
  custom:audio-encoder-webm-vorbis: bf7c407c2cedff20999df2af8eb42d56 -> 
  custom:framework-win-MediaFoundation: 216162199b28c13a410421893ffa2e32 -> 
  custom:container-demuxer-ogg: 62fdf1f143b41e24485cea50d1cbac27 -> 
  custom:video-decoder-webm-vp8: 9c59270c3fd7afecdb556c50c9e8de78 -> 
  custom:audio-decoder-ogg-vorbis: bf7c407c2cedff20999df2af8eb42d56 -> 
========================================================================
Received Prepare
Registering precompiled user dll's ...
Registered in 0.016143 seconds.
Begin MonoManager ReloadAssembly
Symbol file LoadedFromMemory doesn't match image C:\Users\1\Documents\GitHub\Seagull-vs-Cats\Library\PackageCache\com.unity.visualscripting@1.8.0\Editor\VisualScripting.Core\Dependencies\YamlDotNet\Unity.VisualScripting.YamlDotNet.dll
Symbol file LoadedFromMemory doesn't match image C:\Users\1\Documents\GitHub\Seagull-vs-Cats\Library\PackageCache\com.unity.visualscripting@1.8.0\Editor\VisualScripting.Core\Dependencies\DotNetZip\Unity.VisualScripting.IonicZip.dll
Native extension for UWP target not found
Native extension for LinuxStandalone target not found
Native extension for WindowsStandalone target not found
Native extension for AppleTV target not found
Native extension for iOS target not found
Native extension for Android target not found
Native extension for OSXStandalone target not found
Native extension for WebGL target not found
Refreshing native plugins compatible for Editor in 1.19 ms, found 4 plugins.
Preloading 0 native plugins for Editor in 0.00 ms.
Mono: successfully reloaded assembly
- Completed reload, in  1.617 seconds
Domain Reload Profiling:
	ReloadAssembly (1618ms)
		BeginReloadAssembly (189ms)
			ExecutionOrderSort (0ms)
			DisableScriptedObjects (8ms)
			BackupInstance (0ms)
			ReleaseScriptingObjects (0ms)
			CreateAndSetChildDomain (45ms)
		EndReloadAssembly (1285ms)
			LoadAssemblies (142ms)
			RebuildTransferFunctionScriptingTraits (0ms)
			SetupTypeCache (341ms)
			ReleaseScriptCaches (3ms)
			RebuildScriptCaches (78ms)
			SetupLoadedEditorAssemblies (672ms)
				LogAssemblyErrors (0ms)
				InitializePlatformSupportModulesInManaged (48ms)
				SetLoadedEditorAssemblies (1ms)
				RefreshPlugins (1ms)
				BeforeProcessingInitializeOnLoad (111ms)
				ProcessInitializeOnLoadAttributes (404ms)
				ProcessInitializeOnLoadMethodAttributes (96ms)
				AfterProcessingInitializeOnLoad (10ms)
				EditorAssembliesLoaded (0ms)
			ExecutionOrderSort2 (0ms)
			AwakeInstancesAfterBackupRestoration (10ms)
Platform modules already initialized, skipping
Refreshing native plugins compatible for Editor in 3.71 ms, found 4 plugins.
Preloading 0 native plugins for Editor in 0.00 ms.
Unloading 5655 Unused Serialized files (Serialized files now loaded: 0)
Unloading 29 unused Assets / (0.8 MB). Loaded Objects now: 7093.
Memory consumption went from 219.1 MB to 218.4 MB.
Total: 9.423400 ms (FindLiveObjects: 0.683000 ms CreateObjectMapping: 0.328600 ms MarkObjects: 7.753700 ms  DeleteObjects: 0.656200 ms)

AssetImportParameters requested are different than current active one (requested -> active):
  custom:video-decoder-ogg-theora: a1e56fd34408186e4bbccfd4996cb3dc -> 
  custom:container-muxer-webm: aa71ff27fc2769a1b78a27578f13a17b -> 
  custom:container-demuxer-webm: 4f35f7cbe854078d1ac9338744f61a02 -> 
  custom:video-encoder-webm-vp8: eb34c28f22e8b96e1ab97ce403110664 -> 
  custom:video-codec-MediaFoundation-h265: 746d11721c4dcdbdad8f713fa42b33f4 -> 
  custom:audio-encoder-webm-vorbis: bf7c407c2cedff20999df2af8eb42d56 -> 
  custom:framework-win-MediaFoundation: 216162199b28c13a410421893ffa2e32 -> 
  custom:container-demuxer-ogg: 62fdf1f143b41e24485cea50d1cbac27 -> 
  custom:video-decoder-webm-vp8: 9c59270c3fd7afecdb556c50c9e8de78 -> 
  custom:audio-decoder-ogg-vorbis: bf7c407c2cedff20999df2af8eb42d56 -> 
========================================================================
Received Prepare
Registering precompiled user dll's ...
Registered in 0.018939 seconds.
Begin MonoManager ReloadAssembly
Symbol file LoadedFromMemory doesn't match image C:\Users\1\Documents\GitHub\Seagull-vs-Cats\Library\PackageCache\com.unity.visualscripting@1.8.0\Editor\VisualScripting.Core\Dependencies\YamlDotNet\Unity.VisualScripting.YamlDotNet.dll
Symbol file LoadedFromMemory doesn't match image C:\Users\1\Documents\GitHub\Seagull-vs-Cats\Library\PackageCache\com.unity.visualscripting@1.8.0\Editor\VisualScripting.Core\Dependencies\DotNetZip\Unity.VisualScripting.IonicZip.dll
Native extension for UWP target not found
Native extension for LinuxStandalone target not found
Native extension for WindowsStandalone target not found
Native extension for AppleTV target not found
Native extension for iOS target not found
Native extension for Android target not found
Native extension for OSXStandalone target not found
Native extension for WebGL target not found
Refreshing native plugins compatible for Editor in 1.18 ms, found 4 plugins.
Preloading 0 native plugins for Editor in 0.00 ms.
Mono: successfully reloaded assembly
- Completed reload, in  1.645 seconds
Domain Reload Profiling:
	ReloadAssembly (1646ms)
		BeginReloadAssembly (194ms)
			ExecutionOrderSort (0ms)
			DisableScriptedObjects (9ms)
			BackupInstance (0ms)
			ReleaseScriptingObjects (0ms)
			CreateAndSetChildDomain (56ms)
		EndReloadAssembly (1321ms)
			LoadAssemblies (139ms)
			RebuildTransferFunctionScriptingTraits (0ms)
			SetupTypeCache (351ms)
			ReleaseScriptCaches (3ms)
			RebuildScriptCaches (70ms)
			SetupLoadedEditorAssemblies (699ms)
				LogAssemblyErrors (0ms)
				InitializePlatformSupportModulesInManaged (60ms)
				SetLoadedEditorAssemblies (1ms)
				RefreshPlugins (1ms)
				BeforeProcessingInitializeOnLoad (120ms)
				ProcessInitializeOnLoadAttributes (410ms)
				ProcessInitializeOnLoadMethodAttributes (97ms)
				AfterProcessingInitializeOnLoad (10ms)
				EditorAssembliesLoaded (0ms)
			ExecutionOrderSort2 (0ms)
			AwakeInstancesAfterBackupRestoration (10ms)
Platform modules already initialized, skipping
Refreshing native plugins compatible for Editor in 4.09 ms, found 4 plugins.
Preloading 0 native plugins for Editor in 0.00 ms.
Unloading 5655 Unused Serialized files (Serialized files now loaded: 0)
Unloading 29 unused Assets / (0.8 MB). Loaded Objects now: 7108.
Memory consumption went from 219.1 MB to 218.4 MB.
Total: 5.080100 ms (FindLiveObjects: 0.617000 ms CreateObjectMapping: 0.292900 ms MarkObjects: 3.751500 ms  DeleteObjects: 0.417500 ms)

AssetImportParameters requested are different than current active one (requested -> active):
  custom:video-decoder-ogg-theora: a1e56fd34408186e4bbccfd4996cb3dc -> 
  custom:container-muxer-webm: aa71ff27fc2769a1b78a27578f13a17b -> 
  custom:container-demuxer-webm: 4f35f7cbe854078d1ac9338744f61a02 -> 
  custom:video-encoder-webm-vp8: eb34c28f22e8b96e1ab97ce403110664 -> 
  custom:video-codec-MediaFoundation-h265: 746d11721c4dcdbdad8f713fa42b33f4 -> 
  custom:audio-encoder-webm-vorbis: bf7c407c2cedff20999df2af8eb42d56 -> 
  custom:framework-win-MediaFoundation: 216162199b28c13a410421893ffa2e32 -> 
  custom:container-demuxer-ogg: 62fdf1f143b41e24485cea50d1cbac27 -> 
  custom:video-decoder-webm-vp8: 9c59270c3fd7afecdb556c50c9e8de78 -> 
  custom:audio-decoder-ogg-vorbis: bf7c407c2cedff20999df2af8eb42d56 -> 
========================================================================
Received Prepare
Registering precompiled user dll's ...
Registered in 0.016085 seconds.
Begin MonoManager ReloadAssembly
Symbol file LoadedFromMemory doesn't match image C:\Users\1\Documents\GitHub\Seagull-vs-Cats\Library\PackageCache\com.unity.visualscripting@1.8.0\Editor\VisualScripting.Core\Dependencies\YamlDotNet\Unity.VisualScripting.YamlDotNet.dll
Symbol file LoadedFromMemory doesn't match image C:\Users\1\Documents\GitHub\Seagull-vs-Cats\Library\PackageCache\com.unity.visualscripting@1.8.0\Editor\VisualScripting.Core\Dependencies\DotNetZip\Unity.VisualScripting.IonicZip.dll
Native extension for UWP target not found
Native extension for LinuxStandalone target not found
Native extension for WindowsStandalone target not found
Native extension for AppleTV target not found
Native extension for iOS target not found
Native extension for Android target not found
Native extension for OSXStandalone target not found
Native extension for WebGL target not found
Refreshing native plugins compatible for Editor in 1.18 ms, found 4 plugins.
Preloading 0 native plugins for Editor in 0.00 ms.
Mono: successfully reloaded assembly
- Completed reload, in  1.685 seconds
Domain Reload Profiling:
	ReloadAssembly (1686ms)
		BeginReloadAssembly (206ms)
			ExecutionOrderSort (0ms)
			DisableScriptedObjects (9ms)
			BackupInstance (0ms)
			ReleaseScriptingObjects (0ms)
			CreateAndSetChildDomain (52ms)
		EndReloadAssembly (1338ms)
			LoadAssemblies (151ms)
			RebuildTransferFunctionScriptingTraits (0ms)
			SetupTypeCache (359ms)
			ReleaseScriptCaches (3ms)
			RebuildScriptCaches (66ms)
			SetupLoadedEditorAssemblies (715ms)
				LogAssemblyErrors (0ms)
				InitializePlatformSupportModulesInManaged (63ms)
				SetLoadedEditorAssemblies (1ms)
				RefreshPlugins (1ms)
				BeforeProcessingInitializeOnLoad (120ms)
				ProcessInitializeOnLoadAttributes (419ms)
				ProcessInitializeOnLoadMethodAttributes (101ms)
				AfterProcessingInitializeOnLoad (10ms)
				EditorAssembliesLoaded (0ms)
			ExecutionOrderSort2 (0ms)
			AwakeInstancesAfterBackupRestoration (11ms)
Platform modules already initialized, skipping
Refreshing native plugins compatible for Editor in 3.61 ms, found 4 plugins.
Preloading 0 native plugins for Editor in 0.00 ms.
Unloading 5655 Unused Serialized files (Serialized files now loaded: 0)
Unloading 29 unused Assets / (0.8 MB). Loaded Objects now: 7123.
Memory consumption went from 219.2 MB to 218.4 MB.
Total: 6.255300 ms (FindLiveObjects: 0.643500 ms CreateObjectMapping: 0.287900 ms MarkObjects: 4.912200 ms  DeleteObjects: 0.410600 ms)

AssetImportParameters requested are different than current active one (requested -> active):
  custom:video-decoder-ogg-theora: a1e56fd34408186e4bbccfd4996cb3dc -> 
  custom:container-muxer-webm: aa71ff27fc2769a1b78a27578f13a17b -> 
  custom:container-demuxer-webm: 4f35f7cbe854078d1ac9338744f61a02 -> 
  custom:video-encoder-webm-vp8: eb34c28f22e8b96e1ab97ce403110664 -> 
  custom:video-codec-MediaFoundation-h265: 746d11721c4dcdbdad8f713fa42b33f4 -> 
  custom:audio-encoder-webm-vorbis: bf7c407c2cedff20999df2af8eb42d56 -> 
  custom:framework-win-MediaFoundation: 216162199b28c13a410421893ffa2e32 -> 
  custom:container-demuxer-ogg: 62fdf1f143b41e24485cea50d1cbac27 -> 
  custom:video-decoder-webm-vp8: 9c59270c3fd7afecdb556c50c9e8de78 -> 
  custom:audio-decoder-ogg-vorbis: bf7c407c2cedff20999df2af8eb42d56 -> 
========================================================================
Received Prepare
Registering precompiled user dll's ...
Registered in 0.016446 seconds.
Begin MonoManager ReloadAssembly
Symbol file LoadedFromMemory doesn't match image C:\Users\1\Documents\GitHub\Seagull-vs-Cats\Library\PackageCache\com.unity.visualscripting@1.8.0\Editor\VisualScripting.Core\Dependencies\YamlDotNet\Unity.VisualScripting.YamlDotNet.dll
Symbol file LoadedFromMemory doesn't match image C:\Users\1\Documents\GitHub\Seagull-vs-Cats\Library\PackageCache\com.unity.visualscripting@1.8.0\Editor\VisualScripting.Core\Dependencies\DotNetZip\Unity.VisualScripting.IonicZip.dll
Native extension for UWP target not found
Native extension for LinuxStandalone target not found
Native extension for WindowsStandalone target not found
Native extension for AppleTV target not found
Native extension for iOS target not found
Native extension for Android target not found
Native extension for OSXStandalone target not found
Native extension for WebGL target not found
Refreshing native plugins compatible for Editor in 1.15 ms, found 4 plugins.
Preloading 0 native plugins for Editor in 0.00 ms.
Mono: successfully reloaded assembly
- Completed reload, in  1.616 seconds
Domain Reload Profiling:
	ReloadAssembly (1617ms)
		BeginReloadAssembly (177ms)
			ExecutionOrderSort (0ms)
			DisableScriptedObjects (8ms)
			BackupInstance (0ms)
			ReleaseScriptingObjects (0ms)
			CreateAndSetChildDomain (47ms)
		EndReloadAssembly (1316ms)
			LoadAssemblies (128ms)
			RebuildTransferFunctionScriptingTraits (0ms)
			SetupTypeCache (379ms)
			ReleaseScriptCaches (3ms)
			RebuildScriptCaches (73ms)
			SetupLoadedEditorAssemblies (681ms)
				LogAssemblyErrors (0ms)
				InitializePlatformSupportModulesInManaged (47ms)
				SetLoadedEditorAssemblies (1ms)
				RefreshPlugins (1ms)
				BeforeProcessingInitializeOnLoad (111ms)
				ProcessInitializeOnLoadAttributes (412ms)
				ProcessInitializeOnLoadMethodAttributes (99ms)
				AfterProcessingInitializeOnLoad (10ms)
				EditorAssembliesLoaded (0ms)
			ExecutionOrderSort2 (0ms)
			AwakeInstancesAfterBackupRestoration (11ms)
Platform modules already initialized, skipping
Refreshing native plugins compatible for Editor in 3.90 ms, found 4 plugins.
Preloading 0 native plugins for Editor in 0.00 ms.
Unloading 5655 Unused Serialized files (Serialized files now loaded: 0)
Unloading 29 unused Assets / (0.8 MB). Loaded Objects now: 7138.
Memory consumption went from 219.2 MB to 218.4 MB.
Total: 5.167100 ms (FindLiveObjects: 0.615100 ms CreateObjectMapping: 0.291100 ms MarkObjects: 3.842800 ms  DeleteObjects: 0.416800 ms)

AssetImportParameters requested are different than current active one (requested -> active):
  custom:video-decoder-ogg-theora: a1e56fd34408186e4bbccfd4996cb3dc -> 
  custom:container-muxer-webm: aa71ff27fc2769a1b78a27578f13a17b -> 
  custom:container-demuxer-webm: 4f35f7cbe854078d1ac9338744f61a02 -> 
  custom:video-encoder-webm-vp8: eb34c28f22e8b96e1ab97ce403110664 -> 
  custom:video-codec-MediaFoundation-h265: 746d11721c4dcdbdad8f713fa42b33f4 -> 
  custom:audio-encoder-webm-vorbis: bf7c407c2cedff20999df2af8eb42d56 -> 
  custom:framework-win-MediaFoundation: 216162199b28c13a410421893ffa2e32 -> 
  custom:container-demuxer-ogg: 62fdf1f143b41e24485cea50d1cbac27 -> 
  custom:video-decoder-webm-vp8: 9c59270c3fd7afecdb556c50c9e8de78 -> 
  custom:audio-decoder-ogg-vorbis: bf7c407c2cedff20999df2af8eb42d56 -> 
========================================================================
Received Prepare
Registering precompiled user dll's ...
Registered in 0.014141 seconds.
Begin MonoManager ReloadAssembly
Symbol file LoadedFromMemory doesn't match image C:\Users\1\Documents\GitHub\Seagull-vs-Cats\Library\PackageCache\com.unity.visualscripting@1.8.0\Editor\VisualScripting.Core\Dependencies\YamlDotNet\Unity.VisualScripting.YamlDotNet.dll
Symbol file LoadedFromMemory doesn't match image C:\Users\1\Documents\GitHub\Seagull-vs-Cats\Library\PackageCache\com.unity.visualscripting@1.8.0\Editor\VisualScripting.Core\Dependencies\DotNetZip\Unity.VisualScripting.IonicZip.dll
Native extension for UWP target not found
Native extension for LinuxStandalone target not found
Native extension for WindowsStandalone target not found
Native extension for AppleTV target not found
Native extension for iOS target not found
Native extension for Android target not found
Native extension for OSXStandalone target not found
Native extension for WebGL target not found
Refreshing native plugins compatible for Editor in 1.06 ms, found 4 plugins.
Preloading 0 native plugins for Editor in 0.00 ms.
Mono: successfully reloaded assembly
- Completed reload, in  1.634 seconds
Domain Reload Profiling:
	ReloadAssembly (1635ms)
		BeginReloadAssembly (184ms)
			ExecutionOrderSort (0ms)
			DisableScriptedObjects (8ms)
			BackupInstance (0ms)
			ReleaseScriptingObjects (0ms)
			CreateAndSetChildDomain (48ms)
		EndReloadAssembly (1319ms)
			LoadAssemblies (154ms)
			RebuildTransferFunctionScriptingTraits (0ms)
			SetupTypeCache (355ms)
			ReleaseScriptCaches (3ms)
			RebuildScriptCaches (67ms)
			SetupLoadedEditorAssemblies (691ms)
				LogAssemblyErrors (0ms)
				InitializePlatformSupportModulesInManaged (46ms)
				SetLoadedEditorAssemblies (1ms)
				RefreshPlugins (1ms)
				BeforeProcessingInitializeOnLoad (117ms)
				ProcessInitializeOnLoadAttributes (414ms)
				ProcessInitializeOnLoadMethodAttributes (102ms)
				AfterProcessingInitializeOnLoad (10ms)
				EditorAssembliesLoaded (0ms)
			ExecutionOrderSort2 (0ms)
			AwakeInstancesAfterBackupRestoration (11ms)
Platform modules already initialized, skipping
Refreshing native plugins compatible for Editor in 4.01 ms, found 4 plugins.
Preloading 0 native plugins for Editor in 0.00 ms.
Unloading 5655 Unused Serialized files (Serialized files now loaded: 0)
Unloading 29 unused Assets / (0.8 MB). Loaded Objects now: 7153.
Memory consumption went from 219.2 MB to 218.4 MB.
Total: 5.026600 ms (FindLiveObjects: 0.610000 ms CreateObjectMapping: 0.284100 ms MarkObjects: 3.731300 ms  DeleteObjects: 0.400200 ms)

AssetImportParameters requested are different than current active one (requested -> active):
  custom:video-decoder-ogg-theora: a1e56fd34408186e4bbccfd4996cb3dc -> 
  custom:container-muxer-webm: aa71ff27fc2769a1b78a27578f13a17b -> 
  custom:container-demuxer-webm: 4f35f7cbe854078d1ac9338744f61a02 -> 
  custom:video-encoder-webm-vp8: eb34c28f22e8b96e1ab97ce403110664 -> 
  custom:video-codec-MediaFoundation-h265: 746d11721c4dcdbdad8f713fa42b33f4 -> 
  custom:audio-encoder-webm-vorbis: bf7c407c2cedff20999df2af8eb42d56 -> 
  custom:framework-win-MediaFoundation: 216162199b28c13a410421893ffa2e32 -> 
  custom:container-demuxer-ogg: 62fdf1f143b41e24485cea50d1cbac27 -> 
  custom:video-decoder-webm-vp8: 9c59270c3fd7afecdb556c50c9e8de78 -> 
  custom:audio-decoder-ogg-vorbis: bf7c407c2cedff20999df2af8eb42d56 -> 
========================================================================
Received Prepare
Registering precompiled user dll's ...
Registered in 0.014285 seconds.
Begin MonoManager ReloadAssembly
Symbol file LoadedFromMemory doesn't match image C:\Users\1\Documents\GitHub\Seagull-vs-Cats\Library\PackageCache\com.unity.visualscripting@1.8.0\Editor\VisualScripting.Core\Dependencies\YamlDotNet\Unity.VisualScripting.YamlDotNet.dll
Symbol file LoadedFromMemory doesn't match image C:\Users\1\Documents\GitHub\Seagull-vs-Cats\Library\PackageCache\com.unity.visualscripting@1.8.0\Editor\VisualScripting.Core\Dependencies\DotNetZip\Unity.VisualScripting.IonicZip.dll
Native extension for UWP target not found
Native extension for LinuxStandalone target not found
Native extension for WindowsStandalone target not found
Native extension for AppleTV target not found
Native extension for iOS target not found
Native extension for Android target not found
Native extension for OSXStandalone target not found
Native extension for WebGL target not found
Refreshing native plugins compatible for Editor in 1.17 ms, found 4 plugins.
Preloading 0 native plugins for Editor in 0.00 ms.
Mono: successfully reloaded assembly
- Completed reload, in  1.605 seconds
Domain Reload Profiling:
	ReloadAssembly (1606ms)
		BeginReloadAssembly (188ms)
			ExecutionOrderSort (0ms)
			DisableScriptedObjects (8ms)
			BackupInstance (0ms)
			ReleaseScriptingObjects (0ms)
			CreateAndSetChildDomain (54ms)
		EndReloadAssembly (1283ms)
			LoadAssemblies (138ms)
			RebuildTransferFunctionScriptingTraits (0ms)
			SetupTypeCache (350ms)
			ReleaseScriptCaches (3ms)
			RebuildScriptCaches (73ms)
			SetupLoadedEditorAssemblies (667ms)
				LogAssemblyErrors (0ms)
				InitializePlatformSupportModulesInManaged (47ms)
				SetLoadedEditorAssemblies (1ms)
				RefreshPlugins (1ms)
				BeforeProcessingInitializeOnLoad (117ms)
				ProcessInitializeOnLoadAttributes (394ms)
				ProcessInitializeOnLoadMethodAttributes (96ms)
				AfterProcessingInitializeOnLoad (10ms)
				EditorAssembliesLoaded (0ms)
			ExecutionOrderSort2 (0ms)
			AwakeInstancesAfterBackupRestoration (11ms)
Platform modules already initialized, skipping
Refreshing native plugins compatible for Editor in 3.63 ms, found 4 plugins.
Preloading 0 native plugins for Editor in 0.00 ms.
Unloading 5655 Unused Serialized files (Serialized files now loaded: 0)
Unloading 29 unused Assets / (0.8 MB). Loaded Objects now: 7168.
Memory consumption went from 219.2 MB to 218.4 MB.
Total: 4.932000 ms (FindLiveObjects: 0.607500 ms CreateObjectMapping: 0.286100 ms MarkObjects: 3.651700 ms  DeleteObjects: 0.385400 ms)

AssetImportParameters requested are different than current active one (requested -> active):
  custom:video-decoder-ogg-theora: a1e56fd34408186e4bbccfd4996cb3dc -> 
  custom:container-muxer-webm: aa71ff27fc2769a1b78a27578f13a17b -> 
  custom:container-demuxer-webm: 4f35f7cbe854078d1ac9338744f61a02 -> 
  custom:video-encoder-webm-vp8: eb34c28f22e8b96e1ab97ce403110664 -> 
  custom:video-codec-MediaFoundation-h265: 746d11721c4dcdbdad8f713fa42b33f4 -> 
  custom:audio-encoder-webm-vorbis: bf7c407c2cedff20999df2af8eb42d56 -> 
  custom:framework-win-MediaFoundation: 216162199b28c13a410421893ffa2e32 -> 
  custom:container-demuxer-ogg: 62fdf1f143b41e24485cea50d1cbac27 -> 
  custom:video-decoder-webm-vp8: 9c59270c3fd7afecdb556c50c9e8de78 -> 
  custom:audio-decoder-ogg-vorbis: bf7c407c2cedff20999df2af8eb42d56 -> 
========================================================================
Received Prepare
Registering precompiled user dll's ...
Registered in 0.017718 seconds.
Begin MonoManager ReloadAssembly
Symbol file LoadedFromMemory doesn't match image C:\Users\1\Documents\GitHub\Seagull-vs-Cats\Library\PackageCache\com.unity.visualscripting@1.8.0\Editor\VisualScripting.Core\Dependencies\YamlDotNet\Unity.VisualScripting.YamlDotNet.dll
Symbol file LoadedFromMemory doesn't match image C:\Users\1\Documents\GitHub\Seagull-vs-Cats\Library\PackageCache\com.unity.visualscripting@1.8.0\Editor\VisualScripting.Core\Dependencies\DotNetZip\Unity.VisualScripting.IonicZip.dll
Native extension for UWP target not found
Native extension for LinuxStandalone target not found
Native extension for WindowsStandalone target not found
Native extension for AppleTV target not found
Native extension for iOS target not found
Native extension for Android target not found
Native extension for OSXStandalone target not found
Native extension for WebGL target not found
Refreshing native plugins compatible for Editor in 1.18 ms, found 4 plugins.
Preloading 0 native plugins for Editor in 0.00 ms.
Mono: successfully reloaded assembly
- Completed reload, in  1.599 seconds
Domain Reload Profiling:
	ReloadAssembly (1600ms)
		BeginReloadAssembly (188ms)
			ExecutionOrderSort (0ms)
			DisableScriptedObjects (8ms)
			BackupInstance (0ms)
			ReleaseScriptingObjects (0ms)
			CreateAndSetChildDomain (49ms)
		EndReloadAssembly (1288ms)
			LoadAssemblies (137ms)
			RebuildTransferFunctionScriptingTraits (0ms)
			SetupTypeCache (358ms)
			ReleaseScriptCaches (4ms)
			RebuildScriptCaches (70ms)
			SetupLoadedEditorAssemblies (676ms)
				LogAssemblyErrors (0ms)
				InitializePlatformSupportModulesInManaged (47ms)
				SetLoadedEditorAssemblies (1ms)
				RefreshPlugins (1ms)
				BeforeProcessingInitializeOnLoad (121ms)
				ProcessInitializeOnLoadAttributes (399ms)
				ProcessInitializeOnLoadMethodAttributes (97ms)
				AfterProcessingInitializeOnLoad (10ms)
				EditorAssembliesLoaded (0ms)
			ExecutionOrderSort2 (0ms)
			AwakeInstancesAfterBackupRestoration (10ms)
Platform modules already initialized, skipping
Refreshing native plugins compatible for Editor in 4.79 ms, found 4 plugins.
Preloading 0 native plugins for Editor in 0.00 ms.
Unloading 5655 Unused Serialized files (Serialized files now loaded: 0)
Unloading 29 unused Assets / (0.8 MB). Loaded Objects now: 7183.
Memory consumption went from 219.2 MB to 218.5 MB.
Total: 5.682000 ms (FindLiveObjects: 1.016000 ms CreateObjectMapping: 0.419200 ms MarkObjects: 3.820100 ms  DeleteObjects: 0.425100 ms)

AssetImportParameters requested are different than current active one (requested -> active):
  custom:video-decoder-ogg-theora: a1e56fd34408186e4bbccfd4996cb3dc -> 
  custom:container-muxer-webm: aa71ff27fc2769a1b78a27578f13a17b -> 
  custom:container-demuxer-webm: 4f35f7cbe854078d1ac9338744f61a02 -> 
  custom:video-encoder-webm-vp8: eb34c28f22e8b96e1ab97ce403110664 -> 
  custom:video-codec-MediaFoundation-h265: 746d11721c4dcdbdad8f713fa42b33f4 -> 
  custom:audio-encoder-webm-vorbis: bf7c407c2cedff20999df2af8eb42d56 -> 
  custom:framework-win-MediaFoundation: 216162199b28c13a410421893ffa2e32 -> 
  custom:container-demuxer-ogg: 62fdf1f143b41e24485cea50d1cbac27 -> 
  custom:video-decoder-webm-vp8: 9c59270c3fd7afecdb556c50c9e8de78 -> 
  custom:audio-decoder-ogg-vorbis: bf7c407c2cedff20999df2af8eb42d56 -> 
========================================================================
Received Import Request.
  Time since last request: 6813.146072 seconds.
  path: Assets/Scripts/ButtonUpgrade.cs
  artifactKey: Guid(d8a5b32d210d9d044be0ea5e9c3f0fb1) Importer(815301076,1909f56bfc062723c751e8b465ee728b)
Start importing Assets/Scripts/ButtonUpgrade.cs using Guid(d8a5b32d210d9d044be0ea5e9c3f0fb1) Importer(815301076,1909f56bfc062723c751e8b465ee728b)  -> (artifact id: '90771d8c1eb1331eeb5555dcc6989595') in 0.026908 seconds 
========================================================================
Received Prepare
Registering precompiled user dll's ...
Registered in 0.018585 seconds.
Begin MonoManager ReloadAssembly
Symbol file LoadedFromMemory doesn't match image C:\Users\1\Documents\GitHub\Seagull-vs-Cats\Library\PackageCache\com.unity.visualscripting@1.8.0\Editor\VisualScripting.Core\Dependencies\YamlDotNet\Unity.VisualScripting.YamlDotNet.dll
Symbol file LoadedFromMemory doesn't match image C:\Users\1\Documents\GitHub\Seagull-vs-Cats\Library\PackageCache\com.unity.visualscripting@1.8.0\Editor\VisualScripting.Core\Dependencies\DotNetZip\Unity.VisualScripting.IonicZip.dll
Native extension for UWP target not found
Native extension for LinuxStandalone target not found
Native extension for WindowsStandalone target not found
Native extension for AppleTV target not found
Native extension for iOS target not found
Native extension for Android target not found
Native extension for OSXStandalone target not found
Native extension for WebGL target not found
Refreshing native plugins compatible for Editor in 1.25 ms, found 4 plugins.
Preloading 0 native plugins for Editor in 0.00 ms.
Mono: successfully reloaded assembly
- Completed reload, in  1.730 seconds
Domain Reload Profiling:
	ReloadAssembly (1731ms)
		BeginReloadAssembly (184ms)
			ExecutionOrderSort (0ms)
			DisableScriptedObjects (12ms)
			BackupInstance (0ms)
			ReleaseScriptingObjects (0ms)
			CreateAndSetChildDomain (49ms)
		EndReloadAssembly (1412ms)
			LoadAssemblies (131ms)
			RebuildTransferFunctionScriptingTraits (0ms)
			SetupTypeCache (363ms)
			ReleaseScriptCaches (3ms)
			RebuildScriptCaches (71ms)
			SetupLoadedEditorAssemblies (781ms)
				LogAssemblyErrors (0ms)
				InitializePlatformSupportModulesInManaged (47ms)
				SetLoadedEditorAssemblies (1ms)
				RefreshPlugins (1ms)
				BeforeProcessingInitializeOnLoad (124ms)
				ProcessInitializeOnLoadAttributes (462ms)
				ProcessInitializeOnLoadMethodAttributes (120ms)
				AfterProcessingInitializeOnLoad (25ms)
				EditorAssembliesLoaded (0ms)
			ExecutionOrderSort2 (0ms)
			AwakeInstancesAfterBackupRestoration (16ms)
Platform modules already initialized, skipping
Refreshing native plugins compatible for Editor in 6.01 ms, found 4 plugins.
Preloading 0 native plugins for Editor in 0.00 ms.
Unloading 5656 Unused Serialized files (Serialized files now loaded: 0)
Unloading 29 unused Assets / (0.8 MB). Loaded Objects now: 7199.
Memory consumption went from 219.3 MB to 218.5 MB.
Total: 9.290800 ms (FindLiveObjects: 1.793100 ms CreateObjectMapping: 0.492400 ms MarkObjects: 6.188800 ms  DeleteObjects: 0.565300 ms)

AssetImportParameters requested are different than current active one (requested -> active):
  custom:video-decoder-ogg-theora: a1e56fd34408186e4bbccfd4996cb3dc -> 
  custom:container-muxer-webm: aa71ff27fc2769a1b78a27578f13a17b -> 
  custom:container-demuxer-webm: 4f35f7cbe854078d1ac9338744f61a02 -> 
  custom:video-encoder-webm-vp8: eb34c28f22e8b96e1ab97ce403110664 -> 
  custom:video-codec-MediaFoundation-h265: 746d11721c4dcdbdad8f713fa42b33f4 -> 
  custom:audio-encoder-webm-vorbis: bf7c407c2cedff20999df2af8eb42d56 -> 
  custom:framework-win-MediaFoundation: 216162199b28c13a410421893ffa2e32 -> 
  custom:container-demuxer-ogg: 62fdf1f143b41e24485cea50d1cbac27 -> 
  custom:video-decoder-webm-vp8: 9c59270c3fd7afecdb556c50c9e8de78 -> 
  custom:audio-decoder-ogg-vorbis: bf7c407c2cedff20999df2af8eb42d56 -> 
========================================================================
Received Import Request.
  Time since last request: 39.572021 seconds.
  path: Assets/Scripts/ButtonUpgrade.cs
  artifactKey: Guid(d8a5b32d210d9d044be0ea5e9c3f0fb1) Importer(815301076,1909f56bfc062723c751e8b465ee728b)
Start importing Assets/Scripts/ButtonUpgrade.cs using Guid(d8a5b32d210d9d044be0ea5e9c3f0fb1) Importer(815301076,1909f56bfc062723c751e8b465ee728b)  -> (artifact id: 'bb3659b4f0db6f8e3de74178efaeeb20') in 0.013864 seconds 
========================================================================
Received Prepare
Registering precompiled user dll's ...
Registered in 0.015657 seconds.
Begin MonoManager ReloadAssembly
Symbol file LoadedFromMemory doesn't match image C:\Users\1\Documents\GitHub\Seagull-vs-Cats\Library\PackageCache\com.unity.visualscripting@1.8.0\Editor\VisualScripting.Core\Dependencies\YamlDotNet\Unity.VisualScripting.YamlDotNet.dll
Symbol file LoadedFromMemory doesn't match image C:\Users\1\Documents\GitHub\Seagull-vs-Cats\Library\PackageCache\com.unity.visualscripting@1.8.0\Editor\VisualScripting.Core\Dependencies\DotNetZip\Unity.VisualScripting.IonicZip.dll
Native extension for UWP target not found
Native extension for LinuxStandalone target not found
Native extension for WindowsStandalone target not found
Native extension for AppleTV target not found
Native extension for iOS target not found
Native extension for Android target not found
Native extension for OSXStandalone target not found
Native extension for WebGL target not found
Refreshing native plugins compatible for Editor in 1.19 ms, found 4 plugins.
Preloading 0 native plugins for Editor in 0.00 ms.
Mono: successfully reloaded assembly
- Completed reload, in  1.715 seconds
Domain Reload Profiling:
	ReloadAssembly (1716ms)
		BeginReloadAssembly (213ms)
			ExecutionOrderSort (0ms)
			DisableScriptedObjects (15ms)
			BackupInstance (0ms)
			ReleaseScriptingObjects (0ms)
			CreateAndSetChildDomain (49ms)
		EndReloadAssembly (1368ms)
			LoadAssemblies (167ms)
			RebuildTransferFunctionScriptingTraits (0ms)
			SetupTypeCache (367ms)
			ReleaseScriptCaches (3ms)
			RebuildScriptCaches (71ms)
			SetupLoadedEditorAssemblies (735ms)
				LogAssemblyErrors (0ms)
				InitializePlatformSupportModulesInManaged (47ms)
				SetLoadedEditorAssemblies (1ms)
				RefreshPlugins (1ms)
				BeforeProcessingInitializeOnLoad (125ms)
				ProcessInitializeOnLoadAttributes (450ms)
				ProcessInitializeOnLoadMethodAttributes (102ms)
				AfterProcessingInitializeOnLoad (10ms)
				EditorAssembliesLoaded (0ms)
			ExecutionOrderSort2 (0ms)
			AwakeInstancesAfterBackupRestoration (11ms)
Platform modules already initialized, skipping
Refreshing native plugins compatible for Editor in 3.85 ms, found 4 plugins.
Preloading 0 native plugins for Editor in 0.00 ms.
Unloading 5656 Unused Serialized files (Serialized files now loaded: 0)
Unloading 29 unused Assets / (0.8 MB). Loaded Objects now: 7214.
Memory consumption went from 219.3 MB to 218.5 MB.
Total: 5.014700 ms (FindLiveObjects: 0.641800 ms CreateObjectMapping: 0.291000 ms MarkObjects: 3.690500 ms  DeleteObjects: 0.389400 ms)

AssetImportParameters requested are different than current active one (requested -> active):
  custom:video-decoder-ogg-theora: a1e56fd34408186e4bbccfd4996cb3dc -> 
  custom:container-muxer-webm: aa71ff27fc2769a1b78a27578f13a17b -> 
  custom:container-demuxer-webm: 4f35f7cbe854078d1ac9338744f61a02 -> 
  custom:video-encoder-webm-vp8: eb34c28f22e8b96e1ab97ce403110664 -> 
  custom:video-codec-MediaFoundation-h265: 746d11721c4dcdbdad8f713fa42b33f4 -> 
  custom:audio-encoder-webm-vorbis: bf7c407c2cedff20999df2af8eb42d56 -> 
  custom:framework-win-MediaFoundation: 216162199b28c13a410421893ffa2e32 -> 
  custom:container-demuxer-ogg: 62fdf1f143b41e24485cea50d1cbac27 -> 
  custom:video-decoder-webm-vp8: 9c59270c3fd7afecdb556c50c9e8de78 -> 
  custom:audio-decoder-ogg-vorbis: bf7c407c2cedff20999df2af8eb42d56 -> 
========================================================================
Received Prepare
Registering precompiled user dll's ...
Registered in 0.017386 seconds.
Begin MonoManager ReloadAssembly
Symbol file LoadedFromMemory doesn't match image C:\Users\1\Documents\GitHub\Seagull-vs-Cats\Library\PackageCache\com.unity.visualscripting@1.8.0\Editor\VisualScripting.Core\Dependencies\YamlDotNet\Unity.VisualScripting.YamlDotNet.dll
Symbol file LoadedFromMemory doesn't match image C:\Users\1\Documents\GitHub\Seagull-vs-Cats\Library\PackageCache\com.unity.visualscripting@1.8.0\Editor\VisualScripting.Core\Dependencies\DotNetZip\Unity.VisualScripting.IonicZip.dll
Native extension for UWP target not found
Native extension for LinuxStandalone target not found
Native extension for WindowsStandalone target not found
Native extension for AppleTV target not found
Native extension for iOS target not found
Native extension for Android target not found
Native extension for OSXStandalone target not found
Native extension for WebGL target not found
Refreshing native plugins compatible for Editor in 1.08 ms, found 4 plugins.
Preloading 0 native plugins for Editor in 0.00 ms.
Mono: successfully reloaded assembly
- Completed reload, in  1.604 seconds
Domain Reload Profiling:
	ReloadAssembly (1605ms)
		BeginReloadAssembly (176ms)
			ExecutionOrderSort (0ms)
			DisableScriptedObjects (8ms)
			BackupInstance (0ms)
			ReleaseScriptingObjects (0ms)
			CreateAndSetChildDomain (49ms)
		EndReloadAssembly (1297ms)
			LoadAssemblies (134ms)
			RebuildTransferFunctionScriptingTraits (0ms)
			SetupTypeCache (355ms)
			ReleaseScriptCaches (3ms)
			RebuildScriptCaches (71ms)
			SetupLoadedEditorAssemblies (679ms)
				LogAssemblyErrors (0ms)
				InitializePlatformSupportModulesInManaged (47ms)
				SetLoadedEditorAssemblies (1ms)
				RefreshPlugins (1ms)
				BeforeProcessingInitializeOnLoad (110ms)
				ProcessInitializeOnLoadAttributes (412ms)
				ProcessInitializeOnLoadMethodAttributes (98ms)
				AfterProcessingInitializeOnLoad (10ms)
				EditorAssembliesLoaded (0ms)
			ExecutionOrderSort2 (0ms)
			AwakeInstancesAfterBackupRestoration (11ms)
Platform modules already initialized, skipping
Refreshing native plugins compatible for Editor in 3.94 ms, found 4 plugins.
Preloading 0 native plugins for Editor in 0.00 ms.
Unloading 5656 Unused Serialized files (Serialized files now loaded: 0)
Unloading 29 unused Assets / (0.8 MB). Loaded Objects now: 7229.
Memory consumption went from 219.3 MB to 218.5 MB.
Total: 5.016500 ms (FindLiveObjects: 0.689400 ms CreateObjectMapping: 0.298100 ms MarkObjects: 3.640000 ms  DeleteObjects: 0.387800 ms)

AssetImportParameters requested are different than current active one (requested -> active):
  custom:video-decoder-ogg-theora: a1e56fd34408186e4bbccfd4996cb3dc -> 
  custom:container-muxer-webm: aa71ff27fc2769a1b78a27578f13a17b -> 
  custom:container-demuxer-webm: 4f35f7cbe854078d1ac9338744f61a02 -> 
  custom:video-encoder-webm-vp8: eb34c28f22e8b96e1ab97ce403110664 -> 
  custom:video-codec-MediaFoundation-h265: 746d11721c4dcdbdad8f713fa42b33f4 -> 
  custom:audio-encoder-webm-vorbis: bf7c407c2cedff20999df2af8eb42d56 -> 
  custom:framework-win-MediaFoundation: 216162199b28c13a410421893ffa2e32 -> 
  custom:container-demuxer-ogg: 62fdf1f143b41e24485cea50d1cbac27 -> 
  custom:video-decoder-webm-vp8: 9c59270c3fd7afecdb556c50c9e8de78 -> 
  custom:audio-decoder-ogg-vorbis: bf7c407c2cedff20999df2af8eb42d56 -> 
========================================================================
Received Prepare
Registering precompiled user dll's ...
Registered in 0.014779 seconds.
Begin MonoManager ReloadAssembly
Symbol file LoadedFromMemory doesn't match image C:\Users\1\Documents\GitHub\Seagull-vs-Cats\Library\PackageCache\com.unity.visualscripting@1.8.0\Editor\VisualScripting.Core\Dependencies\YamlDotNet\Unity.VisualScripting.YamlDotNet.dll
Symbol file LoadedFromMemory doesn't match image C:\Users\1\Documents\GitHub\Seagull-vs-Cats\Library\PackageCache\com.unity.visualscripting@1.8.0\Editor\VisualScripting.Core\Dependencies\DotNetZip\Unity.VisualScripting.IonicZip.dll
Native extension for UWP target not found
Native extension for LinuxStandalone target not found
Native extension for WindowsStandalone target not found
Native extension for AppleTV target not found
Native extension for iOS target not found
Native extension for Android target not found
Native extension for OSXStandalone target not found
Native extension for WebGL target not found
Refreshing native plugins compatible for Editor in 1.22 ms, found 4 plugins.
Preloading 0 native plugins for Editor in 0.00 ms.
Mono: successfully reloaded assembly
- Completed reload, in  1.659 seconds
Domain Reload Profiling:
	ReloadAssembly (1660ms)
		BeginReloadAssembly (179ms)
			ExecutionOrderSort (0ms)
			DisableScriptedObjects (8ms)
			BackupInstance (0ms)
			ReleaseScriptingObjects (0ms)
			CreateAndSetChildDomain (45ms)
		EndReloadAssembly (1358ms)
			LoadAssemblies (134ms)
			RebuildTransferFunctionScriptingTraits (0ms)
			SetupTypeCache (381ms)
			ReleaseScriptCaches (3ms)
			RebuildScriptCaches (68ms)
			SetupLoadedEditorAssemblies (719ms)
				LogAssemblyErrors (0ms)
				InitializePlatformSupportModulesInManaged (47ms)
				SetLoadedEditorAssemblies (1ms)
				RefreshPlugins (1ms)
				BeforeProcessingInitializeOnLoad (132ms)
				ProcessInitializeOnLoadAttributes (430ms)
				ProcessInitializeOnLoadMethodAttributes (98ms)
				AfterProcessingInitializeOnLoad (10ms)
				EditorAssembliesLoaded (0ms)
			ExecutionOrderSort2 (0ms)
			AwakeInstancesAfterBackupRestoration (11ms)
Platform modules already initialized, skipping
Refreshing native plugins compatible for Editor in 5.93 ms, found 4 plugins.
Preloading 0 native plugins for Editor in 0.00 ms.
Unloading 5656 Unused Serialized files (Serialized files now loaded: 0)
Unloading 29 unused Assets / (0.8 MB). Loaded Objects now: 7244.
Memory consumption went from 219.3 MB to 218.6 MB.
Total: 9.768800 ms (FindLiveObjects: 2.147500 ms CreateObjectMapping: 0.501600 ms MarkObjects: 6.676900 ms  DeleteObjects: 0.441300 ms)

AssetImportParameters requested are different than current active one (requested -> active):
  custom:video-decoder-ogg-theora: a1e56fd34408186e4bbccfd4996cb3dc -> 
  custom:container-muxer-webm: aa71ff27fc2769a1b78a27578f13a17b -> 
  custom:container-demuxer-webm: 4f35f7cbe854078d1ac9338744f61a02 -> 
  custom:video-encoder-webm-vp8: eb34c28f22e8b96e1ab97ce403110664 -> 
  custom:video-codec-MediaFoundation-h265: 746d11721c4dcdbdad8f713fa42b33f4 -> 
  custom:audio-encoder-webm-vorbis: bf7c407c2cedff20999df2af8eb42d56 -> 
  custom:framework-win-MediaFoundation: 216162199b28c13a410421893ffa2e32 -> 
  custom:container-demuxer-ogg: 62fdf1f143b41e24485cea50d1cbac27 -> 
  custom:video-decoder-webm-vp8: 9c59270c3fd7afecdb556c50c9e8de78 -> 
  custom:audio-decoder-ogg-vorbis: bf7c407c2cedff20999df2af8eb42d56 -> 
========================================================================
Received Prepare
Registering precompiled user dll's ...
Registered in 0.013996 seconds.
Begin MonoManager ReloadAssembly
Symbol file LoadedFromMemory doesn't match image C:\Users\1\Documents\GitHub\Seagull-vs-Cats\Library\PackageCache\com.unity.visualscripting@1.8.0\Editor\VisualScripting.Core\Dependencies\YamlDotNet\Unity.VisualScripting.YamlDotNet.dll
Symbol file LoadedFromMemory doesn't match image C:\Users\1\Documents\GitHub\Seagull-vs-Cats\Library\PackageCache\com.unity.visualscripting@1.8.0\Editor\VisualScripting.Core\Dependencies\DotNetZip\Unity.VisualScripting.IonicZip.dll
Native extension for UWP target not found
Native extension for LinuxStandalone target not found
Native extension for WindowsStandalone target not found
Native extension for AppleTV target not found
Native extension for iOS target not found
Native extension for Android target not found
Native extension for OSXStandalone target not found
Native extension for WebGL target not found
Refreshing native plugins compatible for Editor in 1.02 ms, found 4 plugins.
Preloading 0 native plugins for Editor in 0.00 ms.
Mono: successfully reloaded assembly
- Completed reload, in  1.750 seconds
Domain Reload Profiling:
	ReloadAssembly (1751ms)
		BeginReloadAssembly (185ms)
			ExecutionOrderSort (0ms)
			DisableScriptedObjects (8ms)
			BackupInstance (0ms)
			ReleaseScriptingObjects (0ms)
			CreateAndSetChildDomain (46ms)
		EndReloadAssembly (1438ms)
			LoadAssemblies (144ms)
			RebuildTransferFunctionScriptingTraits (0ms)
			SetupTypeCache (381ms)
			ReleaseScriptCaches (3ms)
			RebuildScriptCaches (70ms)
			SetupLoadedEditorAssemblies (791ms)
				LogAssemblyErrors (0ms)
				InitializePlatformSupportModulesInManaged (47ms)
				SetLoadedEditorAssemblies (1ms)
				RefreshPlugins (1ms)
				BeforeProcessingInitializeOnLoad (141ms)
				ProcessInitializeOnLoadAttributes (457ms)
				ProcessInitializeOnLoadMethodAttributes (121ms)
				AfterProcessingInitializeOnLoad (23ms)
				EditorAssembliesLoaded (0ms)
			ExecutionOrderSort2 (0ms)
			AwakeInstancesAfterBackupRestoration (14ms)
Platform modules already initialized, skipping
Refreshing native plugins compatible for Editor in 3.82 ms, found 4 plugins.
Preloading 0 native plugins for Editor in 0.00 ms.
Unloading 5656 Unused Serialized files (Serialized files now loaded: 0)
Unloading 29 unused Assets / (0.8 MB). Loaded Objects now: 7259.
Memory consumption went from 219.3 MB to 218.6 MB.
Total: 6.502600 ms (FindLiveObjects: 0.688800 ms CreateObjectMapping: 0.290900 ms MarkObjects: 5.106700 ms  DeleteObjects: 0.415300 ms)

AssetImportParameters requested are different than current active one (requested -> active):
  custom:video-decoder-ogg-theora: a1e56fd34408186e4bbccfd4996cb3dc -> 
  custom:container-muxer-webm: aa71ff27fc2769a1b78a27578f13a17b -> 
  custom:container-demuxer-webm: 4f35f7cbe854078d1ac9338744f61a02 -> 
  custom:video-encoder-webm-vp8: eb34c28f22e8b96e1ab97ce403110664 -> 
  custom:video-codec-MediaFoundation-h265: 746d11721c4dcdbdad8f713fa42b33f4 -> 
  custom:audio-encoder-webm-vorbis: bf7c407c2cedff20999df2af8eb42d56 -> 
  custom:framework-win-MediaFoundation: 216162199b28c13a410421893ffa2e32 -> 
  custom:container-demuxer-ogg: 62fdf1f143b41e24485cea50d1cbac27 -> 
  custom:video-decoder-webm-vp8: 9c59270c3fd7afecdb556c50c9e8de78 -> 
  custom:audio-decoder-ogg-vorbis: bf7c407c2cedff20999df2af8eb42d56 -> 
========================================================================
Received Prepare
Registering precompiled user dll's ...
Registered in 0.015055 seconds.
Begin MonoManager ReloadAssembly
Symbol file LoadedFromMemory doesn't match image C:\Users\1\Documents\GitHub\Seagull-vs-Cats\Library\PackageCache\com.unity.visualscripting@1.8.0\Editor\VisualScripting.Core\Dependencies\YamlDotNet\Unity.VisualScripting.YamlDotNet.dll
Symbol file LoadedFromMemory doesn't match image C:\Users\1\Documents\GitHub\Seagull-vs-Cats\Library\PackageCache\com.unity.visualscripting@1.8.0\Editor\VisualScripting.Core\Dependencies\DotNetZip\Unity.VisualScripting.IonicZip.dll
Native extension for UWP target not found
Native extension for LinuxStandalone target not found
Native extension for WindowsStandalone target not found
Native extension for AppleTV target not found
Native extension for iOS target not found
Native extension for Android target not found
Native extension for OSXStandalone target not found
Native extension for WebGL target not found
Refreshing native plugins compatible for Editor in 1.15 ms, found 4 plugins.
Preloading 0 native plugins for Editor in 0.00 ms.
Mono: successfully reloaded assembly
- Completed reload, in  1.763 seconds
Domain Reload Profiling:
	ReloadAssembly (1764ms)
		BeginReloadAssembly (256ms)
			ExecutionOrderSort (0ms)
			DisableScriptedObjects (9ms)
			BackupInstance (0ms)
			ReleaseScriptingObjects (0ms)
			CreateAndSetChildDomain (48ms)
		EndReloadAssembly (1362ms)
			LoadAssemblies (211ms)
			RebuildTransferFunctionScriptingTraits (0ms)
			SetupTypeCache (390ms)
			ReleaseScriptCaches (3ms)
			RebuildScriptCaches (78ms)
			SetupLoadedEditorAssemblies (690ms)
				LogAssemblyErrors (0ms)
				InitializePlatformSupportModulesInManaged (48ms)
				SetLoadedEditorAssemblies (1ms)
				RefreshPlugins (1ms)
				BeforeProcessingInitializeOnLoad (112ms)
				ProcessInitializeOnLoadAttributes (416ms)
				ProcessInitializeOnLoadMethodAttributes (102ms)
				AfterProcessingInitializeOnLoad (10ms)
				EditorAssembliesLoaded (0ms)
			ExecutionOrderSort2 (0ms)
			AwakeInstancesAfterBackupRestoration (15ms)
Platform modules already initialized, skipping
Refreshing native plugins compatible for Editor in 4.62 ms, found 4 plugins.
Preloading 0 native plugins for Editor in 0.00 ms.
Unloading 5656 Unused Serialized files (Serialized files now loaded: 0)
Unloading 29 unused Assets / (0.8 MB). Loaded Objects now: 7274.
Memory consumption went from 219.4 MB to 218.6 MB.
Total: 5.130300 ms (FindLiveObjects: 0.716000 ms CreateObjectMapping: 0.293400 ms MarkObjects: 3.707600 ms  DeleteObjects: 0.411900 ms)

AssetImportParameters requested are different than current active one (requested -> active):
  custom:video-decoder-ogg-theora: a1e56fd34408186e4bbccfd4996cb3dc -> 
  custom:container-muxer-webm: aa71ff27fc2769a1b78a27578f13a17b -> 
  custom:container-demuxer-webm: 4f35f7cbe854078d1ac9338744f61a02 -> 
  custom:video-encoder-webm-vp8: eb34c28f22e8b96e1ab97ce403110664 -> 
  custom:video-codec-MediaFoundation-h265: 746d11721c4dcdbdad8f713fa42b33f4 -> 
  custom:audio-encoder-webm-vorbis: bf7c407c2cedff20999df2af8eb42d56 -> 
  custom:framework-win-MediaFoundation: 216162199b28c13a410421893ffa2e32 -> 
  custom:container-demuxer-ogg: 62fdf1f143b41e24485cea50d1cbac27 -> 
  custom:video-decoder-webm-vp8: 9c59270c3fd7afecdb556c50c9e8de78 -> 
  custom:audio-decoder-ogg-vorbis: bf7c407c2cedff20999df2af8eb42d56 -> 
========================================================================
Received Prepare
Registering precompiled user dll's ...
Registered in 0.014489 seconds.
Begin MonoManager ReloadAssembly
Symbol file LoadedFromMemory doesn't match image C:\Users\1\Documents\GitHub\Seagull-vs-Cats\Library\PackageCache\com.unity.visualscripting@1.8.0\Editor\VisualScripting.Core\Dependencies\YamlDotNet\Unity.VisualScripting.YamlDotNet.dll
Symbol file LoadedFromMemory doesn't match image C:\Users\1\Documents\GitHub\Seagull-vs-Cats\Library\PackageCache\com.unity.visualscripting@1.8.0\Editor\VisualScripting.Core\Dependencies\DotNetZip\Unity.VisualScripting.IonicZip.dll
Native extension for UWP target not found
Native extension for LinuxStandalone target not found
Native extension for WindowsStandalone target not found
Native extension for AppleTV target not found
Native extension for iOS target not found
Native extension for Android target not found
Native extension for OSXStandalone target not found
Native extension for WebGL target not found
Refreshing native plugins compatible for Editor in 1.75 ms, found 4 plugins.
Preloading 0 native plugins for Editor in 0.00 ms.
Mono: successfully reloaded assembly
- Completed reload, in  1.686 seconds
Domain Reload Profiling:
	ReloadAssembly (1687ms)
		BeginReloadAssembly (189ms)
			ExecutionOrderSort (0ms)
			DisableScriptedObjects (8ms)
			BackupInstance (0ms)
			ReleaseScriptingObjects (0ms)
			CreateAndSetChildDomain (53ms)
		EndReloadAssembly (1352ms)
			LoadAssemblies (151ms)
			RebuildTransferFunctionScriptingTraits (0ms)
			SetupTypeCache (346ms)
			ReleaseScriptCaches (3ms)
			RebuildScriptCaches (67ms)
			SetupLoadedEditorAssemblies (730ms)
				LogAssemblyErrors (0ms)
				InitializePlatformSupportModulesInManaged (47ms)
				SetLoadedEditorAssemblies (1ms)
				RefreshPlugins (2ms)
				BeforeProcessingInitializeOnLoad (122ms)
				ProcessInitializeOnLoadAttributes (447ms)
				ProcessInitializeOnLoadMethodAttributes (102ms)
				AfterProcessingInitializeOnLoad (10ms)
				EditorAssembliesLoaded (0ms)
			ExecutionOrderSort2 (0ms)
			AwakeInstancesAfterBackupRestoration (11ms)
Platform modules already initialized, skipping
Refreshing native plugins compatible for Editor in 3.71 ms, found 4 plugins.
Preloading 0 native plugins for Editor in 0.00 ms.
Unloading 5656 Unused Serialized files (Serialized files now loaded: 0)
Unloading 29 unused Assets / (0.8 MB). Loaded Objects now: 7289.
Memory consumption went from 219.4 MB to 218.7 MB.
Total: 4.983400 ms (FindLiveObjects: 0.626300 ms CreateObjectMapping: 0.286700 ms MarkObjects: 3.670100 ms  DeleteObjects: 0.399000 ms)

AssetImportParameters requested are different than current active one (requested -> active):
  custom:video-decoder-ogg-theora: a1e56fd34408186e4bbccfd4996cb3dc -> 
  custom:container-muxer-webm: aa71ff27fc2769a1b78a27578f13a17b -> 
  custom:container-demuxer-webm: 4f35f7cbe854078d1ac9338744f61a02 -> 
  custom:video-encoder-webm-vp8: eb34c28f22e8b96e1ab97ce403110664 -> 
  custom:video-codec-MediaFoundation-h265: 746d11721c4dcdbdad8f713fa42b33f4 -> 
  custom:audio-encoder-webm-vorbis: bf7c407c2cedff20999df2af8eb42d56 -> 
  custom:framework-win-MediaFoundation: 216162199b28c13a410421893ffa2e32 -> 
  custom:container-demuxer-ogg: 62fdf1f143b41e24485cea50d1cbac27 -> 
  custom:video-decoder-webm-vp8: 9c59270c3fd7afecdb556c50c9e8de78 -> 
  custom:audio-decoder-ogg-vorbis: bf7c407c2cedff20999df2af8eb42d56 -> 
========================================================================
Received Prepare
Registering precompiled user dll's ...
Registered in 0.014874 seconds.
Begin MonoManager ReloadAssembly
Symbol file LoadedFromMemory doesn't match image C:\Users\1\Documents\GitHub\Seagull-vs-Cats\Library\PackageCache\com.unity.visualscripting@1.8.0\Editor\VisualScripting.Core\Dependencies\YamlDotNet\Unity.VisualScripting.YamlDotNet.dll
Symbol file LoadedFromMemory doesn't match image C:\Users\1\Documents\GitHub\Seagull-vs-Cats\Library\PackageCache\com.unity.visualscripting@1.8.0\Editor\VisualScripting.Core\Dependencies\DotNetZip\Unity.VisualScripting.IonicZip.dll
Native extension for UWP target not found
Native extension for LinuxStandalone target not found
Native extension for WindowsStandalone target not found
Native extension for AppleTV target not found
Native extension for iOS target not found
Native extension for Android target not found
Native extension for OSXStandalone target not found
Native extension for WebGL target not found
Refreshing native plugins compatible for Editor in 1.24 ms, found 4 plugins.
Preloading 0 native plugins for Editor in 0.00 ms.
Mono: successfully reloaded assembly
- Completed reload, in  1.624 seconds
Domain Reload Profiling:
	ReloadAssembly (1625ms)
		BeginReloadAssembly (175ms)
			ExecutionOrderSort (0ms)
			DisableScriptedObjects (8ms)
			BackupInstance (0ms)
			ReleaseScriptingObjects (0ms)
			CreateAndSetChildDomain (48ms)
		EndReloadAssembly (1316ms)
			LoadAssemblies (129ms)
			RebuildTransferFunctionScriptingTraits (0ms)
			SetupTypeCache (369ms)
			ReleaseScriptCaches (3ms)
			RebuildScriptCaches (68ms)
			SetupLoadedEditorAssemblies (685ms)
				LogAssemblyErrors (0ms)
				InitializePlatformSupportModulesInManaged (55ms)
				SetLoadedEditorAssemblies (1ms)
				RefreshPlugins (1ms)
				BeforeProcessingInitializeOnLoad (113ms)
				ProcessInitializeOnLoadAttributes (402ms)
				ProcessInitializeOnLoadMethodAttributes (101ms)
				AfterProcessingInitializeOnLoad (11ms)
				EditorAssembliesLoaded (0ms)
			ExecutionOrderSort2 (0ms)
			AwakeInstancesAfterBackupRestoration (10ms)
Platform modules already initialized, skipping
Refreshing native plugins compatible for Editor in 5.33 ms, found 4 plugins.
Preloading 0 native plugins for Editor in 0.00 ms.
Unloading 5656 Unused Serialized files (Serialized files now loaded: 0)
Unloading 29 unused Assets / (0.8 MB). Loaded Objects now: 7304.
Memory consumption went from 219.5 MB to 218.7 MB.
Total: 5.449700 ms (FindLiveObjects: 0.716500 ms CreateObjectMapping: 0.297900 ms MarkObjects: 4.022700 ms  DeleteObjects: 0.411300 ms)

AssetImportParameters requested are different than current active one (requested -> active):
  custom:video-decoder-ogg-theora: a1e56fd34408186e4bbccfd4996cb3dc -> 
  custom:container-muxer-webm: aa71ff27fc2769a1b78a27578f13a17b -> 
  custom:container-demuxer-webm: 4f35f7cbe854078d1ac9338744f61a02 -> 
  custom:video-encoder-webm-vp8: eb34c28f22e8b96e1ab97ce403110664 -> 
  custom:video-codec-MediaFoundation-h265: 746d11721c4dcdbdad8f713fa42b33f4 -> 
  custom:audio-encoder-webm-vorbis: bf7c407c2cedff20999df2af8eb42d56 -> 
  custom:framework-win-MediaFoundation: 216162199b28c13a410421893ffa2e32 -> 
  custom:container-demuxer-ogg: 62fdf1f143b41e24485cea50d1cbac27 -> 
  custom:video-decoder-webm-vp8: 9c59270c3fd7afecdb556c50c9e8de78 -> 
  custom:audio-decoder-ogg-vorbis: bf7c407c2cedff20999df2af8eb42d56 -> 
========================================================================
Received Prepare
Registering precompiled user dll's ...
Registered in 0.020451 seconds.
Begin MonoManager ReloadAssembly
Symbol file LoadedFromMemory doesn't match image C:\Users\1\Documents\GitHub\Seagull-vs-Cats\Library\PackageCache\com.unity.visualscripting@1.8.0\Editor\VisualScripting.Core\Dependencies\YamlDotNet\Unity.VisualScripting.YamlDotNet.dll
Symbol file LoadedFromMemory doesn't match image C:\Users\1\Documents\GitHub\Seagull-vs-Cats\Library\PackageCache\com.unity.visualscripting@1.8.0\Editor\VisualScripting.Core\Dependencies\DotNetZip\Unity.VisualScripting.IonicZip.dll
Native extension for UWP target not found
Native extension for LinuxStandalone target not found
Native extension for WindowsStandalone target not found
Native extension for AppleTV target not found
Native extension for iOS target not found
Native extension for Android target not found
Native extension for OSXStandalone target not found
Native extension for WebGL target not found
Refreshing native plugins compatible for Editor in 1.01 ms, found 4 plugins.
Preloading 0 native plugins for Editor in 0.00 ms.
Mono: successfully reloaded assembly
- Completed reload, in  2.209 seconds
Domain Reload Profiling:
	ReloadAssembly (2210ms)
		BeginReloadAssembly (367ms)
			ExecutionOrderSort (0ms)
			DisableScriptedObjects (9ms)
			BackupInstance (0ms)
			ReleaseScriptingObjects (0ms)
			CreateAndSetChildDomain (56ms)
		EndReloadAssembly (1681ms)
			LoadAssemblies (310ms)
			RebuildTransferFunctionScriptingTraits (0ms)
			SetupTypeCache (656ms)
			ReleaseScriptCaches (4ms)
			RebuildScriptCaches (71ms)
			SetupLoadedEditorAssemblies (748ms)
				LogAssemblyErrors (0ms)
				InitializePlatformSupportModulesInManaged (54ms)
				SetLoadedEditorAssemblies (1ms)
				RefreshPlugins (1ms)
				BeforeProcessingInitializeOnLoad (113ms)
				ProcessInitializeOnLoadAttributes (457ms)
				ProcessInitializeOnLoadMethodAttributes (106ms)
				AfterProcessingInitializeOnLoad (16ms)
				EditorAssembliesLoaded (0ms)
			ExecutionOrderSort2 (0ms)
			AwakeInstancesAfterBackupRestoration (13ms)
Platform modules already initialized, skipping
Refreshing native plugins compatible for Editor in 7.41 ms, found 4 plugins.
Preloading 0 native plugins for Editor in 0.00 ms.
Unloading 5656 Unused Serialized files (Serialized files now loaded: 0)
Unloading 29 unused Assets / (0.8 MB). Loaded Objects now: 7319.
Memory consumption went from 219.5 MB to 218.7 MB.
Total: 8.622400 ms (FindLiveObjects: 0.984400 ms CreateObjectMapping: 0.532800 ms MarkObjects: 6.381800 ms  DeleteObjects: 0.721000 ms)

AssetImportParameters requested are different than current active one (requested -> active):
  custom:video-decoder-ogg-theora: a1e56fd34408186e4bbccfd4996cb3dc -> 
  custom:container-muxer-webm: aa71ff27fc2769a1b78a27578f13a17b -> 
  custom:container-demuxer-webm: 4f35f7cbe854078d1ac9338744f61a02 -> 
  custom:video-encoder-webm-vp8: eb34c28f22e8b96e1ab97ce403110664 -> 
  custom:video-codec-MediaFoundation-h265: 746d11721c4dcdbdad8f713fa42b33f4 -> 
  custom:audio-encoder-webm-vorbis: bf7c407c2cedff20999df2af8eb42d56 -> 
  custom:framework-win-MediaFoundation: 216162199b28c13a410421893ffa2e32 -> 
  custom:container-demuxer-ogg: 62fdf1f143b41e24485cea50d1cbac27 -> 
  custom:video-decoder-webm-vp8: 9c59270c3fd7afecdb556c50c9e8de78 -> 
  custom:audio-decoder-ogg-vorbis: bf7c407c2cedff20999df2af8eb42d56 -> 
========================================================================
Received Prepare
Registering precompiled user dll's ...
Registered in 0.014326 seconds.
Begin MonoManager ReloadAssembly
Symbol file LoadedFromMemory doesn't match image C:\Users\1\Documents\GitHub\Seagull-vs-Cats\Library\PackageCache\com.unity.visualscripting@1.8.0\Editor\VisualScripting.Core\Dependencies\YamlDotNet\Unity.VisualScripting.YamlDotNet.dll
Symbol file LoadedFromMemory doesn't match image C:\Users\1\Documents\GitHub\Seagull-vs-Cats\Library\PackageCache\com.unity.visualscripting@1.8.0\Editor\VisualScripting.Core\Dependencies\DotNetZip\Unity.VisualScripting.IonicZip.dll
Native extension for UWP target not found
Native extension for LinuxStandalone target not found
Native extension for WindowsStandalone target not found
Native extension for AppleTV target not found
Native extension for iOS target not found
Native extension for Android target not found
Native extension for OSXStandalone target not found
Native extension for WebGL target not found
Refreshing native plugins compatible for Editor in 1.18 ms, found 4 plugins.
Preloading 0 native plugins for Editor in 0.00 ms.
Mono: successfully reloaded assembly
- Completed reload, in  1.609 seconds
Domain Reload Profiling:
	ReloadAssembly (1610ms)
		BeginReloadAssembly (180ms)
			ExecutionOrderSort (0ms)
			DisableScriptedObjects (9ms)
			BackupInstance (0ms)
			ReleaseScriptingObjects (0ms)
			CreateAndSetChildDomain (49ms)
		EndReloadAssembly (1290ms)
			LoadAssemblies (129ms)
			RebuildTransferFunctionScriptingTraits (0ms)
			SetupTypeCache (354ms)
			ReleaseScriptCaches (3ms)
			RebuildScriptCaches (70ms)
			SetupLoadedEditorAssemblies (679ms)
				LogAssemblyErrors (0ms)
				InitializePlatformSupportModulesInManaged (47ms)
				SetLoadedEditorAssemblies (1ms)
				RefreshPlugins (1ms)
				BeforeProcessingInitializeOnLoad (114ms)
				ProcessInitializeOnLoadAttributes (405ms)
				ProcessInitializeOnLoadMethodAttributes (101ms)
				AfterProcessingInitializeOnLoad (10ms)
				EditorAssembliesLoaded (0ms)
			ExecutionOrderSort2 (0ms)
			AwakeInstancesAfterBackupRestoration (11ms)
Platform modules already initialized, skipping
Refreshing native plugins compatible for Editor in 5.23 ms, found 4 plugins.
Preloading 0 native plugins for Editor in 0.00 ms.
Unloading 5656 Unused Serialized files (Serialized files now loaded: 0)
Unloading 29 unused Assets / (0.8 MB). Loaded Objects now: 7334.
Memory consumption went from 219.5 MB to 218.8 MB.
Total: 5.258400 ms (FindLiveObjects: 0.631300 ms CreateObjectMapping: 0.285400 ms MarkObjects: 3.921300 ms  DeleteObjects: 0.419100 ms)

AssetImportParameters requested are different than current active one (requested -> active):
  custom:video-decoder-ogg-theora: a1e56fd34408186e4bbccfd4996cb3dc -> 
  custom:container-muxer-webm: aa71ff27fc2769a1b78a27578f13a17b -> 
  custom:container-demuxer-webm: 4f35f7cbe854078d1ac9338744f61a02 -> 
  custom:video-encoder-webm-vp8: eb34c28f22e8b96e1ab97ce403110664 -> 
  custom:video-codec-MediaFoundation-h265: 746d11721c4dcdbdad8f713fa42b33f4 -> 
  custom:audio-encoder-webm-vorbis: bf7c407c2cedff20999df2af8eb42d56 -> 
  custom:framework-win-MediaFoundation: 216162199b28c13a410421893ffa2e32 -> 
  custom:container-demuxer-ogg: 62fdf1f143b41e24485cea50d1cbac27 -> 
  custom:video-decoder-webm-vp8: 9c59270c3fd7afecdb556c50c9e8de78 -> 
  custom:audio-decoder-ogg-vorbis: bf7c407c2cedff20999df2af8eb42d56 -> 
========================================================================
Received Prepare
Registering precompiled user dll's ...
Registered in 0.015568 seconds.
Begin MonoManager ReloadAssembly
Symbol file LoadedFromMemory doesn't match image C:\Users\1\Documents\GitHub\Seagull-vs-Cats\Library\PackageCache\com.unity.visualscripting@1.8.0\Editor\VisualScripting.Core\Dependencies\YamlDotNet\Unity.VisualScripting.YamlDotNet.dll
Symbol file LoadedFromMemory doesn't match image C:\Users\1\Documents\GitHub\Seagull-vs-Cats\Library\PackageCache\com.unity.visualscripting@1.8.0\Editor\VisualScripting.Core\Dependencies\DotNetZip\Unity.VisualScripting.IonicZip.dll
Native extension for UWP target not found
Native extension for LinuxStandalone target not found
Native extension for WindowsStandalone target not found
Native extension for AppleTV target not found
Native extension for iOS target not found
Native extension for Android target not found
Native extension for OSXStandalone target not found
Native extension for WebGL target not found
Refreshing native plugins compatible for Editor in 1.17 ms, found 4 plugins.
Preloading 0 native plugins for Editor in 0.00 ms.
Mono: successfully reloaded assembly
- Completed reload, in  1.628 seconds
Domain Reload Profiling:
	ReloadAssembly (1629ms)
		BeginReloadAssembly (187ms)
			ExecutionOrderSort (0ms)
			DisableScriptedObjects (8ms)
			BackupInstance (0ms)
			ReleaseScriptingObjects (0ms)
			CreateAndSetChildDomain (48ms)
		EndReloadAssembly (1319ms)
			LoadAssemblies (148ms)
			RebuildTransferFunctionScriptingTraits (0ms)
			SetupTypeCache (351ms)
			ReleaseScriptCaches (3ms)
			RebuildScriptCaches (68ms)
			SetupLoadedEditorAssemblies (696ms)
				LogAssemblyErrors (0ms)
				InitializePlatformSupportModulesInManaged (48ms)
				SetLoadedEditorAssemblies (1ms)
				RefreshPlugins (1ms)
				BeforeProcessingInitializeOnLoad (113ms)
				ProcessInitializeOnLoadAttributes (424ms)
				ProcessInitializeOnLoadMethodAttributes (99ms)
				AfterProcessingInitializeOnLoad (10ms)
				EditorAssembliesLoaded (0ms)
			ExecutionOrderSort2 (0ms)
			AwakeInstancesAfterBackupRestoration (11ms)
Platform modules already initialized, skipping
Refreshing native plugins compatible for Editor in 5.87 ms, found 4 plugins.
Preloading 0 native plugins for Editor in 0.00 ms.
Unloading 5656 Unused Serialized files (Serialized files now loaded: 0)
Unloading 29 unused Assets / (0.8 MB). Loaded Objects now: 7349.
Memory consumption went from 219.6 MB to 218.8 MB.
Total: 5.643600 ms (FindLiveObjects: 1.038200 ms CreateObjectMapping: 0.400000 ms MarkObjects: 3.797300 ms  DeleteObjects: 0.406700 ms)

AssetImportParameters requested are different than current active one (requested -> active):
  custom:video-decoder-ogg-theora: a1e56fd34408186e4bbccfd4996cb3dc -> 
  custom:container-muxer-webm: aa71ff27fc2769a1b78a27578f13a17b -> 
  custom:container-demuxer-webm: 4f35f7cbe854078d1ac9338744f61a02 -> 
  custom:video-encoder-webm-vp8: eb34c28f22e8b96e1ab97ce403110664 -> 
  custom:video-codec-MediaFoundation-h265: 746d11721c4dcdbdad8f713fa42b33f4 -> 
  custom:audio-encoder-webm-vorbis: bf7c407c2cedff20999df2af8eb42d56 -> 
  custom:framework-win-MediaFoundation: 216162199b28c13a410421893ffa2e32 -> 
  custom:container-demuxer-ogg: 62fdf1f143b41e24485cea50d1cbac27 -> 
  custom:video-decoder-webm-vp8: 9c59270c3fd7afecdb556c50c9e8de78 -> 
  custom:audio-decoder-ogg-vorbis: bf7c407c2cedff20999df2af8eb42d56 -> 
========================================================================
Received Prepare
Registering precompiled user dll's ...
Registered in 0.015602 seconds.
Begin MonoManager ReloadAssembly
Symbol file LoadedFromMemory doesn't match image C:\Users\1\Documents\GitHub\Seagull-vs-Cats\Library\PackageCache\com.unity.visualscripting@1.8.0\Editor\VisualScripting.Core\Dependencies\YamlDotNet\Unity.VisualScripting.YamlDotNet.dll
Symbol file LoadedFromMemory doesn't match image C:\Users\1\Documents\GitHub\Seagull-vs-Cats\Library\PackageCache\com.unity.visualscripting@1.8.0\Editor\VisualScripting.Core\Dependencies\DotNetZip\Unity.VisualScripting.IonicZip.dll
Native extension for UWP target not found
Native extension for LinuxStandalone target not found
Native extension for WindowsStandalone target not found
Native extension for AppleTV target not found
Native extension for iOS target not found
Native extension for Android target not found
Native extension for OSXStandalone target not found
Native extension for WebGL target not found
Refreshing native plugins compatible for Editor in 1.19 ms, found 4 plugins.
Preloading 0 native plugins for Editor in 0.00 ms.
Mono: successfully reloaded assembly
- Completed reload, in  1.773 seconds
Domain Reload Profiling:
	ReloadAssembly (1774ms)
		BeginReloadAssembly (194ms)
			ExecutionOrderSort (0ms)
			DisableScriptedObjects (8ms)
			BackupInstance (0ms)
			ReleaseScriptingObjects (0ms)
			CreateAndSetChildDomain (61ms)
		EndReloadAssembly (1456ms)
			LoadAssemblies (129ms)
			RebuildTransferFunctionScriptingTraits (0ms)
			SetupTypeCache (403ms)
			ReleaseScriptCaches (3ms)
			RebuildScriptCaches (68ms)
			SetupLoadedEditorAssemblies (764ms)
				LogAssemblyErrors (0ms)
				InitializePlatformSupportModulesInManaged (55ms)
				SetLoadedEditorAssemblies (1ms)
				RefreshPlugins (1ms)
				BeforeProcessingInitializeOnLoad (118ms)
				ProcessInitializeOnLoadAttributes (452ms)
				ProcessInitializeOnLoadMethodAttributes (127ms)
				AfterProcessingInitializeOnLoad (10ms)
				EditorAssembliesLoaded (0ms)
			ExecutionOrderSort2 (0ms)
			AwakeInstancesAfterBackupRestoration (11ms)
Platform modules already initialized, skipping
Refreshing native plugins compatible for Editor in 3.89 ms, found 4 plugins.
Preloading 0 native plugins for Editor in 0.00 ms.
Unloading 5656 Unused Serialized files (Serialized files now loaded: 0)
Unloading 29 unused Assets / (0.8 MB). Loaded Objects now: 7364.
Memory consumption went from 219.6 MB to 218.8 MB.
Total: 5.086500 ms (FindLiveObjects: 0.708000 ms CreateObjectMapping: 0.306600 ms MarkObjects: 3.667400 ms  DeleteObjects: 0.403300 ms)

AssetImportParameters requested are different than current active one (requested -> active):
  custom:video-decoder-ogg-theora: a1e56fd34408186e4bbccfd4996cb3dc -> 
  custom:container-muxer-webm: aa71ff27fc2769a1b78a27578f13a17b -> 
  custom:container-demuxer-webm: 4f35f7cbe854078d1ac9338744f61a02 -> 
  custom:video-encoder-webm-vp8: eb34c28f22e8b96e1ab97ce403110664 -> 
  custom:video-codec-MediaFoundation-h265: 746d11721c4dcdbdad8f713fa42b33f4 -> 
  custom:audio-encoder-webm-vorbis: bf7c407c2cedff20999df2af8eb42d56 -> 
  custom:framework-win-MediaFoundation: 216162199b28c13a410421893ffa2e32 -> 
  custom:container-demuxer-ogg: 62fdf1f143b41e24485cea50d1cbac27 -> 
  custom:video-decoder-webm-vp8: 9c59270c3fd7afecdb556c50c9e8de78 -> 
  custom:audio-decoder-ogg-vorbis: bf7c407c2cedff20999df2af8eb42d56 -> 
========================================================================
Received Prepare
Registering precompiled user dll's ...
Registered in 0.015999 seconds.
Begin MonoManager ReloadAssembly
Symbol file LoadedFromMemory doesn't match image C:\Users\1\Documents\GitHub\Seagull-vs-Cats\Library\PackageCache\com.unity.visualscripting@1.8.0\Editor\VisualScripting.Core\Dependencies\YamlDotNet\Unity.VisualScripting.YamlDotNet.dll
Symbol file LoadedFromMemory doesn't match image C:\Users\1\Documents\GitHub\Seagull-vs-Cats\Library\PackageCache\com.unity.visualscripting@1.8.0\Editor\VisualScripting.Core\Dependencies\DotNetZip\Unity.VisualScripting.IonicZip.dll
Native extension for UWP target not found
Native extension for LinuxStandalone target not found
Native extension for WindowsStandalone target not found
Native extension for AppleTV target not found
Native extension for iOS target not found
Native extension for Android target not found
Native extension for OSXStandalone target not found
Native extension for WebGL target not found
Refreshing native plugins compatible for Editor in 1.29 ms, found 4 plugins.
Preloading 0 native plugins for Editor in 0.00 ms.
Mono: successfully reloaded assembly
- Completed reload, in  1.591 seconds
Domain Reload Profiling:
	ReloadAssembly (1593ms)
		BeginReloadAssembly (182ms)
			ExecutionOrderSort (0ms)
			DisableScriptedObjects (9ms)
			BackupInstance (0ms)
			ReleaseScriptingObjects (0ms)
			CreateAndSetChildDomain (45ms)
		EndReloadAssembly (1291ms)
			LoadAssemblies (135ms)
			RebuildTransferFunctionScriptingTraits (0ms)
			SetupTypeCache (348ms)
			ReleaseScriptCaches (3ms)
			RebuildScriptCaches (71ms)
			SetupLoadedEditorAssemblies (680ms)
				LogAssemblyErrors (0ms)
				InitializePlatformSupportModulesInManaged (50ms)
				SetLoadedEditorAssemblies (1ms)
				RefreshPlugins (1ms)
				BeforeProcessingInitializeOnLoad (114ms)
				ProcessInitializeOnLoadAttributes (405ms)
				ProcessInitializeOnLoadMethodAttributes (98ms)
				AfterProcessingInitializeOnLoad (10ms)
				EditorAssembliesLoaded (0ms)
			ExecutionOrderSort2 (0ms)
			AwakeInstancesAfterBackupRestoration (11ms)
Platform modules already initialized, skipping
Refreshing native plugins compatible for Editor in 3.77 ms, found 4 plugins.
Preloading 0 native plugins for Editor in 0.00 ms.
Unloading 5656 Unused Serialized files (Serialized files now loaded: 0)
Unloading 29 unused Assets / (0.8 MB). Loaded Objects now: 7379.
Memory consumption went from 219.6 MB to 218.8 MB.
Total: 5.697900 ms (FindLiveObjects: 0.639500 ms CreateObjectMapping: 0.296700 ms MarkObjects: 4.361800 ms  DeleteObjects: 0.398600 ms)

AssetImportParameters requested are different than current active one (requested -> active):
  custom:video-decoder-ogg-theora: a1e56fd34408186e4bbccfd4996cb3dc -> 
  custom:container-muxer-webm: aa71ff27fc2769a1b78a27578f13a17b -> 
  custom:container-demuxer-webm: 4f35f7cbe854078d1ac9338744f61a02 -> 
  custom:video-encoder-webm-vp8: eb34c28f22e8b96e1ab97ce403110664 -> 
  custom:video-codec-MediaFoundation-h265: 746d11721c4dcdbdad8f713fa42b33f4 -> 
  custom:audio-encoder-webm-vorbis: bf7c407c2cedff20999df2af8eb42d56 -> 
  custom:framework-win-MediaFoundation: 216162199b28c13a410421893ffa2e32 -> 
  custom:container-demuxer-ogg: 62fdf1f143b41e24485cea50d1cbac27 -> 
  custom:video-decoder-webm-vp8: 9c59270c3fd7afecdb556c50c9e8de78 -> 
  custom:audio-decoder-ogg-vorbis: bf7c407c2cedff20999df2af8eb42d56 -> 
========================================================================
Received Prepare
Registering precompiled user dll's ...
Registered in 0.014394 seconds.
Begin MonoManager ReloadAssembly
Symbol file LoadedFromMemory doesn't match image C:\Users\1\Documents\GitHub\Seagull-vs-Cats\Library\PackageCache\com.unity.visualscripting@1.8.0\Editor\VisualScripting.Core\Dependencies\YamlDotNet\Unity.VisualScripting.YamlDotNet.dll
Symbol file LoadedFromMemory doesn't match image C:\Users\1\Documents\GitHub\Seagull-vs-Cats\Library\PackageCache\com.unity.visualscripting@1.8.0\Editor\VisualScripting.Core\Dependencies\DotNetZip\Unity.VisualScripting.IonicZip.dll
Native extension for UWP target not found
Native extension for LinuxStandalone target not found
Native extension for WindowsStandalone target not found
Native extension for AppleTV target not found
Native extension for iOS target not found
Native extension for Android target not found
Native extension for OSXStandalone target not found
Native extension for WebGL target not found
Refreshing native plugins compatible for Editor in 1.14 ms, found 4 plugins.
Preloading 0 native plugins for Editor in 0.00 ms.
Mono: successfully reloaded assembly
- Completed reload, in  1.642 seconds
Domain Reload Profiling:
	ReloadAssembly (1643ms)
		BeginReloadAssembly (197ms)
			ExecutionOrderSort (0ms)
			DisableScriptedObjects (9ms)
			BackupInstance (0ms)
			ReleaseScriptingObjects (0ms)
			CreateAndSetChildDomain (61ms)
		EndReloadAssembly (1325ms)
			LoadAssemblies (129ms)
			RebuildTransferFunctionScriptingTraits (0ms)
			SetupTypeCache (342ms)
			ReleaseScriptCaches (3ms)
			RebuildScriptCaches (69ms)
			SetupLoadedEditorAssemblies (704ms)
				LogAssemblyErrors (0ms)
				InitializePlatformSupportModulesInManaged (60ms)
				SetLoadedEditorAssemblies (1ms)
				RefreshPlugins (1ms)
				BeforeProcessingInitializeOnLoad (115ms)
				ProcessInitializeOnLoadAttributes (406ms)
				ProcessInitializeOnLoadMethodAttributes (110ms)
				AfterProcessingInitializeOnLoad (11ms)
				EditorAssembliesLoaded (0ms)
			ExecutionOrderSort2 (0ms)
			AwakeInstancesAfterBackupRestoration (15ms)
Platform modules already initialized, skipping
Refreshing native plugins compatible for Editor in 4.27 ms, found 4 plugins.
Preloading 0 native plugins for Editor in 0.00 ms.
Unloading 5656 Unused Serialized files (Serialized files now loaded: 0)
Unloading 29 unused Assets / (0.8 MB). Loaded Objects now: 7394.
Memory consumption went from 219.6 MB to 218.8 MB.
Total: 7.844200 ms (FindLiveObjects: 1.423200 ms CreateObjectMapping: 0.692000 ms MarkObjects: 5.075100 ms  DeleteObjects: 0.652000 ms)

AssetImportParameters requested are different than current active one (requested -> active):
  custom:video-decoder-ogg-theora: a1e56fd34408186e4bbccfd4996cb3dc -> 
  custom:container-muxer-webm: aa71ff27fc2769a1b78a27578f13a17b -> 
  custom:container-demuxer-webm: 4f35f7cbe854078d1ac9338744f61a02 -> 
  custom:video-encoder-webm-vp8: eb34c28f22e8b96e1ab97ce403110664 -> 
  custom:video-codec-MediaFoundation-h265: 746d11721c4dcdbdad8f713fa42b33f4 -> 
  custom:audio-encoder-webm-vorbis: bf7c407c2cedff20999df2af8eb42d56 -> 
  custom:framework-win-MediaFoundation: 216162199b28c13a410421893ffa2e32 -> 
  custom:container-demuxer-ogg: 62fdf1f143b41e24485cea50d1cbac27 -> 
  custom:video-decoder-webm-vp8: 9c59270c3fd7afecdb556c50c9e8de78 -> 
  custom:audio-decoder-ogg-vorbis: bf7c407c2cedff20999df2af8eb42d56 -> 
========================================================================
Received Prepare
Registering precompiled user dll's ...
Registered in 0.014403 seconds.
Begin MonoManager ReloadAssembly
Symbol file LoadedFromMemory doesn't match image C:\Users\1\Documents\GitHub\Seagull-vs-Cats\Library\PackageCache\com.unity.visualscripting@1.8.0\Editor\VisualScripting.Core\Dependencies\YamlDotNet\Unity.VisualScripting.YamlDotNet.dll
Symbol file LoadedFromMemory doesn't match image C:\Users\1\Documents\GitHub\Seagull-vs-Cats\Library\PackageCache\com.unity.visualscripting@1.8.0\Editor\VisualScripting.Core\Dependencies\DotNetZip\Unity.VisualScripting.IonicZip.dll
Native extension for UWP target not found
Native extension for LinuxStandalone target not found
Native extension for WindowsStandalone target not found
Native extension for AppleTV target not found
Native extension for iOS target not found
Native extension for Android target not found
Native extension for OSXStandalone target not found
Native extension for WebGL target not found
Refreshing native plugins compatible for Editor in 1.18 ms, found 4 plugins.
Preloading 0 native plugins for Editor in 0.00 ms.
Mono: successfully reloaded assembly
- Completed reload, in  1.609 seconds
Domain Reload Profiling:
	ReloadAssembly (1610ms)
		BeginReloadAssembly (175ms)
			ExecutionOrderSort (0ms)
			DisableScriptedObjects (9ms)
			BackupInstance (0ms)
			ReleaseScriptingObjects (0ms)
			CreateAndSetChildDomain (47ms)
		EndReloadAssembly (1300ms)
			LoadAssemblies (129ms)
			RebuildTransferFunctionScriptingTraits (0ms)
			SetupTypeCache (353ms)
			ReleaseScriptCaches (3ms)
			RebuildScriptCaches (68ms)
			SetupLoadedEditorAssemblies (689ms)
				LogAssemblyErrors (0ms)
				InitializePlatformSupportModulesInManaged (53ms)
				SetLoadedEditorAssemblies (1ms)
				RefreshPlugins (1ms)
				BeforeProcessingInitializeOnLoad (124ms)
				ProcessInitializeOnLoadAttributes (401ms)
				ProcessInitializeOnLoadMethodAttributes (99ms)
				AfterProcessingInitializeOnLoad (10ms)
				EditorAssembliesLoaded (0ms)
			ExecutionOrderSort2 (0ms)
			AwakeInstancesAfterBackupRestoration (11ms)
Platform modules already initialized, skipping
Refreshing native plugins compatible for Editor in 3.74 ms, found 4 plugins.
Preloading 0 native plugins for Editor in 0.00 ms.
Unloading 5656 Unused Serialized files (Serialized files now loaded: 0)
Unloading 29 unused Assets / (0.8 MB). Loaded Objects now: 7409.
Memory consumption went from 219.6 MB to 218.8 MB.
Total: 5.053300 ms (FindLiveObjects: 0.707300 ms CreateObjectMapping: 0.294700 ms MarkObjects: 3.650600 ms  DeleteObjects: 0.399600 ms)

AssetImportParameters requested are different than current active one (requested -> active):
  custom:video-decoder-ogg-theora: a1e56fd34408186e4bbccfd4996cb3dc -> 
  custom:container-muxer-webm: aa71ff27fc2769a1b78a27578f13a17b -> 
  custom:container-demuxer-webm: 4f35f7cbe854078d1ac9338744f61a02 -> 
  custom:video-encoder-webm-vp8: eb34c28f22e8b96e1ab97ce403110664 -> 
  custom:video-codec-MediaFoundation-h265: 746d11721c4dcdbdad8f713fa42b33f4 -> 
  custom:audio-encoder-webm-vorbis: bf7c407c2cedff20999df2af8eb42d56 -> 
  custom:framework-win-MediaFoundation: 216162199b28c13a410421893ffa2e32 -> 
  custom:container-demuxer-ogg: 62fdf1f143b41e24485cea50d1cbac27 -> 
  custom:video-decoder-webm-vp8: 9c59270c3fd7afecdb556c50c9e8de78 -> 
  custom:audio-decoder-ogg-vorbis: bf7c407c2cedff20999df2af8eb42d56 -> 
========================================================================
Received Prepare
Registering precompiled user dll's ...
Registered in 0.014623 seconds.
Begin MonoManager ReloadAssembly
Symbol file LoadedFromMemory doesn't match image C:\Users\1\Documents\GitHub\Seagull-vs-Cats\Library\PackageCache\com.unity.visualscripting@1.8.0\Editor\VisualScripting.Core\Dependencies\YamlDotNet\Unity.VisualScripting.YamlDotNet.dll
Symbol file LoadedFromMemory doesn't match image C:\Users\1\Documents\GitHub\Seagull-vs-Cats\Library\PackageCache\com.unity.visualscripting@1.8.0\Editor\VisualScripting.Core\Dependencies\DotNetZip\Unity.VisualScripting.IonicZip.dll
Native extension for UWP target not found
Native extension for LinuxStandalone target not found
Native extension for WindowsStandalone target not found
Native extension for AppleTV target not found
Native extension for iOS target not found
Native extension for Android target not found
Native extension for OSXStandalone target not found
Native extension for WebGL target not found
Refreshing native plugins compatible for Editor in 1.11 ms, found 4 plugins.
Preloading 0 native plugins for Editor in 0.00 ms.
Mono: successfully reloaded assembly
- Completed reload, in  1.643 seconds
Domain Reload Profiling:
	ReloadAssembly (1644ms)
		BeginReloadAssembly (182ms)
			ExecutionOrderSort (0ms)
			DisableScriptedObjects (9ms)
			BackupInstance (0ms)
			ReleaseScriptingObjects (0ms)
			CreateAndSetChildDomain (48ms)
		EndReloadAssembly (1330ms)
			LoadAssemblies (147ms)
			RebuildTransferFunctionScriptingTraits (0ms)
			SetupTypeCache (353ms)
			ReleaseScriptCaches (3ms)
			RebuildScriptCaches (69ms)
			SetupLoadedEditorAssemblies (706ms)
				LogAssemblyErrors (0ms)
				InitializePlatformSupportModulesInManaged (47ms)
				SetLoadedEditorAssemblies (1ms)
				RefreshPlugins (1ms)
				BeforeProcessingInitializeOnLoad (130ms)
				ProcessInitializeOnLoadAttributes (418ms)
				ProcessInitializeOnLoadMethodAttributes (99ms)
				AfterProcessingInitializeOnLoad (10ms)
				EditorAssembliesLoaded (0ms)
			ExecutionOrderSort2 (0ms)
			AwakeInstancesAfterBackupRestoration (11ms)
Platform modules already initialized, skipping
Refreshing native plugins compatible for Editor in 5.04 ms, found 4 plugins.
Preloading 0 native plugins for Editor in 0.00 ms.
Unloading 5656 Unused Serialized files (Serialized files now loaded: 0)
Unloading 29 unused Assets / (0.8 MB). Loaded Objects now: 7424.
Memory consumption went from 219.6 MB to 218.9 MB.
Total: 6.074900 ms (FindLiveObjects: 0.714100 ms CreateObjectMapping: 0.297200 ms MarkObjects: 4.679200 ms  DeleteObjects: 0.383200 ms)

AssetImportParameters requested are different than current active one (requested -> active):
  custom:video-decoder-ogg-theora: a1e56fd34408186e4bbccfd4996cb3dc -> 
  custom:container-muxer-webm: aa71ff27fc2769a1b78a27578f13a17b -> 
  custom:container-demuxer-webm: 4f35f7cbe854078d1ac9338744f61a02 -> 
  custom:video-encoder-webm-vp8: eb34c28f22e8b96e1ab97ce403110664 -> 
  custom:video-codec-MediaFoundation-h265: 746d11721c4dcdbdad8f713fa42b33f4 -> 
  custom:audio-encoder-webm-vorbis: bf7c407c2cedff20999df2af8eb42d56 -> 
  custom:framework-win-MediaFoundation: 216162199b28c13a410421893ffa2e32 -> 
  custom:container-demuxer-ogg: 62fdf1f143b41e24485cea50d1cbac27 -> 
  custom:video-decoder-webm-vp8: 9c59270c3fd7afecdb556c50c9e8de78 -> 
  custom:audio-decoder-ogg-vorbis: bf7c407c2cedff20999df2af8eb42d56 -> 
========================================================================
Received Prepare
Registering precompiled user dll's ...
Registered in 0.014354 seconds.
Begin MonoManager ReloadAssembly
Symbol file LoadedFromMemory doesn't match image C:\Users\1\Documents\GitHub\Seagull-vs-Cats\Library\PackageCache\com.unity.visualscripting@1.8.0\Editor\VisualScripting.Core\Dependencies\YamlDotNet\Unity.VisualScripting.YamlDotNet.dll
Symbol file LoadedFromMemory doesn't match image C:\Users\1\Documents\GitHub\Seagull-vs-Cats\Library\PackageCache\com.unity.visualscripting@1.8.0\Editor\VisualScripting.Core\Dependencies\DotNetZip\Unity.VisualScripting.IonicZip.dll
Native extension for UWP target not found
Native extension for LinuxStandalone target not found
Native extension for WindowsStandalone target not found
Native extension for AppleTV target not found
Native extension for iOS target not found
Native extension for Android target not found
Native extension for OSXStandalone target not found
Native extension for WebGL target not found
Refreshing native plugins compatible for Editor in 1.21 ms, found 4 plugins.
Preloading 0 native plugins for Editor in 0.00 ms.
Mono: successfully reloaded assembly
- Completed reload, in  1.663 seconds
Domain Reload Profiling:
	ReloadAssembly (1664ms)
		BeginReloadAssembly (178ms)
			ExecutionOrderSort (0ms)
			DisableScriptedObjects (12ms)
			BackupInstance (0ms)
			ReleaseScriptingObjects (0ms)
			CreateAndSetChildDomain (46ms)
		EndReloadAssembly (1354ms)
			LoadAssemblies (128ms)
			RebuildTransferFunctionScriptingTraits (0ms)
			SetupTypeCache (381ms)
			ReleaseScriptCaches (3ms)
			RebuildScriptCaches (76ms)
			SetupLoadedEditorAssemblies (697ms)
				LogAssemblyErrors (0ms)
				InitializePlatformSupportModulesInManaged (49ms)
				SetLoadedEditorAssemblies (1ms)
				RefreshPlugins (1ms)
				BeforeProcessingInitializeOnLoad (111ms)
				ProcessInitializeOnLoadAttributes (403ms)
				ProcessInitializeOnLoadMethodAttributes (121ms)
				AfterProcessingInitializeOnLoad (10ms)
				EditorAssembliesLoaded (1ms)
			ExecutionOrderSort2 (0ms)
			AwakeInstancesAfterBackupRestoration (11ms)
Platform modules already initialized, skipping
Refreshing native plugins compatible for Editor in 3.88 ms, found 4 plugins.
Preloading 0 native plugins for Editor in 0.00 ms.
Unloading 5656 Unused Serialized files (Serialized files now loaded: 0)
Unloading 29 unused Assets / (0.8 MB). Loaded Objects now: 7439.
Memory consumption went from 219.6 MB to 218.9 MB.
Total: 5.152400 ms (FindLiveObjects: 0.767100 ms CreateObjectMapping: 0.322400 ms MarkObjects: 3.669300 ms  DeleteObjects: 0.392500 ms)

AssetImportParameters requested are different than current active one (requested -> active):
  custom:video-decoder-ogg-theora: a1e56fd34408186e4bbccfd4996cb3dc -> 
  custom:container-muxer-webm: aa71ff27fc2769a1b78a27578f13a17b -> 
  custom:container-demuxer-webm: 4f35f7cbe854078d1ac9338744f61a02 -> 
  custom:video-encoder-webm-vp8: eb34c28f22e8b96e1ab97ce403110664 -> 
  custom:video-codec-MediaFoundation-h265: 746d11721c4dcdbdad8f713fa42b33f4 -> 
  custom:audio-encoder-webm-vorbis: bf7c407c2cedff20999df2af8eb42d56 -> 
  custom:framework-win-MediaFoundation: 216162199b28c13a410421893ffa2e32 -> 
  custom:container-demuxer-ogg: 62fdf1f143b41e24485cea50d1cbac27 -> 
  custom:video-decoder-webm-vp8: 9c59270c3fd7afecdb556c50c9e8de78 -> 
  custom:audio-decoder-ogg-vorbis: bf7c407c2cedff20999df2af8eb42d56 -> 
========================================================================
Received Prepare
Registering precompiled user dll's ...
Registered in 0.017342 seconds.
Begin MonoManager ReloadAssembly
Symbol file LoadedFromMemory doesn't match image C:\Users\1\Documents\GitHub\Seagull-vs-Cats\Library\PackageCache\com.unity.visualscripting@1.8.0\Editor\VisualScripting.Core\Dependencies\YamlDotNet\Unity.VisualScripting.YamlDotNet.dll
Symbol file LoadedFromMemory doesn't match image C:\Users\1\Documents\GitHub\Seagull-vs-Cats\Library\PackageCache\com.unity.visualscripting@1.8.0\Editor\VisualScripting.Core\Dependencies\DotNetZip\Unity.VisualScripting.IonicZip.dll
Native extension for UWP target not found
Native extension for LinuxStandalone target not found
Native extension for WindowsStandalone target not found
Native extension for AppleTV target not found
Native extension for iOS target not found
Native extension for Android target not found
Native extension for OSXStandalone target not found
Native extension for WebGL target not found
Refreshing native plugins compatible for Editor in 1.19 ms, found 4 plugins.
Preloading 0 native plugins for Editor in 0.00 ms.
Mono: successfully reloaded assembly
- Completed reload, in  1.730 seconds
Domain Reload Profiling:
	ReloadAssembly (1731ms)
		BeginReloadAssembly (205ms)
			ExecutionOrderSort (0ms)
			DisableScriptedObjects (9ms)
			BackupInstance (0ms)
			ReleaseScriptingObjects (0ms)
			CreateAndSetChildDomain (52ms)
		EndReloadAssembly (1403ms)
			LoadAssemblies (153ms)
			RebuildTransferFunctionScriptingTraits (0ms)
			SetupTypeCache (370ms)
			ReleaseScriptCaches (3ms)
			RebuildScriptCaches (73ms)
			SetupLoadedEditorAssemblies (763ms)
				LogAssemblyErrors (0ms)
				InitializePlatformSupportModulesInManaged (48ms)
				SetLoadedEditorAssemblies (1ms)
				RefreshPlugins (1ms)
				BeforeProcessingInitializeOnLoad (112ms)
				ProcessInitializeOnLoadAttributes (475ms)
				ProcessInitializeOnLoadMethodAttributes (116ms)
				AfterProcessingInitializeOnLoad (10ms)
				EditorAssembliesLoaded (0ms)
			ExecutionOrderSort2 (0ms)
			AwakeInstancesAfterBackupRestoration (11ms)
Platform modules already initialized, skipping
Refreshing native plugins compatible for Editor in 5.68 ms, found 4 plugins.
Preloading 0 native plugins for Editor in 0.00 ms.
Unloading 5656 Unused Serialized files (Serialized files now loaded: 0)
Unloading 29 unused Assets / (0.8 MB). Loaded Objects now: 7454.
Memory consumption went from 219.7 MB to 218.9 MB.
Total: 5.348400 ms (FindLiveObjects: 0.645000 ms CreateObjectMapping: 0.287000 ms MarkObjects: 3.986700 ms  DeleteObjects: 0.428200 ms)

AssetImportParameters requested are different than current active one (requested -> active):
  custom:video-decoder-ogg-theora: a1e56fd34408186e4bbccfd4996cb3dc -> 
  custom:container-muxer-webm: aa71ff27fc2769a1b78a27578f13a17b -> 
  custom:container-demuxer-webm: 4f35f7cbe854078d1ac9338744f61a02 -> 
  custom:video-encoder-webm-vp8: eb34c28f22e8b96e1ab97ce403110664 -> 
  custom:video-codec-MediaFoundation-h265: 746d11721c4dcdbdad8f713fa42b33f4 -> 
  custom:audio-encoder-webm-vorbis: bf7c407c2cedff20999df2af8eb42d56 -> 
  custom:framework-win-MediaFoundation: 216162199b28c13a410421893ffa2e32 -> 
  custom:container-demuxer-ogg: 62fdf1f143b41e24485cea50d1cbac27 -> 
  custom:video-decoder-webm-vp8: 9c59270c3fd7afecdb556c50c9e8de78 -> 
  custom:audio-decoder-ogg-vorbis: bf7c407c2cedff20999df2af8eb42d56 -> 
========================================================================
Received Prepare
Registering precompiled user dll's ...
Registered in 0.014484 seconds.
Begin MonoManager ReloadAssembly
Symbol file LoadedFromMemory doesn't match image C:\Users\1\Documents\GitHub\Seagull-vs-Cats\Library\PackageCache\com.unity.visualscripting@1.8.0\Editor\VisualScripting.Core\Dependencies\YamlDotNet\Unity.VisualScripting.YamlDotNet.dll
Symbol file LoadedFromMemory doesn't match image C:\Users\1\Documents\GitHub\Seagull-vs-Cats\Library\PackageCache\com.unity.visualscripting@1.8.0\Editor\VisualScripting.Core\Dependencies\DotNetZip\Unity.VisualScripting.IonicZip.dll
Native extension for UWP target not found
Native extension for LinuxStandalone target not found
Native extension for WindowsStandalone target not found
Native extension for AppleTV target not found
Native extension for iOS target not found
Native extension for Android target not found
Native extension for OSXStandalone target not found
Native extension for WebGL target not found
Refreshing native plugins compatible for Editor in 1.18 ms, found 4 plugins.
Preloading 0 native plugins for Editor in 0.00 ms.
Mono: successfully reloaded assembly
- Completed reload, in  1.627 seconds
Domain Reload Profiling:
	ReloadAssembly (1628ms)
		BeginReloadAssembly (181ms)
			ExecutionOrderSort (0ms)
			DisableScriptedObjects (8ms)
			BackupInstance (0ms)
			ReleaseScriptingObjects (0ms)
			CreateAndSetChildDomain (47ms)
		EndReloadAssembly (1316ms)
			LoadAssemblies (134ms)
			RebuildTransferFunctionScriptingTraits (0ms)
			SetupTypeCache (362ms)
			ReleaseScriptCaches (3ms)
			RebuildScriptCaches (69ms)
			SetupLoadedEditorAssemblies (689ms)
				LogAssemblyErrors (0ms)
				InitializePlatformSupportModulesInManaged (49ms)
				SetLoadedEditorAssemblies (1ms)
				RefreshPlugins (1ms)
				BeforeProcessingInitializeOnLoad (119ms)
				ProcessInitializeOnLoadAttributes (404ms)
				ProcessInitializeOnLoadMethodAttributes (105ms)
				AfterProcessingInitializeOnLoad (10ms)
				EditorAssembliesLoaded (0ms)
			ExecutionOrderSort2 (0ms)
			AwakeInstancesAfterBackupRestoration (11ms)
Platform modules already initialized, skipping
Refreshing native plugins compatible for Editor in 3.88 ms, found 4 plugins.
Preloading 0 native plugins for Editor in 0.00 ms.
Unloading 5656 Unused Serialized files (Serialized files now loaded: 0)
Unloading 29 unused Assets / (0.8 MB). Loaded Objects now: 7469.
Memory consumption went from 219.7 MB to 218.9 MB.
Total: 6.165800 ms (FindLiveObjects: 0.724600 ms CreateObjectMapping: 0.296200 ms MarkObjects: 4.751200 ms  DeleteObjects: 0.392600 ms)

AssetImportParameters requested are different than current active one (requested -> active):
  custom:video-decoder-ogg-theora: a1e56fd34408186e4bbccfd4996cb3dc -> 
  custom:container-muxer-webm: aa71ff27fc2769a1b78a27578f13a17b -> 
  custom:container-demuxer-webm: 4f35f7cbe854078d1ac9338744f61a02 -> 
  custom:video-encoder-webm-vp8: eb34c28f22e8b96e1ab97ce403110664 -> 
  custom:video-codec-MediaFoundation-h265: 746d11721c4dcdbdad8f713fa42b33f4 -> 
  custom:audio-encoder-webm-vorbis: bf7c407c2cedff20999df2af8eb42d56 -> 
  custom:framework-win-MediaFoundation: 216162199b28c13a410421893ffa2e32 -> 
  custom:container-demuxer-ogg: 62fdf1f143b41e24485cea50d1cbac27 -> 
  custom:video-decoder-webm-vp8: 9c59270c3fd7afecdb556c50c9e8de78 -> 
  custom:audio-decoder-ogg-vorbis: bf7c407c2cedff20999df2af8eb42d56 -> 
========================================================================
Received Prepare
Registering precompiled user dll's ...
Registered in 0.014286 seconds.
Begin MonoManager ReloadAssembly
Symbol file LoadedFromMemory doesn't match image C:\Users\1\Documents\GitHub\Seagull-vs-Cats\Library\PackageCache\com.unity.visualscripting@1.8.0\Editor\VisualScripting.Core\Dependencies\YamlDotNet\Unity.VisualScripting.YamlDotNet.dll
Symbol file LoadedFromMemory doesn't match image C:\Users\1\Documents\GitHub\Seagull-vs-Cats\Library\PackageCache\com.unity.visualscripting@1.8.0\Editor\VisualScripting.Core\Dependencies\DotNetZip\Unity.VisualScripting.IonicZip.dll
Native extension for UWP target not found
Native extension for LinuxStandalone target not found
Native extension for WindowsStandalone target not found
Native extension for AppleTV target not found
Native extension for iOS target not found
Native extension for Android target not found
Native extension for OSXStandalone target not found
Native extension for WebGL target not found
Refreshing native plugins compatible for Editor in 1.32 ms, found 4 plugins.
Preloading 0 native plugins for Editor in 0.00 ms.
Mono: successfully reloaded assembly
- Completed reload, in  1.650 seconds
Domain Reload Profiling:
	ReloadAssembly (1651ms)
		BeginReloadAssembly (197ms)
			ExecutionOrderSort (0ms)
			DisableScriptedObjects (9ms)
			BackupInstance (0ms)
			ReleaseScriptingObjects (0ms)
			CreateAndSetChildDomain (51ms)
		EndReloadAssembly (1320ms)
			LoadAssemblies (163ms)
			RebuildTransferFunctionScriptingTraits (0ms)
			SetupTypeCache (347ms)
			ReleaseScriptCaches (3ms)
			RebuildScriptCaches (68ms)
			SetupLoadedEditorAssemblies (702ms)
				LogAssemblyErrors (0ms)
				InitializePlatformSupportModulesInManaged (49ms)
				SetLoadedEditorAssemblies (1ms)
				RefreshPlugins (1ms)
				BeforeProcessingInitializeOnLoad (114ms)
				ProcessInitializeOnLoadAttributes (420ms)
				ProcessInitializeOnLoadMethodAttributes (104ms)
				AfterProcessingInitializeOnLoad (11ms)
				EditorAssembliesLoaded (0ms)
			ExecutionOrderSort2 (0ms)
			AwakeInstancesAfterBackupRestoration (11ms)
Platform modules already initialized, skipping
Refreshing native plugins compatible for Editor in 5.18 ms, found 4 plugins.
Preloading 0 native plugins for Editor in 0.00 ms.
Unloading 5656 Unused Serialized files (Serialized files now loaded: 0)
Unloading 29 unused Assets / (0.8 MB). Loaded Objects now: 7484.
Memory consumption went from 219.8 MB to 219.0 MB.
Total: 6.951200 ms (FindLiveObjects: 0.669000 ms CreateObjectMapping: 0.300600 ms MarkObjects: 5.543200 ms  DeleteObjects: 0.436900 ms)

AssetImportParameters requested are different than current active one (requested -> active):
  custom:video-decoder-ogg-theora: a1e56fd34408186e4bbccfd4996cb3dc -> 
  custom:container-muxer-webm: aa71ff27fc2769a1b78a27578f13a17b -> 
  custom:container-demuxer-webm: 4f35f7cbe854078d1ac9338744f61a02 -> 
  custom:video-encoder-webm-vp8: eb34c28f22e8b96e1ab97ce403110664 -> 
  custom:video-codec-MediaFoundation-h265: 746d11721c4dcdbdad8f713fa42b33f4 -> 
  custom:audio-encoder-webm-vorbis: bf7c407c2cedff20999df2af8eb42d56 -> 
  custom:framework-win-MediaFoundation: 216162199b28c13a410421893ffa2e32 -> 
  custom:container-demuxer-ogg: 62fdf1f143b41e24485cea50d1cbac27 -> 
  custom:video-decoder-webm-vp8: 9c59270c3fd7afecdb556c50c9e8de78 -> 
  custom:audio-decoder-ogg-vorbis: bf7c407c2cedff20999df2af8eb42d56 -> 
========================================================================
Received Prepare
Registering precompiled user dll's ...
Registered in 0.015557 seconds.
Begin MonoManager ReloadAssembly
Symbol file LoadedFromMemory doesn't match image C:\Users\1\Documents\GitHub\Seagull-vs-Cats\Library\PackageCache\com.unity.visualscripting@1.8.0\Editor\VisualScripting.Core\Dependencies\YamlDotNet\Unity.VisualScripting.YamlDotNet.dll
Symbol file LoadedFromMemory doesn't match image C:\Users\1\Documents\GitHub\Seagull-vs-Cats\Library\PackageCache\com.unity.visualscripting@1.8.0\Editor\VisualScripting.Core\Dependencies\DotNetZip\Unity.VisualScripting.IonicZip.dll
Native extension for UWP target not found
Native extension for LinuxStandalone target not found
Native extension for WindowsStandalone target not found
Native extension for AppleTV target not found
Native extension for iOS target not found
Native extension for Android target not found
Native extension for OSXStandalone target not found
Native extension for WebGL target not found
Refreshing native plugins compatible for Editor in 1.21 ms, found 4 plugins.
Preloading 0 native plugins for Editor in 0.00 ms.
Mono: successfully reloaded assembly
- Completed reload, in  1.721 seconds
Domain Reload Profiling:
	ReloadAssembly (1721ms)
		BeginReloadAssembly (205ms)
			ExecutionOrderSort (0ms)
			DisableScriptedObjects (8ms)
			BackupInstance (0ms)
			ReleaseScriptingObjects (0ms)
			CreateAndSetChildDomain (49ms)
		EndReloadAssembly (1365ms)
			LoadAssemblies (160ms)
			RebuildTransferFunctionScriptingTraits (0ms)
			SetupTypeCache (364ms)
			ReleaseScriptCaches (4ms)
			RebuildScriptCaches (83ms)
			SetupLoadedEditorAssemblies (708ms)
				LogAssemblyErrors (0ms)
				InitializePlatformSupportModulesInManaged (56ms)
				SetLoadedEditorAssemblies (1ms)
				RefreshPlugins (1ms)
				BeforeProcessingInitializeOnLoad (124ms)
				ProcessInitializeOnLoadAttributes (409ms)
				ProcessInitializeOnLoadMethodAttributes (108ms)
				AfterProcessingInitializeOnLoad (10ms)
				EditorAssembliesLoaded (0ms)
			ExecutionOrderSort2 (0ms)
			AwakeInstancesAfterBackupRestoration (11ms)
Platform modules already initialized, skipping
Refreshing native plugins compatible for Editor in 3.75 ms, found 4 plugins.
Preloading 0 native plugins for Editor in 0.00 ms.
Unloading 5656 Unused Serialized files (Serialized files now loaded: 0)
Unloading 29 unused Assets / (0.8 MB). Loaded Objects now: 7499.
Memory consumption went from 219.8 MB to 219.0 MB.
Total: 5.540100 ms (FindLiveObjects: 0.660500 ms CreateObjectMapping: 0.301600 ms MarkObjects: 4.153900 ms  DeleteObjects: 0.422900 ms)

AssetImportParameters requested are different than current active one (requested -> active):
  custom:video-decoder-ogg-theora: a1e56fd34408186e4bbccfd4996cb3dc -> 
  custom:container-muxer-webm: aa71ff27fc2769a1b78a27578f13a17b -> 
  custom:container-demuxer-webm: 4f35f7cbe854078d1ac9338744f61a02 -> 
  custom:video-encoder-webm-vp8: eb34c28f22e8b96e1ab97ce403110664 -> 
  custom:video-codec-MediaFoundation-h265: 746d11721c4dcdbdad8f713fa42b33f4 -> 
  custom:audio-encoder-webm-vorbis: bf7c407c2cedff20999df2af8eb42d56 -> 
  custom:framework-win-MediaFoundation: 216162199b28c13a410421893ffa2e32 -> 
  custom:container-demuxer-ogg: 62fdf1f143b41e24485cea50d1cbac27 -> 
  custom:video-decoder-webm-vp8: 9c59270c3fd7afecdb556c50c9e8de78 -> 
  custom:audio-decoder-ogg-vorbis: bf7c407c2cedff20999df2af8eb42d56 -> 
========================================================================
Received Prepare
Registering precompiled user dll's ...
Registered in 0.014268 seconds.
Begin MonoManager ReloadAssembly
Symbol file LoadedFromMemory doesn't match image C:\Users\1\Documents\GitHub\Seagull-vs-Cats\Library\PackageCache\com.unity.visualscripting@1.8.0\Editor\VisualScripting.Core\Dependencies\YamlDotNet\Unity.VisualScripting.YamlDotNet.dll
Symbol file LoadedFromMemory doesn't match image C:\Users\1\Documents\GitHub\Seagull-vs-Cats\Library\PackageCache\com.unity.visualscripting@1.8.0\Editor\VisualScripting.Core\Dependencies\DotNetZip\Unity.VisualScripting.IonicZip.dll
Native extension for UWP target not found
Native extension for LinuxStandalone target not found
Native extension for WindowsStandalone target not found
Native extension for AppleTV target not found
Native extension for iOS target not found
Native extension for Android target not found
Native extension for OSXStandalone target not found
Native extension for WebGL target not found
Refreshing native plugins compatible for Editor in 1.16 ms, found 4 plugins.
Preloading 0 native plugins for Editor in 0.00 ms.
Mono: successfully reloaded assembly
- Completed reload, in  1.641 seconds
Domain Reload Profiling:
	ReloadAssembly (1642ms)
		BeginReloadAssembly (185ms)
			ExecutionOrderSort (0ms)
			DisableScriptedObjects (9ms)
			BackupInstance (0ms)
			ReleaseScriptingObjects (0ms)
			CreateAndSetChildDomain (48ms)
		EndReloadAssembly (1331ms)
			LoadAssemblies (135ms)
			RebuildTransferFunctionScriptingTraits (0ms)
			SetupTypeCache (364ms)
			ReleaseScriptCaches (3ms)
			RebuildScriptCaches (85ms)
			SetupLoadedEditorAssemblies (693ms)
				LogAssemblyErrors (0ms)
				InitializePlatformSupportModulesInManaged (48ms)
				SetLoadedEditorAssemblies (1ms)
				RefreshPlugins (1ms)
				BeforeProcessingInitializeOnLoad (115ms)
				ProcessInitializeOnLoadAttributes (409ms)
				ProcessInitializeOnLoadMethodAttributes (102ms)
				AfterProcessingInitializeOnLoad (17ms)
				EditorAssembliesLoaded (0ms)
			ExecutionOrderSort2 (0ms)
			AwakeInstancesAfterBackupRestoration (12ms)
Platform modules already initialized, skipping
Refreshing native plugins compatible for Editor in 3.69 ms, found 4 plugins.
Preloading 0 native plugins for Editor in 0.00 ms.
Unloading 5656 Unused Serialized files (Serialized files now loaded: 0)
Unloading 29 unused Assets / (0.8 MB). Loaded Objects now: 7514.
Memory consumption went from 219.8 MB to 219.0 MB.
Total: 5.039000 ms (FindLiveObjects: 0.656300 ms CreateObjectMapping: 0.291700 ms MarkObjects: 3.686300 ms  DeleteObjects: 0.403200 ms)

AssetImportParameters requested are different than current active one (requested -> active):
  custom:video-decoder-ogg-theora: a1e56fd34408186e4bbccfd4996cb3dc -> 
  custom:container-muxer-webm: aa71ff27fc2769a1b78a27578f13a17b -> 
  custom:container-demuxer-webm: 4f35f7cbe854078d1ac9338744f61a02 -> 
  custom:video-encoder-webm-vp8: eb34c28f22e8b96e1ab97ce403110664 -> 
  custom:video-codec-MediaFoundation-h265: 746d11721c4dcdbdad8f713fa42b33f4 -> 
  custom:audio-encoder-webm-vorbis: bf7c407c2cedff20999df2af8eb42d56 -> 
  custom:framework-win-MediaFoundation: 216162199b28c13a410421893ffa2e32 -> 
  custom:container-demuxer-ogg: 62fdf1f143b41e24485cea50d1cbac27 -> 
  custom:video-decoder-webm-vp8: 9c59270c3fd7afecdb556c50c9e8de78 -> 
  custom:audio-decoder-ogg-vorbis: bf7c407c2cedff20999df2af8eb42d56 -> 
========================================================================
Received Prepare
Registering precompiled user dll's ...
Registered in 0.014815 seconds.
Begin MonoManager ReloadAssembly
Symbol file LoadedFromMemory doesn't match image C:\Users\1\Documents\GitHub\Seagull-vs-Cats\Library\PackageCache\com.unity.visualscripting@1.8.0\Editor\VisualScripting.Core\Dependencies\YamlDotNet\Unity.VisualScripting.YamlDotNet.dll
Symbol file LoadedFromMemory doesn't match image C:\Users\1\Documents\GitHub\Seagull-vs-Cats\Library\PackageCache\com.unity.visualscripting@1.8.0\Editor\VisualScripting.Core\Dependencies\DotNetZip\Unity.VisualScripting.IonicZip.dll
Native extension for UWP target not found
Native extension for LinuxStandalone target not found
Native extension for WindowsStandalone target not found
Native extension for AppleTV target not found
Native extension for iOS target not found
Native extension for Android target not found
Native extension for OSXStandalone target not found
Native extension for WebGL target not found
Refreshing native plugins compatible for Editor in 1.18 ms, found 4 plugins.
Preloading 0 native plugins for Editor in 0.00 ms.
Mono: successfully reloaded assembly
- Completed reload, in  1.719 seconds
Domain Reload Profiling:
	ReloadAssembly (1720ms)
		BeginReloadAssembly (200ms)
			ExecutionOrderSort (0ms)
			DisableScriptedObjects (9ms)
			BackupInstance (0ms)
			ReleaseScriptingObjects (0ms)
			CreateAndSetChildDomain (50ms)
		EndReloadAssembly (1378ms)
			LoadAssemblies (158ms)
			RebuildTransferFunctionScriptingTraits (0ms)
			SetupTypeCache (372ms)
			ReleaseScriptCaches (3ms)
			RebuildScriptCaches (75ms)
			SetupLoadedEditorAssemblies (717ms)
				LogAssemblyErrors (0ms)
				InitializePlatformSupportModulesInManaged (49ms)
				SetLoadedEditorAssemblies (1ms)
				RefreshPlugins (1ms)
				BeforeProcessingInitializeOnLoad (118ms)
				ProcessInitializeOnLoadAttributes (432ms)
				ProcessInitializeOnLoadMethodAttributes (105ms)
				AfterProcessingInitializeOnLoad (10ms)
				EditorAssembliesLoaded (0ms)
			ExecutionOrderSort2 (0ms)
			AwakeInstancesAfterBackupRestoration (13ms)
Platform modules already initialized, skipping
Refreshing native plugins compatible for Editor in 3.97 ms, found 4 plugins.
Preloading 0 native plugins for Editor in 0.00 ms.
Unloading 5656 Unused Serialized files (Serialized files now loaded: 0)
Unloading 29 unused Assets / (0.8 MB). Loaded Objects now: 7529.
Memory consumption went from 219.8 MB to 219.1 MB.
Total: 5.335000 ms (FindLiveObjects: 0.741400 ms CreateObjectMapping: 0.369100 ms MarkObjects: 3.806000 ms  DeleteObjects: 0.417100 ms)

AssetImportParameters requested are different than current active one (requested -> active):
  custom:video-decoder-ogg-theora: a1e56fd34408186e4bbccfd4996cb3dc -> 
  custom:container-muxer-webm: aa71ff27fc2769a1b78a27578f13a17b -> 
  custom:container-demuxer-webm: 4f35f7cbe854078d1ac9338744f61a02 -> 
  custom:video-encoder-webm-vp8: eb34c28f22e8b96e1ab97ce403110664 -> 
  custom:video-codec-MediaFoundation-h265: 746d11721c4dcdbdad8f713fa42b33f4 -> 
  custom:audio-encoder-webm-vorbis: bf7c407c2cedff20999df2af8eb42d56 -> 
  custom:framework-win-MediaFoundation: 216162199b28c13a410421893ffa2e32 -> 
  custom:container-demuxer-ogg: 62fdf1f143b41e24485cea50d1cbac27 -> 
  custom:video-decoder-webm-vp8: 9c59270c3fd7afecdb556c50c9e8de78 -> 
  custom:audio-decoder-ogg-vorbis: bf7c407c2cedff20999df2af8eb42d56 -> 
========================================================================
Received Prepare
Registering precompiled user dll's ...
Registered in 0.014699 seconds.
Begin MonoManager ReloadAssembly
Symbol file LoadedFromMemory doesn't match image C:\Users\1\Documents\GitHub\Seagull-vs-Cats\Library\PackageCache\com.unity.visualscripting@1.8.0\Editor\VisualScripting.Core\Dependencies\YamlDotNet\Unity.VisualScripting.YamlDotNet.dll
Symbol file LoadedFromMemory doesn't match image C:\Users\1\Documents\GitHub\Seagull-vs-Cats\Library\PackageCache\com.unity.visualscripting@1.8.0\Editor\VisualScripting.Core\Dependencies\DotNetZip\Unity.VisualScripting.IonicZip.dll
Native extension for UWP target not found
Native extension for LinuxStandalone target not found
Native extension for WindowsStandalone target not found
Native extension for AppleTV target not found
Native extension for iOS target not found
Native extension for Android target not found
Native extension for OSXStandalone target not found
Native extension for WebGL target not found
Refreshing native plugins compatible for Editor in 1.19 ms, found 4 plugins.
Preloading 0 native plugins for Editor in 0.00 ms.
Mono: successfully reloaded assembly
- Completed reload, in  1.729 seconds
Domain Reload Profiling:
	ReloadAssembly (1730ms)
		BeginReloadAssembly (191ms)
			ExecutionOrderSort (0ms)
			DisableScriptedObjects (9ms)
			BackupInstance (0ms)
			ReleaseScriptingObjects (0ms)
			CreateAndSetChildDomain (47ms)
		EndReloadAssembly (1381ms)
			LoadAssemblies (138ms)
			RebuildTransferFunctionScriptingTraits (0ms)
			SetupTypeCache (377ms)
			ReleaseScriptCaches (3ms)
			RebuildScriptCaches (70ms)
			SetupLoadedEditorAssemblies (745ms)
				LogAssemblyErrors (0ms)
				InitializePlatformSupportModulesInManaged (48ms)
				SetLoadedEditorAssemblies (1ms)
				RefreshPlugins (1ms)
				BeforeProcessingInitializeOnLoad (116ms)
				ProcessInitializeOnLoadAttributes (468ms)
				ProcessInitializeOnLoadMethodAttributes (100ms)
				AfterProcessingInitializeOnLoad (10ms)
				EditorAssembliesLoaded (0ms)
			ExecutionOrderSort2 (0ms)
			AwakeInstancesAfterBackupRestoration (11ms)
Platform modules already initialized, skipping
Refreshing native plugins compatible for Editor in 3.90 ms, found 4 plugins.
Preloading 0 native plugins for Editor in 0.00 ms.
Unloading 5656 Unused Serialized files (Serialized files now loaded: 0)
Unloading 29 unused Assets / (0.8 MB). Loaded Objects now: 7544.
Memory consumption went from 219.8 MB to 219.1 MB.
Total: 6.613100 ms (FindLiveObjects: 0.733000 ms CreateObjectMapping: 0.386200 ms MarkObjects: 5.099400 ms  DeleteObjects: 0.393000 ms)

AssetImportParameters requested are different than current active one (requested -> active):
  custom:video-decoder-ogg-theora: a1e56fd34408186e4bbccfd4996cb3dc -> 
  custom:container-muxer-webm: aa71ff27fc2769a1b78a27578f13a17b -> 
  custom:container-demuxer-webm: 4f35f7cbe854078d1ac9338744f61a02 -> 
  custom:video-encoder-webm-vp8: eb34c28f22e8b96e1ab97ce403110664 -> 
  custom:video-codec-MediaFoundation-h265: 746d11721c4dcdbdad8f713fa42b33f4 -> 
  custom:audio-encoder-webm-vorbis: bf7c407c2cedff20999df2af8eb42d56 -> 
  custom:framework-win-MediaFoundation: 216162199b28c13a410421893ffa2e32 -> 
  custom:container-demuxer-ogg: 62fdf1f143b41e24485cea50d1cbac27 -> 
  custom:video-decoder-webm-vp8: 9c59270c3fd7afecdb556c50c9e8de78 -> 
  custom:audio-decoder-ogg-vorbis: bf7c407c2cedff20999df2af8eb42d56 -> 
========================================================================
Received Prepare
Registering precompiled user dll's ...
Registered in 0.020799 seconds.
Begin MonoManager ReloadAssembly
Symbol file LoadedFromMemory doesn't match image C:\Users\1\Documents\GitHub\Seagull-vs-Cats\Library\PackageCache\com.unity.visualscripting@1.8.0\Editor\VisualScripting.Core\Dependencies\YamlDotNet\Unity.VisualScripting.YamlDotNet.dll
Symbol file LoadedFromMemory doesn't match image C:\Users\1\Documents\GitHub\Seagull-vs-Cats\Library\PackageCache\com.unity.visualscripting@1.8.0\Editor\VisualScripting.Core\Dependencies\DotNetZip\Unity.VisualScripting.IonicZip.dll
Native extension for UWP target not found
Native extension for LinuxStandalone target not found
Native extension for WindowsStandalone target not found
Native extension for AppleTV target not found
Native extension for iOS target not found
Native extension for Android target not found
Native extension for OSXStandalone target not found
Native extension for WebGL target not found
Refreshing native plugins compatible for Editor in 1.89 ms, found 4 plugins.
Preloading 0 native plugins for Editor in 0.00 ms.
Mono: successfully reloaded assembly
- Completed reload, in  1.695 seconds
Domain Reload Profiling:
	ReloadAssembly (1695ms)
		BeginReloadAssembly (201ms)
			ExecutionOrderSort (0ms)
			DisableScriptedObjects (11ms)
			BackupInstance (0ms)
			ReleaseScriptingObjects (0ms)
			CreateAndSetChildDomain (63ms)
		EndReloadAssembly (1354ms)
			LoadAssemblies (146ms)
			RebuildTransferFunctionScriptingTraits (0ms)
			SetupTypeCache (360ms)
			ReleaseScriptCaches (3ms)
			RebuildScriptCaches (68ms)
			SetupLoadedEditorAssemblies (720ms)
				LogAssemblyErrors (0ms)
				InitializePlatformSupportModulesInManaged (49ms)
				SetLoadedEditorAssemblies (1ms)
				RefreshPlugins (2ms)
				BeforeProcessingInitializeOnLoad (125ms)
				ProcessInitializeOnLoadAttributes (421ms)
				ProcessInitializeOnLoadMethodAttributes (111ms)
				AfterProcessingInitializeOnLoad (10ms)
				EditorAssembliesLoaded (0ms)
			ExecutionOrderSort2 (0ms)
			AwakeInstancesAfterBackupRestoration (11ms)
Platform modules already initialized, skipping
Refreshing native plugins compatible for Editor in 5.56 ms, found 4 plugins.
Preloading 0 native plugins for Editor in 0.00 ms.
Unloading 5656 Unused Serialized files (Serialized files now loaded: 0)
Unloading 29 unused Assets / (0.8 MB). Loaded Objects now: 7559.
Memory consumption went from 219.9 MB to 219.1 MB.
Total: 5.339100 ms (FindLiveObjects: 0.741200 ms CreateObjectMapping: 0.307400 ms MarkObjects: 3.868500 ms  DeleteObjects: 0.420800 ms)

AssetImportParameters requested are different than current active one (requested -> active):
  custom:video-decoder-ogg-theora: a1e56fd34408186e4bbccfd4996cb3dc -> 
  custom:container-muxer-webm: aa71ff27fc2769a1b78a27578f13a17b -> 
  custom:container-demuxer-webm: 4f35f7cbe854078d1ac9338744f61a02 -> 
  custom:video-encoder-webm-vp8: eb34c28f22e8b96e1ab97ce403110664 -> 
  custom:video-codec-MediaFoundation-h265: 746d11721c4dcdbdad8f713fa42b33f4 -> 
  custom:audio-encoder-webm-vorbis: bf7c407c2cedff20999df2af8eb42d56 -> 
  custom:framework-win-MediaFoundation: 216162199b28c13a410421893ffa2e32 -> 
  custom:container-demuxer-ogg: 62fdf1f143b41e24485cea50d1cbac27 -> 
  custom:video-decoder-webm-vp8: 9c59270c3fd7afecdb556c50c9e8de78 -> 
  custom:audio-decoder-ogg-vorbis: bf7c407c2cedff20999df2af8eb42d56 -> 
========================================================================
Received Prepare
Registering precompiled user dll's ...
Registered in 0.015771 seconds.
Begin MonoManager ReloadAssembly
Symbol file LoadedFromMemory doesn't match image C:\Users\1\Documents\GitHub\Seagull-vs-Cats\Library\PackageCache\com.unity.visualscripting@1.8.0\Editor\VisualScripting.Core\Dependencies\YamlDotNet\Unity.VisualScripting.YamlDotNet.dll
Symbol file LoadedFromMemory doesn't match image C:\Users\1\Documents\GitHub\Seagull-vs-Cats\Library\PackageCache\com.unity.visualscripting@1.8.0\Editor\VisualScripting.Core\Dependencies\DotNetZip\Unity.VisualScripting.IonicZip.dll
Native extension for UWP target not found
Native extension for LinuxStandalone target not found
Native extension for WindowsStandalone target not found
Native extension for AppleTV target not found
Native extension for iOS target not found
Native extension for Android target not found
Native extension for OSXStandalone target not found
Native extension for WebGL target not found
Refreshing native plugins compatible for Editor in 1.87 ms, found 4 plugins.
Preloading 0 native plugins for Editor in 0.00 ms.
Mono: successfully reloaded assembly
- Completed reload, in  1.638 seconds
Domain Reload Profiling:
	ReloadAssembly (1639ms)
		BeginReloadAssembly (198ms)
			ExecutionOrderSort (0ms)
			DisableScriptedObjects (8ms)
			BackupInstance (0ms)
			ReleaseScriptingObjects (0ms)
			CreateAndSetChildDomain (53ms)
		EndReloadAssembly (1300ms)
			LoadAssemblies (146ms)
			RebuildTransferFunctionScriptingTraits (0ms)
			SetupTypeCache (343ms)
			ReleaseScriptCaches (3ms)
			RebuildScriptCaches (68ms)
			SetupLoadedEditorAssemblies (701ms)
				LogAssemblyErrors (0ms)
				InitializePlatformSupportModulesInManaged (50ms)
				SetLoadedEditorAssemblies (1ms)
				RefreshPlugins (2ms)
				BeforeProcessingInitializeOnLoad (125ms)
				ProcessInitializeOnLoadAttributes (412ms)
				ProcessInitializeOnLoadMethodAttributes (101ms)
				AfterProcessingInitializeOnLoad (10ms)
				EditorAssembliesLoaded (0ms)
			ExecutionOrderSort2 (0ms)
			AwakeInstancesAfterBackupRestoration (10ms)
Platform modules already initialized, skipping
Refreshing native plugins compatible for Editor in 3.70 ms, found 4 plugins.
Preloading 0 native plugins for Editor in 0.00 ms.
Unloading 5656 Unused Serialized files (Serialized files now loaded: 0)
Unloading 29 unused Assets / (0.8 MB). Loaded Objects now: 7574.
Memory consumption went from 219.9 MB to 219.1 MB.
Total: 5.233700 ms (FindLiveObjects: 0.739000 ms CreateObjectMapping: 0.304800 ms MarkObjects: 3.683800 ms  DeleteObjects: 0.505000 ms)

AssetImportParameters requested are different than current active one (requested -> active):
  custom:video-decoder-ogg-theora: a1e56fd34408186e4bbccfd4996cb3dc -> 
  custom:container-muxer-webm: aa71ff27fc2769a1b78a27578f13a17b -> 
  custom:container-demuxer-webm: 4f35f7cbe854078d1ac9338744f61a02 -> 
  custom:video-encoder-webm-vp8: eb34c28f22e8b96e1ab97ce403110664 -> 
  custom:video-codec-MediaFoundation-h265: 746d11721c4dcdbdad8f713fa42b33f4 -> 
  custom:audio-encoder-webm-vorbis: bf7c407c2cedff20999df2af8eb42d56 -> 
  custom:framework-win-MediaFoundation: 216162199b28c13a410421893ffa2e32 -> 
  custom:container-demuxer-ogg: 62fdf1f143b41e24485cea50d1cbac27 -> 
  custom:video-decoder-webm-vp8: 9c59270c3fd7afecdb556c50c9e8de78 -> 
  custom:audio-decoder-ogg-vorbis: bf7c407c2cedff20999df2af8eb42d56 -> 
========================================================================
Received Prepare
Registering precompiled user dll's ...
Registered in 0.017325 seconds.
Begin MonoManager ReloadAssembly
Symbol file LoadedFromMemory doesn't match image C:\Users\1\Documents\GitHub\Seagull-vs-Cats\Library\PackageCache\com.unity.visualscripting@1.8.0\Editor\VisualScripting.Core\Dependencies\YamlDotNet\Unity.VisualScripting.YamlDotNet.dll
Symbol file LoadedFromMemory doesn't match image C:\Users\1\Documents\GitHub\Seagull-vs-Cats\Library\PackageCache\com.unity.visualscripting@1.8.0\Editor\VisualScripting.Core\Dependencies\DotNetZip\Unity.VisualScripting.IonicZip.dll
Native extension for UWP target not found
Native extension for LinuxStandalone target not found
Native extension for WindowsStandalone target not found
Native extension for AppleTV target not found
Native extension for iOS target not found
Native extension for Android target not found
Native extension for OSXStandalone target not found
Native extension for WebGL target not found
Refreshing native plugins compatible for Editor in 1.23 ms, found 4 plugins.
Preloading 0 native plugins for Editor in 0.00 ms.
Mono: successfully reloaded assembly
- Completed reload, in  1.646 seconds
Domain Reload Profiling:
	ReloadAssembly (1647ms)
		BeginReloadAssembly (207ms)
			ExecutionOrderSort (0ms)
			DisableScriptedObjects (9ms)
			BackupInstance (0ms)
			ReleaseScriptingObjects (0ms)
			CreateAndSetChildDomain (49ms)
		EndReloadAssembly (1312ms)
			LoadAssemblies (156ms)
			RebuildTransferFunctionScriptingTraits (0ms)
			SetupTypeCache (364ms)
			ReleaseScriptCaches (3ms)
			RebuildScriptCaches (69ms)
			SetupLoadedEditorAssemblies (689ms)
				LogAssemblyErrors (0ms)
				InitializePlatformSupportModulesInManaged (48ms)
				SetLoadedEditorAssemblies (1ms)
				RefreshPlugins (1ms)
				BeforeProcessingInitializeOnLoad (118ms)
				ProcessInitializeOnLoadAttributes (409ms)
				ProcessInitializeOnLoadMethodAttributes (102ms)
				AfterProcessingInitializeOnLoad (10ms)
				EditorAssembliesLoaded (0ms)
			ExecutionOrderSort2 (0ms)
			AwakeInstancesAfterBackupRestoration (11ms)
Platform modules already initialized, skipping
Refreshing native plugins compatible for Editor in 3.71 ms, found 4 plugins.
Preloading 0 native plugins for Editor in 0.00 ms.
Unloading 5656 Unused Serialized files (Serialized files now loaded: 0)
Unloading 29 unused Assets / (0.8 MB). Loaded Objects now: 7589.
Memory consumption went from 219.9 MB to 219.1 MB.
Total: 5.165600 ms (FindLiveObjects: 0.676300 ms CreateObjectMapping: 0.287500 ms MarkObjects: 3.787700 ms  DeleteObjects: 0.413100 ms)

AssetImportParameters requested are different than current active one (requested -> active):
  custom:video-decoder-ogg-theora: a1e56fd34408186e4bbccfd4996cb3dc -> 
  custom:container-muxer-webm: aa71ff27fc2769a1b78a27578f13a17b -> 
  custom:container-demuxer-webm: 4f35f7cbe854078d1ac9338744f61a02 -> 
  custom:video-encoder-webm-vp8: eb34c28f22e8b96e1ab97ce403110664 -> 
  custom:video-codec-MediaFoundation-h265: 746d11721c4dcdbdad8f713fa42b33f4 -> 
  custom:audio-encoder-webm-vorbis: bf7c407c2cedff20999df2af8eb42d56 -> 
  custom:framework-win-MediaFoundation: 216162199b28c13a410421893ffa2e32 -> 
  custom:container-demuxer-ogg: 62fdf1f143b41e24485cea50d1cbac27 -> 
  custom:video-decoder-webm-vp8: 9c59270c3fd7afecdb556c50c9e8de78 -> 
  custom:audio-decoder-ogg-vorbis: bf7c407c2cedff20999df2af8eb42d56 -> 
========================================================================
Received Prepare
Registering precompiled user dll's ...
Registered in 0.015352 seconds.
Begin MonoManager ReloadAssembly
Symbol file LoadedFromMemory doesn't match image C:\Users\1\Documents\GitHub\Seagull-vs-Cats\Library\PackageCache\com.unity.visualscripting@1.8.0\Editor\VisualScripting.Core\Dependencies\YamlDotNet\Unity.VisualScripting.YamlDotNet.dll
Symbol file LoadedFromMemory doesn't match image C:\Users\1\Documents\GitHub\Seagull-vs-Cats\Library\PackageCache\com.unity.visualscripting@1.8.0\Editor\VisualScripting.Core\Dependencies\DotNetZip\Unity.VisualScripting.IonicZip.dll
Native extension for UWP target not found
Native extension for LinuxStandalone target not found
Native extension for WindowsStandalone target not found
Native extension for AppleTV target not found
Native extension for iOS target not found
Native extension for Android target not found
Native extension for OSXStandalone target not found
Native extension for WebGL target not found
Refreshing native plugins compatible for Editor in 1.18 ms, found 4 plugins.
Preloading 0 native plugins for Editor in 0.00 ms.
Mono: successfully reloaded assembly
- Completed reload, in  1.640 seconds
Domain Reload Profiling:
	ReloadAssembly (1641ms)
		BeginReloadAssembly (186ms)
			ExecutionOrderSort (0ms)
			DisableScriptedObjects (9ms)
			BackupInstance (0ms)
			ReleaseScriptingObjects (0ms)
			CreateAndSetChildDomain (46ms)
		EndReloadAssembly (1319ms)
			LoadAssemblies (142ms)
			RebuildTransferFunctionScriptingTraits (0ms)
			SetupTypeCache (361ms)
			ReleaseScriptCaches (3ms)
			RebuildScriptCaches (70ms)
			SetupLoadedEditorAssemblies (692ms)
				LogAssemblyErrors (0ms)
				InitializePlatformSupportModulesInManaged (52ms)
				SetLoadedEditorAssemblies (1ms)
				RefreshPlugins (1ms)
				BeforeProcessingInitializeOnLoad (118ms)
				ProcessInitializeOnLoadAttributes (409ms)
				ProcessInitializeOnLoadMethodAttributes (100ms)
				AfterProcessingInitializeOnLoad (11ms)
				EditorAssembliesLoaded (0ms)
			ExecutionOrderSort2 (0ms)
			AwakeInstancesAfterBackupRestoration (11ms)
Platform modules already initialized, skipping
Refreshing native plugins compatible for Editor in 3.70 ms, found 4 plugins.
Preloading 0 native plugins for Editor in 0.00 ms.
Unloading 5656 Unused Serialized files (Serialized files now loaded: 0)
Unloading 29 unused Assets / (0.8 MB). Loaded Objects now: 7604.
Memory consumption went from 219.9 MB to 219.1 MB.
Total: 5.377300 ms (FindLiveObjects: 0.655600 ms CreateObjectMapping: 0.287800 ms MarkObjects: 3.996900 ms  DeleteObjects: 0.435600 ms)

AssetImportParameters requested are different than current active one (requested -> active):
  custom:video-decoder-ogg-theora: a1e56fd34408186e4bbccfd4996cb3dc -> 
  custom:container-muxer-webm: aa71ff27fc2769a1b78a27578f13a17b -> 
  custom:container-demuxer-webm: 4f35f7cbe854078d1ac9338744f61a02 -> 
  custom:video-encoder-webm-vp8: eb34c28f22e8b96e1ab97ce403110664 -> 
  custom:video-codec-MediaFoundation-h265: 746d11721c4dcdbdad8f713fa42b33f4 -> 
  custom:audio-encoder-webm-vorbis: bf7c407c2cedff20999df2af8eb42d56 -> 
  custom:framework-win-MediaFoundation: 216162199b28c13a410421893ffa2e32 -> 
  custom:container-demuxer-ogg: 62fdf1f143b41e24485cea50d1cbac27 -> 
  custom:video-decoder-webm-vp8: 9c59270c3fd7afecdb556c50c9e8de78 -> 
  custom:audio-decoder-ogg-vorbis: bf7c407c2cedff20999df2af8eb42d56 -> 
========================================================================
Received Import Request.
  Time since last request: 4920.326613 seconds.
  path: Assets/Resources/Sprites/Enemy(Cat)/Walking/1.png
  artifactKey: Guid(8ae827d3f9186b240a1b31a6762bae55) Importer(815301076,1909f56bfc062723c751e8b465ee728b)
Start importing Assets/Resources/Sprites/Enemy(Cat)/Walking/1.png using Guid(8ae827d3f9186b240a1b31a6762bae55) Importer(815301076,1909f56bfc062723c751e8b465ee728b)  -> (artifact id: '76876565b9af098b389805601eef8127') in 0.443669 seconds 
========================================================================
Received Import Request.
  Time since last request: 0.000068 seconds.
  path: Assets/Resources/Sprites/Enemy(Cat)/Walking/5.png
  artifactKey: Guid(d4ebf10a403fa4b42bb5fa3d050db4fc) Importer(815301076,1909f56bfc062723c751e8b465ee728b)
Start importing Assets/Resources/Sprites/Enemy(Cat)/Walking/5.png using Guid(d4ebf10a403fa4b42bb5fa3d050db4fc) Importer(815301076,1909f56bfc062723c751e8b465ee728b)  -> (artifact id: 'c057e5f14abde2574f3f9c966c663015') in 0.287425 seconds 
========================================================================
Received Import Request.
  Time since last request: 0.000087 seconds.
  path: Assets/Resources/Sprites/Enemy(Cat)/Walking/6.png
  artifactKey: Guid(2d481c6aa2c9fbe49a77683fbb415a35) Importer(815301076,1909f56bfc062723c751e8b465ee728b)
Start importing Assets/Resources/Sprites/Enemy(Cat)/Walking/6.png using Guid(2d481c6aa2c9fbe49a77683fbb415a35) Importer(815301076,1909f56bfc062723c751e8b465ee728b)  -> (artifact id: '20d97403af6cc6b04fdaa63ad0af398c') in 0.268282 seconds 
========================================================================
Received Import Request.
  Time since last request: 0.000035 seconds.
  path: Assets/Resources/Sprites/Enemy(Cat)/Walking/3.png
  artifactKey: Guid(2238d610207caba4e8ef8b93132446dd) Importer(815301076,1909f56bfc062723c751e8b465ee728b)
Start importing Assets/Resources/Sprites/Enemy(Cat)/Walking/3.png using Guid(2238d610207caba4e8ef8b93132446dd) Importer(815301076,1909f56bfc062723c751e8b465ee728b)  -> (artifact id: '6b86c8923dbf6410b20d4a2fd171e36c') in 0.291305 seconds 
========================================================================
Received Import Request.
  Time since last request: 0.000054 seconds.
  path: Assets/Resources/Sprites/Enemy(Cat)/Walking/4.png
  artifactKey: Guid(3bc2cb5c303edb34ba664ed23499f7e1) Importer(815301076,1909f56bfc062723c751e8b465ee728b)
Start importing Assets/Resources/Sprites/Enemy(Cat)/Walking/4.png using Guid(3bc2cb5c303edb34ba664ed23499f7e1) Importer(815301076,1909f56bfc062723c751e8b465ee728b)  -> (artifact id: 'a82c726e61939041f9baf7d6f363499d') in 0.296883 seconds 
========================================================================
Received Import Request.
  Time since last request: 0.449583 seconds.
  path: Assets/Resources/Sprites/Buffs/Background_sky.png
  artifactKey: Guid(93fc583a1d5d629409b7201f499d43ed) Importer(815301076,1909f56bfc062723c751e8b465ee728b)
Start importing Assets/Resources/Sprites/Buffs/Background_sky.png using Guid(93fc583a1d5d629409b7201f499d43ed) Importer(815301076,1909f56bfc062723c751e8b465ee728b)  -> (artifact id: '7fc961e6ebbd5e60fc6f6ddb5b49227e') in 0.130981 seconds 
========================================================================
Received Import Request.
  Time since last request: 0.000030 seconds.
  path: Assets/Resources/Sprites/Buffs/Can.png
  artifactKey: Guid(dd3bebb421631004e8aac197e176af9c) Importer(815301076,1909f56bfc062723c751e8b465ee728b)
Start importing Assets/Resources/Sprites/Buffs/Can.png using Guid(dd3bebb421631004e8aac197e176af9c) Importer(815301076,1909f56bfc062723c751e8b465ee728b)  -> (artifact id: '0c9fb090b534e5153ae91ee064cdebeb') in 0.120689 seconds 
========================================================================
Received Import Request.
  Time since last request: 0.000039 seconds.
  path: Assets/Resources/Sprites/Buffs/Hopper.png
  artifactKey: Guid(03e5d2c325f57ed429c33930575b59d2) Importer(815301076,1909f56bfc062723c751e8b465ee728b)
Start importing Assets/Resources/Sprites/Buffs/Hopper.png using Guid(03e5d2c325f57ed429c33930575b59d2) Importer(815301076,1909f56bfc062723c751e8b465ee728b)  -> (artifact id: '768ccc02c5ab1701cc0719867cd36bc8') in 0.200445 seconds 
========================================================================
Received Import Request.
  Time since last request: 0.000044 seconds.
  path: Assets/Resources/Sprites/Buffs/Donat.png
  artifactKey: Guid(243c880e028bfb34f9216d26b8235de1) Importer(815301076,1909f56bfc062723c751e8b465ee728b)
Start importing Assets/Resources/Sprites/Buffs/Donat.png using Guid(243c880e028bfb34f9216d26b8235de1) Importer(815301076,1909f56bfc062723c751e8b465ee728b)  -> (artifact id: 'ed5a905766a48f49852e1177082d2621') in 0.129797 seconds 
========================================================================
Received Import Request.
  Time since last request: 0.000028 seconds.
  path: Assets/Resources/Sprites/Buffs/HelthBar.png
  artifactKey: Guid(416e8d03d6d9697489804ff6d57edd15) Importer(815301076,1909f56bfc062723c751e8b465ee728b)
Start importing Assets/Resources/Sprites/Buffs/HelthBar.png using Guid(416e8d03d6d9697489804ff6d57edd15) Importer(815301076,1909f56bfc062723c751e8b465ee728b)  -> (artifact id: '94517140401bc112a7cc7db2805da6ef') in 0.070883 seconds 
========================================================================
Received Import Request.
  Time since last request: 0.261827 seconds.
  path: Assets/Resources/Sprites/AID.png
  artifactKey: Guid(8e91f86e65e2a1a48b75270b6175b99f) Importer(815301076,1909f56bfc062723c751e8b465ee728b)
Start importing Assets/Resources/Sprites/AID.png using Guid(8e91f86e65e2a1a48b75270b6175b99f) Importer(815301076,1909f56bfc062723c751e8b465ee728b)  -> (artifact id: 'c764448052b970d1ea92e847d0afeaf9') in 0.041072 seconds 
========================================================================
Received Import Request.
  Time since last request: 0.000034 seconds.
  path: Assets/Resources/Sprites/Platform.png
  artifactKey: Guid(43d7aad2016685c47a5c773a737137da) Importer(815301076,1909f56bfc062723c751e8b465ee728b)
Start importing Assets/Resources/Sprites/Platform.png using Guid(43d7aad2016685c47a5c773a737137da) Importer(815301076,1909f56bfc062723c751e8b465ee728b)  -> (artifact id: '6d44b9ef4dcb32a7eb8188fbd89a8fad') in 0.044906 seconds 
========================================================================
Received Import Request.
  Time since last request: 0.000037 seconds.
  path: Assets/Resources/Sprites/Player.png
  artifactKey: Guid(1fcafe85fda8dd94a8ddff3f7ddf11a1) Importer(815301076,1909f56bfc062723c751e8b465ee728b)
Start importing Assets/Resources/Sprites/Player.png using Guid(1fcafe85fda8dd94a8ddff3f7ddf11a1) Importer(815301076,1909f56bfc062723c751e8b465ee728b)  -> (artifact id: 'c912f9950625f90278b2da97198397a9') in 0.039171 seconds 
========================================================================
Received Import Request.
  Time since last request: 0.906788 seconds.
  path: Assets/Prefabs/EnemyArea.prefab
  artifactKey: Guid(034715e1937358f44b6922bb0b27a531) Importer(815301076,1909f56bfc062723c751e8b465ee728b)
Start importing Assets/Prefabs/EnemyArea.prefab using Guid(034715e1937358f44b6922bb0b27a531) Importer(815301076,1909f56bfc062723c751e8b465ee728b)  -> (artifact id: 'f6b08dd64659224035b1b26ff889541f') in 0.046749 seconds 
========================================================================
Received Import Request.
  Time since last request: 0.007663 seconds.
  path: Assets/Prefabs/GameManager.prefab
  artifactKey: Guid(3f45ea01cd373c542bd19732544e6bdf) Importer(815301076,1909f56bfc062723c751e8b465ee728b)
Start importing Assets/Prefabs/GameManager.prefab using Guid(3f45ea01cd373c542bd19732544e6bdf) Importer(815301076,1909f56bfc062723c751e8b465ee728b)  -> (artifact id: 'd94b4262f05607f755b046685c8823b7') in 0.045955 seconds 
========================================================================
Received Import Request.
  Time since last request: 0.063710 seconds.
  path: Assets/Prefabs/Player.prefab
  artifactKey: Guid(eb4421f78f42c4745a47d1d650b5a2d4) Importer(815301076,1909f56bfc062723c751e8b465ee728b)
Start importing Assets/Prefabs/Player.prefab using Guid(eb4421f78f42c4745a47d1d650b5a2d4) Importer(815301076,1909f56bfc062723c751e8b465ee728b)  -> (artifact id: 'e095da4416975b408a3b146a7639ae05') in 1.187500 seconds 
========================================================================
Received Prepare
Registering precompiled user dll's ...
Registered in 0.017541 seconds.
Begin MonoManager ReloadAssembly
Symbol file LoadedFromMemory doesn't match image C:\Users\1\Documents\GitHub\Seagull-vs-Cats\Library\PackageCache\com.unity.visualscripting@1.8.0\Editor\VisualScripting.Core\Dependencies\YamlDotNet\Unity.VisualScripting.YamlDotNet.dll
Symbol file LoadedFromMemory doesn't match image C:\Users\1\Documents\GitHub\Seagull-vs-Cats\Library\PackageCache\com.unity.visualscripting@1.8.0\Editor\VisualScripting.Core\Dependencies\DotNetZip\Unity.VisualScripting.IonicZip.dll
Native extension for UWP target not found
Native extension for LinuxStandalone target not found
Native extension for WindowsStandalone target not found
Native extension for AppleTV target not found
Native extension for iOS target not found
Native extension for Android target not found
Native extension for OSXStandalone target not found
Native extension for WebGL target not found
Refreshing native plugins compatible for Editor in 1.53 ms, found 4 plugins.
Preloading 0 native plugins for Editor in 0.00 ms.
Mono: successfully reloaded assembly
- Completed reload, in  1.658 seconds
Domain Reload Profiling:
	ReloadAssembly (1659ms)
		BeginReloadAssembly (188ms)
			ExecutionOrderSort (0ms)
			DisableScriptedObjects (9ms)
			BackupInstance (0ms)
			ReleaseScriptingObjects (0ms)
			CreateAndSetChildDomain (54ms)
		EndReloadAssembly (1340ms)
			LoadAssemblies (148ms)
			RebuildTransferFunctionScriptingTraits (0ms)
			SetupTypeCache (351ms)
			ReleaseScriptCaches (3ms)
			RebuildScriptCaches (74ms)
			SetupLoadedEditorAssemblies (710ms)
				LogAssemblyErrors (0ms)
				InitializePlatformSupportModulesInManaged (48ms)
				SetLoadedEditorAssemblies (1ms)
				RefreshPlugins (2ms)
				BeforeProcessingInitializeOnLoad (113ms)
				ProcessInitializeOnLoadAttributes (428ms)
				ProcessInitializeOnLoadMethodAttributes (108ms)
				AfterProcessingInitializeOnLoad (10ms)
				EditorAssembliesLoaded (0ms)
			ExecutionOrderSort2 (0ms)
			AwakeInstancesAfterBackupRestoration (12ms)
Platform modules already initialized, skipping
Refreshing native plugins compatible for Editor in 6.33 ms, found 4 plugins.
Preloading 0 native plugins for Editor in 0.00 ms.
Unloading 5656 Unused Serialized files (Serialized files now loaded: 0)
Unloading 29 unused Assets / (0.8 MB). Loaded Objects now: 7647.
Memory consumption went from 224.1 MB to 223.3 MB.
Total: 5.318700 ms (FindLiveObjects: 0.668900 ms CreateObjectMapping: 0.291000 ms MarkObjects: 3.969900 ms  DeleteObjects: 0.387700 ms)

AssetImportParameters requested are different than current active one (requested -> active):
  custom:video-decoder-ogg-theora: a1e56fd34408186e4bbccfd4996cb3dc -> 
  custom:container-muxer-webm: aa71ff27fc2769a1b78a27578f13a17b -> 
  custom:container-demuxer-webm: 4f35f7cbe854078d1ac9338744f61a02 -> 
  custom:video-encoder-webm-vp8: eb34c28f22e8b96e1ab97ce403110664 -> 
  custom:video-codec-MediaFoundation-h265: 746d11721c4dcdbdad8f713fa42b33f4 -> 
  custom:audio-encoder-webm-vorbis: bf7c407c2cedff20999df2af8eb42d56 -> 
  custom:framework-win-MediaFoundation: 216162199b28c13a410421893ffa2e32 -> 
  custom:container-demuxer-ogg: 62fdf1f143b41e24485cea50d1cbac27 -> 
  custom:video-decoder-webm-vp8: 9c59270c3fd7afecdb556c50c9e8de78 -> 
  custom:audio-decoder-ogg-vorbis: bf7c407c2cedff20999df2af8eb42d56 -> 
========================================================================
Received Import Request.
  Time since last request: 186.971017 seconds.
  path: Assets/Scenes/UpdateShop.unity
  artifactKey: Guid(6ec8afde4e9fdfe4a82d49869b338c1f) Importer(815301076,1909f56bfc062723c751e8b465ee728b)
Start importing Assets/Scenes/UpdateShop.unity using Guid(6ec8afde4e9fdfe4a82d49869b338c1f) Importer(815301076,1909f56bfc062723c751e8b465ee728b)  -> (artifact id: '9e69210abc410c239ff52fb8480d089d') in 0.024220 seconds 
========================================================================
Received Prepare
Registering precompiled user dll's ...
Registered in 0.015659 seconds.
Begin MonoManager ReloadAssembly
Symbol file LoadedFromMemory doesn't match image C:\Users\1\Documents\GitHub\Seagull-vs-Cats\Library\PackageCache\com.unity.visualscripting@1.8.0\Editor\VisualScripting.Core\Dependencies\YamlDotNet\Unity.VisualScripting.YamlDotNet.dll
Symbol file LoadedFromMemory doesn't match image C:\Users\1\Documents\GitHub\Seagull-vs-Cats\Library\PackageCache\com.unity.visualscripting@1.8.0\Editor\VisualScripting.Core\Dependencies\DotNetZip\Unity.VisualScripting.IonicZip.dll
Native extension for UWP target not found
Native extension for LinuxStandalone target not found
Native extension for WindowsStandalone target not found
Native extension for AppleTV target not found
Native extension for iOS target not found
Native extension for Android target not found
Native extension for OSXStandalone target not found
Native extension for WebGL target not found
Refreshing native plugins compatible for Editor in 1.17 ms, found 4 plugins.
Preloading 0 native plugins for Editor in 0.00 ms.
Mono: successfully reloaded assembly
- Completed reload, in  1.732 seconds
Domain Reload Profiling:
	ReloadAssembly (1733ms)
		BeginReloadAssembly (194ms)
			ExecutionOrderSort (0ms)
			DisableScriptedObjects (11ms)
			BackupInstance (0ms)
			ReleaseScriptingObjects (0ms)
			CreateAndSetChildDomain (53ms)
		EndReloadAssembly (1406ms)
			LoadAssemblies (147ms)
			RebuildTransferFunctionScriptingTraits (0ms)
			SetupTypeCache (407ms)
			ReleaseScriptCaches (3ms)
			RebuildScriptCaches (81ms)
			SetupLoadedEditorAssemblies (708ms)
				LogAssemblyErrors (0ms)
				InitializePlatformSupportModulesInManaged (55ms)
				SetLoadedEditorAssemblies (1ms)
				RefreshPlugins (1ms)
				BeforeProcessingInitializeOnLoad (122ms)
				ProcessInitializeOnLoadAttributes (412ms)
				ProcessInitializeOnLoadMethodAttributes (107ms)
				AfterProcessingInitializeOnLoad (10ms)
				EditorAssembliesLoaded (0ms)
			ExecutionOrderSort2 (0ms)
			AwakeInstancesAfterBackupRestoration (13ms)
Platform modules already initialized, skipping
Refreshing native plugins compatible for Editor in 6.13 ms, found 4 plugins.
Preloading 0 native plugins for Editor in 0.00 ms.
Unloading 5656 Unused Serialized files (Serialized files now loaded: 0)
Unloading 29 unused Assets / (0.8 MB). Loaded Objects now: 7662.
Memory consumption went from 224.1 MB to 223.4 MB.
Total: 5.686500 ms (FindLiveObjects: 0.781400 ms CreateObjectMapping: 0.377100 ms MarkObjects: 4.098500 ms  DeleteObjects: 0.428000 ms)

AssetImportParameters requested are different than current active one (requested -> active):
  custom:video-decoder-ogg-theora: a1e56fd34408186e4bbccfd4996cb3dc -> 
  custom:container-muxer-webm: aa71ff27fc2769a1b78a27578f13a17b -> 
  custom:container-demuxer-webm: 4f35f7cbe854078d1ac9338744f61a02 -> 
  custom:video-encoder-webm-vp8: eb34c28f22e8b96e1ab97ce403110664 -> 
  custom:video-codec-MediaFoundation-h265: 746d11721c4dcdbdad8f713fa42b33f4 -> 
  custom:audio-encoder-webm-vorbis: bf7c407c2cedff20999df2af8eb42d56 -> 
  custom:framework-win-MediaFoundation: 216162199b28c13a410421893ffa2e32 -> 
  custom:container-demuxer-ogg: 62fdf1f143b41e24485cea50d1cbac27 -> 
  custom:video-decoder-webm-vp8: 9c59270c3fd7afecdb556c50c9e8de78 -> 
  custom:audio-decoder-ogg-vorbis: bf7c407c2cedff20999df2af8eb42d56 -> 
========================================================================
Received Prepare
Registering precompiled user dll's ...
Registered in 0.015876 seconds.
Begin MonoManager ReloadAssembly
Symbol file LoadedFromMemory doesn't match image C:\Users\1\Documents\GitHub\Seagull-vs-Cats\Library\PackageCache\com.unity.visualscripting@1.8.0\Editor\VisualScripting.Core\Dependencies\YamlDotNet\Unity.VisualScripting.YamlDotNet.dll
Symbol file LoadedFromMemory doesn't match image C:\Users\1\Documents\GitHub\Seagull-vs-Cats\Library\PackageCache\com.unity.visualscripting@1.8.0\Editor\VisualScripting.Core\Dependencies\DotNetZip\Unity.VisualScripting.IonicZip.dll
Native extension for UWP target not found
Native extension for LinuxStandalone target not found
Native extension for WindowsStandalone target not found
Native extension for AppleTV target not found
Native extension for iOS target not found
Native extension for Android target not found
Native extension for OSXStandalone target not found
Native extension for WebGL target not found
Refreshing native plugins compatible for Editor in 1.19 ms, found 4 plugins.
Preloading 0 native plugins for Editor in 0.00 ms.
Mono: successfully reloaded assembly
- Completed reload, in  1.642 seconds
Domain Reload Profiling:
	ReloadAssembly (1642ms)
		BeginReloadAssembly (188ms)
			ExecutionOrderSort (0ms)
			DisableScriptedObjects (8ms)
			BackupInstance (0ms)
			ReleaseScriptingObjects (0ms)
			CreateAndSetChildDomain (49ms)
		EndReloadAssembly (1329ms)
			LoadAssemblies (136ms)
			RebuildTransferFunctionScriptingTraits (0ms)
			SetupTypeCache (381ms)
			ReleaseScriptCaches (3ms)
			RebuildScriptCaches (74ms)
			SetupLoadedEditorAssemblies (682ms)
				LogAssemblyErrors (0ms)
				InitializePlatformSupportModulesInManaged (54ms)
				SetLoadedEditorAssemblies (1ms)
				RefreshPlugins (1ms)
				BeforeProcessingInitializeOnLoad (121ms)
				ProcessInitializeOnLoadAttributes (396ms)
				ProcessInitializeOnLoadMethodAttributes (99ms)
				AfterProcessingInitializeOnLoad (10ms)
				EditorAssembliesLoaded (0ms)
			ExecutionOrderSort2 (0ms)
			AwakeInstancesAfterBackupRestoration (10ms)
Platform modules already initialized, skipping
Refreshing native plugins compatible for Editor in 3.82 ms, found 4 plugins.
Preloading 0 native plugins for Editor in 0.00 ms.
Unloading 5656 Unused Serialized files (Serialized files now loaded: 0)
Unloading 29 unused Assets / (0.8 MB). Loaded Objects now: 7677.
Memory consumption went from 224.2 MB to 223.4 MB.
Total: 5.368100 ms (FindLiveObjects: 0.745700 ms CreateObjectMapping: 0.302900 ms MarkObjects: 3.912200 ms  DeleteObjects: 0.406100 ms)

AssetImportParameters requested are different than current active one (requested -> active):
  custom:video-decoder-ogg-theora: a1e56fd34408186e4bbccfd4996cb3dc -> 
  custom:container-muxer-webm: aa71ff27fc2769a1b78a27578f13a17b -> 
  custom:container-demuxer-webm: 4f35f7cbe854078d1ac9338744f61a02 -> 
  custom:video-encoder-webm-vp8: eb34c28f22e8b96e1ab97ce403110664 -> 
  custom:video-codec-MediaFoundation-h265: 746d11721c4dcdbdad8f713fa42b33f4 -> 
  custom:audio-encoder-webm-vorbis: bf7c407c2cedff20999df2af8eb42d56 -> 
  custom:framework-win-MediaFoundation: 216162199b28c13a410421893ffa2e32 -> 
  custom:container-demuxer-ogg: 62fdf1f143b41e24485cea50d1cbac27 -> 
  custom:video-decoder-webm-vp8: 9c59270c3fd7afecdb556c50c9e8de78 -> 
  custom:audio-decoder-ogg-vorbis: bf7c407c2cedff20999df2af8eb42d56 -> 
========================================================================
Received Import Request.
  Time since last request: 168.733929 seconds.
  path: Assets/Scripts/Player.cs
  artifactKey: Guid(12de27bc769831847914b780bd734555) Importer(815301076,1909f56bfc062723c751e8b465ee728b)
Start importing Assets/Scripts/Player.cs using Guid(12de27bc769831847914b780bd734555) Importer(815301076,1909f56bfc062723c751e8b465ee728b)  -> (artifact id: '799d6613f8dc5ef24e440daf41fb2540') in 0.016740 seconds 
========================================================================
Received Prepare
Registering precompiled user dll's ...
Registered in 0.020729 seconds.
Begin MonoManager ReloadAssembly
Symbol file LoadedFromMemory doesn't match image C:\Users\1\Documents\GitHub\Seagull-vs-Cats\Library\PackageCache\com.unity.visualscripting@1.8.0\Editor\VisualScripting.Core\Dependencies\YamlDotNet\Unity.VisualScripting.YamlDotNet.dll
Symbol file LoadedFromMemory doesn't match image C:\Users\1\Documents\GitHub\Seagull-vs-Cats\Library\PackageCache\com.unity.visualscripting@1.8.0\Editor\VisualScripting.Core\Dependencies\DotNetZip\Unity.VisualScripting.IonicZip.dll
Native extension for UWP target not found
Native extension for LinuxStandalone target not found
Native extension for WindowsStandalone target not found
Native extension for AppleTV target not found
Native extension for iOS target not found
Native extension for Android target not found
Native extension for OSXStandalone target not found
Native extension for WebGL target not found
Refreshing native plugins compatible for Editor in 1.18 ms, found 4 plugins.
Preloading 0 native plugins for Editor in 0.00 ms.
Mono: successfully reloaded assembly
- Completed reload, in  2.063 seconds
Domain Reload Profiling:
	ReloadAssembly (2063ms)
		BeginReloadAssembly (207ms)
			ExecutionOrderSort (0ms)
			DisableScriptedObjects (11ms)
			BackupInstance (0ms)
			ReleaseScriptingObjects (0ms)
			CreateAndSetChildDomain (57ms)
		EndReloadAssembly (1720ms)
			LoadAssemblies (151ms)
			RebuildTransferFunctionScriptingTraits (0ms)
			SetupTypeCache (498ms)
			ReleaseScriptCaches (3ms)
			RebuildScriptCaches (92ms)
			SetupLoadedEditorAssemblies (876ms)
				LogAssemblyErrors (0ms)
				InitializePlatformSupportModulesInManaged (74ms)
				SetLoadedEditorAssemblies (1ms)
				RefreshPlugins (1ms)
				BeforeProcessingInitializeOnLoad (165ms)
				ProcessInitializeOnLoadAttributes (506ms)
				ProcessInitializeOnLoadMethodAttributes (118ms)
				AfterProcessingInitializeOnLoad (10ms)
				EditorAssembliesLoaded (0ms)
			ExecutionOrderSort2 (0ms)
			AwakeInstancesAfterBackupRestoration (14ms)
Platform modules already initialized, skipping
Refreshing native plugins compatible for Editor in 9.80 ms, found 4 plugins.
Preloading 0 native plugins for Editor in 0.00 ms.
Unloading 5656 Unused Serialized files (Serialized files now loaded: 0)
Unloading 29 unused Assets / (0.8 MB). Loaded Objects now: 7692.
Memory consumption went from 224.2 MB to 223.4 MB.
Total: 10.652200 ms (FindLiveObjects: 1.138700 ms CreateObjectMapping: 0.642700 ms MarkObjects: 8.365400 ms  DeleteObjects: 0.503400 ms)

AssetImportParameters requested are different than current active one (requested -> active):
  custom:video-decoder-ogg-theora: a1e56fd34408186e4bbccfd4996cb3dc -> 
  custom:container-muxer-webm: aa71ff27fc2769a1b78a27578f13a17b -> 
  custom:container-demuxer-webm: 4f35f7cbe854078d1ac9338744f61a02 -> 
  custom:video-encoder-webm-vp8: eb34c28f22e8b96e1ab97ce403110664 -> 
  custom:video-codec-MediaFoundation-h265: 746d11721c4dcdbdad8f713fa42b33f4 -> 
  custom:audio-encoder-webm-vorbis: bf7c407c2cedff20999df2af8eb42d56 -> 
  custom:framework-win-MediaFoundation: 216162199b28c13a410421893ffa2e32 -> 
  custom:container-demuxer-ogg: 62fdf1f143b41e24485cea50d1cbac27 -> 
  custom:video-decoder-webm-vp8: 9c59270c3fd7afecdb556c50c9e8de78 -> 
  custom:audio-decoder-ogg-vorbis: bf7c407c2cedff20999df2af8eb42d56 -> 
========================================================================
Received Prepare
Registering precompiled user dll's ...
Registered in 0.018630 seconds.
Begin MonoManager ReloadAssembly
Symbol file LoadedFromMemory doesn't match image C:\Users\1\Documents\GitHub\Seagull-vs-Cats\Library\PackageCache\com.unity.visualscripting@1.8.0\Editor\VisualScripting.Core\Dependencies\YamlDotNet\Unity.VisualScripting.YamlDotNet.dll
Symbol file LoadedFromMemory doesn't match image C:\Users\1\Documents\GitHub\Seagull-vs-Cats\Library\PackageCache\com.unity.visualscripting@1.8.0\Editor\VisualScripting.Core\Dependencies\DotNetZip\Unity.VisualScripting.IonicZip.dll
Native extension for UWP target not found
Native extension for LinuxStandalone target not found
Native extension for WindowsStandalone target not found
Native extension for AppleTV target not found
Native extension for iOS target not found
Native extension for Android target not found
Native extension for OSXStandalone target not found
Native extension for WebGL target not found
Refreshing native plugins compatible for Editor in 1.82 ms, found 4 plugins.
Preloading 0 native plugins for Editor in 0.00 ms.
Mono: successfully reloaded assembly
- Completed reload, in  1.870 seconds
Domain Reload Profiling:
	ReloadAssembly (1871ms)
		BeginReloadAssembly (208ms)
			ExecutionOrderSort (0ms)
			DisableScriptedObjects (9ms)
			BackupInstance (0ms)
			ReleaseScriptingObjects (1ms)
			CreateAndSetChildDomain (52ms)
		EndReloadAssembly (1520ms)
			LoadAssemblies (157ms)
			RebuildTransferFunctionScriptingTraits (0ms)
			SetupTypeCache (402ms)
			ReleaseScriptCaches (3ms)
			RebuildScriptCaches (86ms)
			SetupLoadedEditorAssemblies (822ms)
				LogAssemblyErrors (0ms)
				InitializePlatformSupportModulesInManaged (57ms)
				SetLoadedEditorAssemblies (1ms)
				RefreshPlugins (2ms)
				BeforeProcessingInitializeOnLoad (133ms)
				ProcessInitializeOnLoadAttributes (458ms)
				ProcessInitializeOnLoadMethodAttributes (158ms)
				AfterProcessingInitializeOnLoad (12ms)
				EditorAssembliesLoaded (0ms)
			ExecutionOrderSort2 (0ms)
			AwakeInstancesAfterBackupRestoration (11ms)
Platform modules already initialized, skipping
Refreshing native plugins compatible for Editor in 6.08 ms, found 4 plugins.
Preloading 0 native plugins for Editor in 0.00 ms.
Unloading 5656 Unused Serialized files (Serialized files now loaded: 0)
Unloading 29 unused Assets / (0.8 MB). Loaded Objects now: 7707.
Memory consumption went from 224.2 MB to 223.4 MB.
Total: 8.143100 ms (FindLiveObjects: 0.692300 ms CreateObjectMapping: 0.294200 ms MarkObjects: 6.740400 ms  DeleteObjects: 0.414600 ms)

AssetImportParameters requested are different than current active one (requested -> active):
  custom:video-decoder-ogg-theora: a1e56fd34408186e4bbccfd4996cb3dc -> 
  custom:container-muxer-webm: aa71ff27fc2769a1b78a27578f13a17b -> 
  custom:container-demuxer-webm: 4f35f7cbe854078d1ac9338744f61a02 -> 
  custom:video-encoder-webm-vp8: eb34c28f22e8b96e1ab97ce403110664 -> 
  custom:video-codec-MediaFoundation-h265: 746d11721c4dcdbdad8f713fa42b33f4 -> 
  custom:audio-encoder-webm-vorbis: bf7c407c2cedff20999df2af8eb42d56 -> 
  custom:framework-win-MediaFoundation: 216162199b28c13a410421893ffa2e32 -> 
  custom:container-demuxer-ogg: 62fdf1f143b41e24485cea50d1cbac27 -> 
  custom:video-decoder-webm-vp8: 9c59270c3fd7afecdb556c50c9e8de78 -> 
  custom:audio-decoder-ogg-vorbis: bf7c407c2cedff20999df2af8eb42d56 -> 
========================================================================
Received Prepare
Registering precompiled user dll's ...
Registered in 0.015066 seconds.
Begin MonoManager ReloadAssembly
Symbol file LoadedFromMemory doesn't match image C:\Users\1\Documents\GitHub\Seagull-vs-Cats\Library\PackageCache\com.unity.visualscripting@1.8.0\Editor\VisualScripting.Core\Dependencies\YamlDotNet\Unity.VisualScripting.YamlDotNet.dll
Symbol file LoadedFromMemory doesn't match image C:\Users\1\Documents\GitHub\Seagull-vs-Cats\Library\PackageCache\com.unity.visualscripting@1.8.0\Editor\VisualScripting.Core\Dependencies\DotNetZip\Unity.VisualScripting.IonicZip.dll
Native extension for UWP target not found
Native extension for LinuxStandalone target not found
Native extension for WindowsStandalone target not found
Native extension for AppleTV target not found
Native extension for iOS target not found
Native extension for Android target not found
Native extension for OSXStandalone target not found
Native extension for WebGL target not found
Refreshing native plugins compatible for Editor in 1.23 ms, found 4 plugins.
Preloading 0 native plugins for Editor in 0.00 ms.
Mono: successfully reloaded assembly
- Completed reload, in  1.636 seconds
Domain Reload Profiling:
	ReloadAssembly (1637ms)
		BeginReloadAssembly (200ms)
			ExecutionOrderSort (0ms)
			DisableScriptedObjects (9ms)
			BackupInstance (0ms)
			ReleaseScriptingObjects (0ms)
			CreateAndSetChildDomain (55ms)
		EndReloadAssembly (1309ms)
			LoadAssemblies (145ms)
			RebuildTransferFunctionScriptingTraits (0ms)
			SetupTypeCache (363ms)
			ReleaseScriptCaches (3ms)
			RebuildScriptCaches (69ms)
			SetupLoadedEditorAssemblies (689ms)
				LogAssemblyErrors (0ms)
				InitializePlatformSupportModulesInManaged (47ms)
				SetLoadedEditorAssemblies (1ms)
				RefreshPlugins (1ms)
				BeforeProcessingInitializeOnLoad (121ms)
				ProcessInitializeOnLoadAttributes (400ms)
				ProcessInitializeOnLoadMethodAttributes (110ms)
				AfterProcessingInitializeOnLoad (10ms)
				EditorAssembliesLoaded (0ms)
			ExecutionOrderSort2 (0ms)
			AwakeInstancesAfterBackupRestoration (11ms)
Platform modules already initialized, skipping
Refreshing native plugins compatible for Editor in 4.28 ms, found 4 plugins.
Preloading 0 native plugins for Editor in 0.00 ms.
Unloading 5656 Unused Serialized files (Serialized files now loaded: 0)
Unloading 29 unused Assets / (0.8 MB). Loaded Objects now: 7722.
Memory consumption went from 224.2 MB to 223.4 MB.
Total: 5.418400 ms (FindLiveObjects: 0.756700 ms CreateObjectMapping: 0.301000 ms MarkObjects: 3.940300 ms  DeleteObjects: 0.419300 ms)

AssetImportParameters requested are different than current active one (requested -> active):
  custom:video-decoder-ogg-theora: a1e56fd34408186e4bbccfd4996cb3dc -> 
  custom:container-muxer-webm: aa71ff27fc2769a1b78a27578f13a17b -> 
  custom:container-demuxer-webm: 4f35f7cbe854078d1ac9338744f61a02 -> 
  custom:video-encoder-webm-vp8: eb34c28f22e8b96e1ab97ce403110664 -> 
  custom:video-codec-MediaFoundation-h265: 746d11721c4dcdbdad8f713fa42b33f4 -> 
  custom:audio-encoder-webm-vorbis: bf7c407c2cedff20999df2af8eb42d56 -> 
  custom:framework-win-MediaFoundation: 216162199b28c13a410421893ffa2e32 -> 
  custom:container-demuxer-ogg: 62fdf1f143b41e24485cea50d1cbac27 -> 
  custom:video-decoder-webm-vp8: 9c59270c3fd7afecdb556c50c9e8de78 -> 
  custom:audio-decoder-ogg-vorbis: bf7c407c2cedff20999df2af8eb42d56 -> 
========================================================================
Received Prepare
Registering precompiled user dll's ...
Registered in 0.014416 seconds.
Begin MonoManager ReloadAssembly
Symbol file LoadedFromMemory doesn't match image C:\Users\1\Documents\GitHub\Seagull-vs-Cats\Library\PackageCache\com.unity.visualscripting@1.8.0\Editor\VisualScripting.Core\Dependencies\YamlDotNet\Unity.VisualScripting.YamlDotNet.dll
Symbol file LoadedFromMemory doesn't match image C:\Users\1\Documents\GitHub\Seagull-vs-Cats\Library\PackageCache\com.unity.visualscripting@1.8.0\Editor\VisualScripting.Core\Dependencies\DotNetZip\Unity.VisualScripting.IonicZip.dll
Native extension for UWP target not found
Native extension for LinuxStandalone target not found
Native extension for WindowsStandalone target not found
Native extension for AppleTV target not found
Native extension for iOS target not found
Native extension for Android target not found
Native extension for OSXStandalone target not found
Native extension for WebGL target not found
Refreshing native plugins compatible for Editor in 1.08 ms, found 4 plugins.
Preloading 0 native plugins for Editor in 0.00 ms.
Mono: successfully reloaded assembly
- Completed reload, in  1.636 seconds
Domain Reload Profiling:
	ReloadAssembly (1637ms)
		BeginReloadAssembly (194ms)
			ExecutionOrderSort (0ms)
			DisableScriptedObjects (8ms)
			BackupInstance (0ms)
			ReleaseScriptingObjects (0ms)
			CreateAndSetChildDomain (53ms)
		EndReloadAssembly (1318ms)
			LoadAssemblies (140ms)
			RebuildTransferFunctionScriptingTraits (0ms)
			SetupTypeCache (359ms)
			ReleaseScriptCaches (3ms)
			RebuildScriptCaches (70ms)
			SetupLoadedEditorAssemblies (701ms)
				LogAssemblyErrors (0ms)
				InitializePlatformSupportModulesInManaged (49ms)
				SetLoadedEditorAssemblies (1ms)
				RefreshPlugins (1ms)
				BeforeProcessingInitializeOnLoad (123ms)
				ProcessInitializeOnLoadAttributes (416ms)
				ProcessInitializeOnLoadMethodAttributes (100ms)
				AfterProcessingInitializeOnLoad (10ms)
				EditorAssembliesLoaded (0ms)
			ExecutionOrderSort2 (0ms)
			AwakeInstancesAfterBackupRestoration (11ms)
Platform modules already initialized, skipping
Refreshing native plugins compatible for Editor in 6.99 ms, found 4 plugins.
Preloading 0 native plugins for Editor in 0.00 ms.
Unloading 5656 Unused Serialized files (Serialized files now loaded: 0)
Unloading 29 unused Assets / (0.8 MB). Loaded Objects now: 7737.
Memory consumption went from 224.2 MB to 223.4 MB.
Total: 5.156100 ms (FindLiveObjects: 0.691400 ms CreateObjectMapping: 0.290400 ms MarkObjects: 3.771900 ms  DeleteObjects: 0.400700 ms)

AssetImportParameters requested are different than current active one (requested -> active):
  custom:video-decoder-ogg-theora: a1e56fd34408186e4bbccfd4996cb3dc -> 
  custom:container-muxer-webm: aa71ff27fc2769a1b78a27578f13a17b -> 
  custom:container-demuxer-webm: 4f35f7cbe854078d1ac9338744f61a02 -> 
  custom:video-encoder-webm-vp8: eb34c28f22e8b96e1ab97ce403110664 -> 
  custom:video-codec-MediaFoundation-h265: 746d11721c4dcdbdad8f713fa42b33f4 -> 
  custom:audio-encoder-webm-vorbis: bf7c407c2cedff20999df2af8eb42d56 -> 
  custom:framework-win-MediaFoundation: 216162199b28c13a410421893ffa2e32 -> 
  custom:container-demuxer-ogg: 62fdf1f143b41e24485cea50d1cbac27 -> 
  custom:video-decoder-webm-vp8: 9c59270c3fd7afecdb556c50c9e8de78 -> 
  custom:audio-decoder-ogg-vorbis: bf7c407c2cedff20999df2af8eb42d56 -> 
========================================================================
Received Prepare
Registering precompiled user dll's ...
Registered in 0.015561 seconds.
Begin MonoManager ReloadAssembly
Symbol file LoadedFromMemory doesn't match image C:\Users\1\Documents\GitHub\Seagull-vs-Cats\Library\PackageCache\com.unity.visualscripting@1.8.0\Editor\VisualScripting.Core\Dependencies\YamlDotNet\Unity.VisualScripting.YamlDotNet.dll
Symbol file LoadedFromMemory doesn't match image C:\Users\1\Documents\GitHub\Seagull-vs-Cats\Library\PackageCache\com.unity.visualscripting@1.8.0\Editor\VisualScripting.Core\Dependencies\DotNetZip\Unity.VisualScripting.IonicZip.dll
Native extension for UWP target not found
Native extension for LinuxStandalone target not found
Native extension for WindowsStandalone target not found
Native extension for AppleTV target not found
Native extension for iOS target not found
Native extension for Android target not found
Native extension for OSXStandalone target not found
Native extension for WebGL target not found
Refreshing native plugins compatible for Editor in 1.19 ms, found 4 plugins.
Preloading 0 native plugins for Editor in 0.00 ms.
Mono: successfully reloaded assembly
- Completed reload, in  1.732 seconds
Domain Reload Profiling:
	ReloadAssembly (1733ms)
		BeginReloadAssembly (186ms)
			ExecutionOrderSort (0ms)
			DisableScriptedObjects (8ms)
			BackupInstance (0ms)
			ReleaseScriptingObjects (0ms)
			CreateAndSetChildDomain (54ms)
		EndReloadAssembly (1409ms)
			LoadAssemblies (133ms)
			RebuildTransferFunctionScriptingTraits (0ms)
			SetupTypeCache (392ms)
			ReleaseScriptCaches (3ms)
			RebuildScriptCaches (81ms)
			SetupLoadedEditorAssemblies (735ms)
				LogAssemblyErrors (0ms)
				InitializePlatformSupportModulesInManaged (48ms)
				SetLoadedEditorAssemblies (1ms)
				RefreshPlugins (1ms)
				BeforeProcessingInitializeOnLoad (123ms)
				ProcessInitializeOnLoadAttributes (440ms)
				ProcessInitializeOnLoadMethodAttributes (110ms)
				AfterProcessingInitializeOnLoad (11ms)
				EditorAssembliesLoaded (0ms)
			ExecutionOrderSort2 (0ms)
			AwakeInstancesAfterBackupRestoration (12ms)
Platform modules already initialized, skipping
Refreshing native plugins compatible for Editor in 5.44 ms, found 4 plugins.
Preloading 0 native plugins for Editor in 0.00 ms.
Unloading 5656 Unused Serialized files (Serialized files now loaded: 0)
Unloading 29 unused Assets / (0.8 MB). Loaded Objects now: 7752.
Memory consumption went from 224.2 MB to 223.5 MB.
Total: 5.344000 ms (FindLiveObjects: 0.759600 ms CreateObjectMapping: 0.311600 ms MarkObjects: 3.859500 ms  DeleteObjects: 0.412000 ms)

AssetImportParameters requested are different than current active one (requested -> active):
  custom:video-decoder-ogg-theora: a1e56fd34408186e4bbccfd4996cb3dc -> 
  custom:container-muxer-webm: aa71ff27fc2769a1b78a27578f13a17b -> 
  custom:container-demuxer-webm: 4f35f7cbe854078d1ac9338744f61a02 -> 
  custom:video-encoder-webm-vp8: eb34c28f22e8b96e1ab97ce403110664 -> 
  custom:video-codec-MediaFoundation-h265: 746d11721c4dcdbdad8f713fa42b33f4 -> 
  custom:audio-encoder-webm-vorbis: bf7c407c2cedff20999df2af8eb42d56 -> 
  custom:framework-win-MediaFoundation: 216162199b28c13a410421893ffa2e32 -> 
  custom:container-demuxer-ogg: 62fdf1f143b41e24485cea50d1cbac27 -> 
  custom:video-decoder-webm-vp8: 9c59270c3fd7afecdb556c50c9e8de78 -> 
  custom:audio-decoder-ogg-vorbis: bf7c407c2cedff20999df2af8eb42d56 -> 
========================================================================
Received Prepare
Registering precompiled user dll's ...
Registered in 0.017753 seconds.
Begin MonoManager ReloadAssembly
Symbol file LoadedFromMemory doesn't match image C:\Users\1\Documents\GitHub\Seagull-vs-Cats\Library\PackageCache\com.unity.visualscripting@1.8.0\Editor\VisualScripting.Core\Dependencies\YamlDotNet\Unity.VisualScripting.YamlDotNet.dll
Symbol file LoadedFromMemory doesn't match image C:\Users\1\Documents\GitHub\Seagull-vs-Cats\Library\PackageCache\com.unity.visualscripting@1.8.0\Editor\VisualScripting.Core\Dependencies\DotNetZip\Unity.VisualScripting.IonicZip.dll
Native extension for UWP target not found
Native extension for LinuxStandalone target not found
Native extension for WindowsStandalone target not found
Native extension for AppleTV target not found
Native extension for iOS target not found
Native extension for Android target not found
Native extension for OSXStandalone target not found
Native extension for WebGL target not found
Refreshing native plugins compatible for Editor in 1.40 ms, found 4 plugins.
Preloading 0 native plugins for Editor in 0.00 ms.
Mono: successfully reloaded assembly
- Completed reload, in  2.398 seconds
Domain Reload Profiling:
	ReloadAssembly (2399ms)
		BeginReloadAssembly (352ms)
			ExecutionOrderSort (0ms)
			DisableScriptedObjects (10ms)
			BackupInstance (0ms)
			ReleaseScriptingObjects (0ms)
			CreateAndSetChildDomain (59ms)
		EndReloadAssembly (1841ms)
			LoadAssemblies (295ms)
			RebuildTransferFunctionScriptingTraits (0ms)
			SetupTypeCache (766ms)
			ReleaseScriptCaches (3ms)
			RebuildScriptCaches (80ms)
			SetupLoadedEditorAssemblies (773ms)
				LogAssemblyErrors (0ms)
				InitializePlatformSupportModulesInManaged (53ms)
				SetLoadedEditorAssemblies (1ms)
				RefreshPlugins (2ms)
				BeforeProcessingInitializeOnLoad (129ms)
				ProcessInitializeOnLoadAttributes (474ms)
				ProcessInitializeOnLoadMethodAttributes (104ms)
				AfterProcessingInitializeOnLoad (11ms)
				EditorAssembliesLoaded (0ms)
			ExecutionOrderSort2 (0ms)
			AwakeInstancesAfterBackupRestoration (13ms)
Platform modules already initialized, skipping
Refreshing native plugins compatible for Editor in 4.50 ms, found 4 plugins.
Preloading 0 native plugins for Editor in 0.00 ms.
Unloading 5656 Unused Serialized files (Serialized files now loaded: 0)
Unloading 29 unused Assets / (0.8 MB). Loaded Objects now: 7767.
Memory consumption went from 224.3 MB to 223.5 MB.
Total: 5.670700 ms (FindLiveObjects: 0.770700 ms CreateObjectMapping: 0.297900 ms MarkObjects: 4.189900 ms  DeleteObjects: 0.410900 ms)

AssetImportParameters requested are different than current active one (requested -> active):
  custom:video-decoder-ogg-theora: a1e56fd34408186e4bbccfd4996cb3dc -> 
  custom:container-muxer-webm: aa71ff27fc2769a1b78a27578f13a17b -> 
  custom:container-demuxer-webm: 4f35f7cbe854078d1ac9338744f61a02 -> 
  custom:video-encoder-webm-vp8: eb34c28f22e8b96e1ab97ce403110664 -> 
  custom:video-codec-MediaFoundation-h265: 746d11721c4dcdbdad8f713fa42b33f4 -> 
  custom:audio-encoder-webm-vorbis: bf7c407c2cedff20999df2af8eb42d56 -> 
  custom:framework-win-MediaFoundation: 216162199b28c13a410421893ffa2e32 -> 
  custom:container-demuxer-ogg: 62fdf1f143b41e24485cea50d1cbac27 -> 
  custom:video-decoder-webm-vp8: 9c59270c3fd7afecdb556c50c9e8de78 -> 
  custom:audio-decoder-ogg-vorbis: bf7c407c2cedff20999df2af8eb42d56 -> 
========================================================================
Received Prepare
Registering precompiled user dll's ...
Registered in 0.015383 seconds.
Begin MonoManager ReloadAssembly
Symbol file LoadedFromMemory doesn't match image C:\Users\1\Documents\GitHub\Seagull-vs-Cats\Library\PackageCache\com.unity.visualscripting@1.8.0\Editor\VisualScripting.Core\Dependencies\YamlDotNet\Unity.VisualScripting.YamlDotNet.dll
Symbol file LoadedFromMemory doesn't match image C:\Users\1\Documents\GitHub\Seagull-vs-Cats\Library\PackageCache\com.unity.visualscripting@1.8.0\Editor\VisualScripting.Core\Dependencies\DotNetZip\Unity.VisualScripting.IonicZip.dll
Native extension for UWP target not found
Native extension for LinuxStandalone target not found
Native extension for WindowsStandalone target not found
Native extension for AppleTV target not found
Native extension for iOS target not found
Native extension for Android target not found
Native extension for OSXStandalone target not found
Native extension for WebGL target not found
Refreshing native plugins compatible for Editor in 1.54 ms, found 4 plugins.
Preloading 0 native plugins for Editor in 0.00 ms.
Mono: successfully reloaded assembly
- Completed reload, in  1.668 seconds
Domain Reload Profiling:
	ReloadAssembly (1669ms)
		BeginReloadAssembly (181ms)
			ExecutionOrderSort (0ms)
			DisableScriptedObjects (10ms)
			BackupInstance (0ms)
			ReleaseScriptingObjects (0ms)
			CreateAndSetChildDomain (49ms)
		EndReloadAssembly (1363ms)
			LoadAssemblies (146ms)
			RebuildTransferFunctionScriptingTraits (0ms)
			SetupTypeCache (367ms)
			ReleaseScriptCaches (3ms)
			RebuildScriptCaches (78ms)
			SetupLoadedEditorAssemblies (709ms)
				LogAssemblyErrors (0ms)
				InitializePlatformSupportModulesInManaged (50ms)
				SetLoadedEditorAssemblies (1ms)
				RefreshPlugins (2ms)
				BeforeProcessingInitializeOnLoad (121ms)
				ProcessInitializeOnLoadAttributes (407ms)
				ProcessInitializeOnLoadMethodAttributes (118ms)
				AfterProcessingInitializeOnLoad (10ms)
				EditorAssembliesLoaded (0ms)
			ExecutionOrderSort2 (0ms)
			AwakeInstancesAfterBackupRestoration (11ms)
Platform modules already initialized, skipping
Refreshing native plugins compatible for Editor in 3.78 ms, found 4 plugins.
Preloading 0 native plugins for Editor in 0.00 ms.
Unloading 5656 Unused Serialized files (Serialized files now loaded: 0)
Unloading 29 unused Assets / (0.8 MB). Loaded Objects now: 7782.
Memory consumption went from 224.3 MB to 223.5 MB.
Total: 5.144600 ms (FindLiveObjects: 0.681500 ms CreateObjectMapping: 0.290600 ms MarkObjects: 3.762500 ms  DeleteObjects: 0.408600 ms)

AssetImportParameters requested are different than current active one (requested -> active):
  custom:video-decoder-ogg-theora: a1e56fd34408186e4bbccfd4996cb3dc -> 
  custom:container-muxer-webm: aa71ff27fc2769a1b78a27578f13a17b -> 
  custom:container-demuxer-webm: 4f35f7cbe854078d1ac9338744f61a02 -> 
  custom:video-encoder-webm-vp8: eb34c28f22e8b96e1ab97ce403110664 -> 
  custom:video-codec-MediaFoundation-h265: 746d11721c4dcdbdad8f713fa42b33f4 -> 
  custom:audio-encoder-webm-vorbis: bf7c407c2cedff20999df2af8eb42d56 -> 
  custom:framework-win-MediaFoundation: 216162199b28c13a410421893ffa2e32 -> 
  custom:container-demuxer-ogg: 62fdf1f143b41e24485cea50d1cbac27 -> 
  custom:video-decoder-webm-vp8: 9c59270c3fd7afecdb556c50c9e8de78 -> 
  custom:audio-decoder-ogg-vorbis: bf7c407c2cedff20999df2af8eb42d56 -> 
========================================================================
Received Prepare
Registering precompiled user dll's ...
Registered in 0.014157 seconds.
Begin MonoManager ReloadAssembly
Symbol file LoadedFromMemory doesn't match image C:\Users\1\Documents\GitHub\Seagull-vs-Cats\Library\PackageCache\com.unity.visualscripting@1.8.0\Editor\VisualScripting.Core\Dependencies\YamlDotNet\Unity.VisualScripting.YamlDotNet.dll
Symbol file LoadedFromMemory doesn't match image C:\Users\1\Documents\GitHub\Seagull-vs-Cats\Library\PackageCache\com.unity.visualscripting@1.8.0\Editor\VisualScripting.Core\Dependencies\DotNetZip\Unity.VisualScripting.IonicZip.dll
Native extension for UWP target not found
Native extension for LinuxStandalone target not found
Native extension for WindowsStandalone target not found
Native extension for AppleTV target not found
Native extension for iOS target not found
Native extension for Android target not found
Native extension for OSXStandalone target not found
Native extension for WebGL target not found
Refreshing native plugins compatible for Editor in 1.17 ms, found 4 plugins.
Preloading 0 native plugins for Editor in 0.00 ms.
Mono: successfully reloaded assembly
- Completed reload, in  1.685 seconds
Domain Reload Profiling:
	ReloadAssembly (1686ms)
		BeginReloadAssembly (193ms)
			ExecutionOrderSort (0ms)
			DisableScriptedObjects (8ms)
			BackupInstance (0ms)
			ReleaseScriptingObjects (0ms)
			CreateAndSetChildDomain (47ms)
		EndReloadAssembly (1358ms)
			LoadAssemblies (145ms)
			RebuildTransferFunctionScriptingTraits (0ms)
			SetupTypeCache (354ms)
			ReleaseScriptCaches (3ms)
			RebuildScriptCaches (71ms)
			SetupLoadedEditorAssemblies (741ms)
				LogAssemblyErrors (0ms)
				InitializePlatformSupportModulesInManaged (49ms)
				SetLoadedEditorAssemblies (1ms)
				RefreshPlugins (1ms)
				BeforeProcessingInitializeOnLoad (131ms)
				ProcessInitializeOnLoadAttributes (442ms)
				ProcessInitializeOnLoadMethodAttributes (107ms)
				AfterProcessingInitializeOnLoad (10ms)
				EditorAssembliesLoaded (0ms)
			ExecutionOrderSort2 (0ms)
			AwakeInstancesAfterBackupRestoration (10ms)
Platform modules already initialized, skipping
Refreshing native plugins compatible for Editor in 5.42 ms, found 4 plugins.
Preloading 0 native plugins for Editor in 0.00 ms.
Unloading 5656 Unused Serialized files (Serialized files now loaded: 0)
Unloading 29 unused Assets / (0.8 MB). Loaded Objects now: 7797.
Memory consumption went from 224.3 MB to 223.5 MB.
Total: 5.528800 ms (FindLiveObjects: 0.690600 ms CreateObjectMapping: 0.323000 ms MarkObjects: 4.078700 ms  DeleteObjects: 0.435200 ms)

AssetImportParameters requested are different than current active one (requested -> active):
  custom:video-decoder-ogg-theora: a1e56fd34408186e4bbccfd4996cb3dc -> 
  custom:container-muxer-webm: aa71ff27fc2769a1b78a27578f13a17b -> 
  custom:container-demuxer-webm: 4f35f7cbe854078d1ac9338744f61a02 -> 
  custom:video-encoder-webm-vp8: eb34c28f22e8b96e1ab97ce403110664 -> 
  custom:video-codec-MediaFoundation-h265: 746d11721c4dcdbdad8f713fa42b33f4 -> 
  custom:audio-encoder-webm-vorbis: bf7c407c2cedff20999df2af8eb42d56 -> 
  custom:framework-win-MediaFoundation: 216162199b28c13a410421893ffa2e32 -> 
  custom:container-demuxer-ogg: 62fdf1f143b41e24485cea50d1cbac27 -> 
  custom:video-decoder-webm-vp8: 9c59270c3fd7afecdb556c50c9e8de78 -> 
  custom:audio-decoder-ogg-vorbis: bf7c407c2cedff20999df2af8eb42d56 -> 
========================================================================
Received Prepare
Registering precompiled user dll's ...
Registered in 0.015877 seconds.
Begin MonoManager ReloadAssembly
Symbol file LoadedFromMemory doesn't match image C:\Users\1\Documents\GitHub\Seagull-vs-Cats\Library\PackageCache\com.unity.visualscripting@1.8.0\Editor\VisualScripting.Core\Dependencies\YamlDotNet\Unity.VisualScripting.YamlDotNet.dll
Symbol file LoadedFromMemory doesn't match image C:\Users\1\Documents\GitHub\Seagull-vs-Cats\Library\PackageCache\com.unity.visualscripting@1.8.0\Editor\VisualScripting.Core\Dependencies\DotNetZip\Unity.VisualScripting.IonicZip.dll
Native extension for UWP target not found
Native extension for LinuxStandalone target not found
Native extension for WindowsStandalone target not found
Native extension for AppleTV target not found
Native extension for iOS target not found
Native extension for Android target not found
Native extension for OSXStandalone target not found
Native extension for WebGL target not found
Refreshing native plugins compatible for Editor in 1.18 ms, found 4 plugins.
Preloading 0 native plugins for Editor in 0.00 ms.
Mono: successfully reloaded assembly
- Completed reload, in  1.671 seconds
Domain Reload Profiling:
	ReloadAssembly (1671ms)
		BeginReloadAssembly (187ms)
			ExecutionOrderSort (0ms)
			DisableScriptedObjects (8ms)
			BackupInstance (0ms)
			ReleaseScriptingObjects (0ms)
			CreateAndSetChildDomain (53ms)
		EndReloadAssembly (1348ms)
			LoadAssemblies (137ms)
			RebuildTransferFunctionScriptingTraits (0ms)
			SetupTypeCache (394ms)
			ReleaseScriptCaches (3ms)
			RebuildScriptCaches (71ms)
			SetupLoadedEditorAssemblies (688ms)
				LogAssemblyErrors (0ms)
				InitializePlatformSupportModulesInManaged (49ms)
				SetLoadedEditorAssemblies (1ms)
				RefreshPlugins (1ms)
				BeforeProcessingInitializeOnLoad (113ms)
				ProcessInitializeOnLoadAttributes (403ms)
				ProcessInitializeOnLoadMethodAttributes (111ms)
				AfterProcessingInitializeOnLoad (10ms)
				EditorAssembliesLoaded (0ms)
			ExecutionOrderSort2 (0ms)
			AwakeInstancesAfterBackupRestoration (10ms)
Platform modules already initialized, skipping
Refreshing native plugins compatible for Editor in 3.97 ms, found 4 plugins.
Preloading 0 native plugins for Editor in 0.00 ms.
Unloading 5656 Unused Serialized files (Serialized files now loaded: 0)
Unloading 29 unused Assets / (0.8 MB). Loaded Objects now: 7812.
Memory consumption went from 224.3 MB to 223.5 MB.
Total: 5.196800 ms (FindLiveObjects: 0.771800 ms CreateObjectMapping: 0.302400 ms MarkObjects: 3.727600 ms  DeleteObjects: 0.393700 ms)

AssetImportParameters requested are different than current active one (requested -> active):
  custom:video-decoder-ogg-theora: a1e56fd34408186e4bbccfd4996cb3dc -> 
  custom:container-muxer-webm: aa71ff27fc2769a1b78a27578f13a17b -> 
  custom:container-demuxer-webm: 4f35f7cbe854078d1ac9338744f61a02 -> 
  custom:video-encoder-webm-vp8: eb34c28f22e8b96e1ab97ce403110664 -> 
  custom:video-codec-MediaFoundation-h265: 746d11721c4dcdbdad8f713fa42b33f4 -> 
  custom:audio-encoder-webm-vorbis: bf7c407c2cedff20999df2af8eb42d56 -> 
  custom:framework-win-MediaFoundation: 216162199b28c13a410421893ffa2e32 -> 
  custom:container-demuxer-ogg: 62fdf1f143b41e24485cea50d1cbac27 -> 
  custom:video-decoder-webm-vp8: 9c59270c3fd7afecdb556c50c9e8de78 -> 
  custom:audio-decoder-ogg-vorbis: bf7c407c2cedff20999df2af8eb42d56 -> 
========================================================================
Received Prepare
Registering precompiled user dll's ...
Registered in 0.014443 seconds.
Begin MonoManager ReloadAssembly
Symbol file LoadedFromMemory doesn't match image C:\Users\1\Documents\GitHub\Seagull-vs-Cats\Library\PackageCache\com.unity.visualscripting@1.8.0\Editor\VisualScripting.Core\Dependencies\YamlDotNet\Unity.VisualScripting.YamlDotNet.dll
Symbol file LoadedFromMemory doesn't match image C:\Users\1\Documents\GitHub\Seagull-vs-Cats\Library\PackageCache\com.unity.visualscripting@1.8.0\Editor\VisualScripting.Core\Dependencies\DotNetZip\Unity.VisualScripting.IonicZip.dll
Native extension for UWP target not found
Native extension for LinuxStandalone target not found
Native extension for WindowsStandalone target not found
Native extension for AppleTV target not found
Native extension for iOS target not found
Native extension for Android target not found
Native extension for OSXStandalone target not found
Native extension for WebGL target not found
Refreshing native plugins compatible for Editor in 1.21 ms, found 4 plugins.
Preloading 0 native plugins for Editor in 0.00 ms.
Mono: successfully reloaded assembly
- Completed reload, in  1.664 seconds
Domain Reload Profiling:
	ReloadAssembly (1665ms)
		BeginReloadAssembly (179ms)
			ExecutionOrderSort (0ms)
			DisableScriptedObjects (8ms)
			BackupInstance (0ms)
			ReleaseScriptingObjects (0ms)
			CreateAndSetChildDomain (48ms)
		EndReloadAssembly (1357ms)
			LoadAssemblies (133ms)
			RebuildTransferFunctionScriptingTraits (0ms)
			SetupTypeCache (394ms)
			ReleaseScriptCaches (3ms)
			RebuildScriptCaches (73ms)
			SetupLoadedEditorAssemblies (693ms)
				LogAssemblyErrors (0ms)
				InitializePlatformSupportModulesInManaged (48ms)
				SetLoadedEditorAssemblies (1ms)
				RefreshPlugins (1ms)
				BeforeProcessingInitializeOnLoad (121ms)
				ProcessInitializeOnLoadAttributes (408ms)
				ProcessInitializeOnLoadMethodAttributes (104ms)
				AfterProcessingInitializeOnLoad (10ms)
				EditorAssembliesLoaded (0ms)
			ExecutionOrderSort2 (0ms)
			AwakeInstancesAfterBackupRestoration (14ms)
Platform modules already initialized, skipping
Refreshing native plugins compatible for Editor in 6.80 ms, found 4 plugins.
Preloading 0 native plugins for Editor in 0.00 ms.
Unloading 5656 Unused Serialized files (Serialized files now loaded: 0)
Unloading 29 unused Assets / (0.8 MB). Loaded Objects now: 7827.
Memory consumption went from 224.3 MB to 223.5 MB.
Total: 5.802500 ms (FindLiveObjects: 0.813800 ms CreateObjectMapping: 0.359900 ms MarkObjects: 4.166800 ms  DeleteObjects: 0.460500 ms)

AssetImportParameters requested are different than current active one (requested -> active):
  custom:video-decoder-ogg-theora: a1e56fd34408186e4bbccfd4996cb3dc -> 
  custom:container-muxer-webm: aa71ff27fc2769a1b78a27578f13a17b -> 
  custom:container-demuxer-webm: 4f35f7cbe854078d1ac9338744f61a02 -> 
  custom:video-encoder-webm-vp8: eb34c28f22e8b96e1ab97ce403110664 -> 
  custom:video-codec-MediaFoundation-h265: 746d11721c4dcdbdad8f713fa42b33f4 -> 
  custom:audio-encoder-webm-vorbis: bf7c407c2cedff20999df2af8eb42d56 -> 
  custom:framework-win-MediaFoundation: 216162199b28c13a410421893ffa2e32 -> 
  custom:container-demuxer-ogg: 62fdf1f143b41e24485cea50d1cbac27 -> 
  custom:video-decoder-webm-vp8: 9c59270c3fd7afecdb556c50c9e8de78 -> 
  custom:audio-decoder-ogg-vorbis: bf7c407c2cedff20999df2af8eb42d56 -> 
========================================================================
Received Prepare
Registering precompiled user dll's ...
Registered in 0.013960 seconds.
Begin MonoManager ReloadAssembly
Symbol file LoadedFromMemory doesn't match image C:\Users\1\Documents\GitHub\Seagull-vs-Cats\Library\PackageCache\com.unity.visualscripting@1.8.0\Editor\VisualScripting.Core\Dependencies\YamlDotNet\Unity.VisualScripting.YamlDotNet.dll
Symbol file LoadedFromMemory doesn't match image C:\Users\1\Documents\GitHub\Seagull-vs-Cats\Library\PackageCache\com.unity.visualscripting@1.8.0\Editor\VisualScripting.Core\Dependencies\DotNetZip\Unity.VisualScripting.IonicZip.dll
Native extension for UWP target not found
Native extension for LinuxStandalone target not found
Native extension for WindowsStandalone target not found
Native extension for AppleTV target not found
Native extension for iOS target not found
Native extension for Android target not found
Native extension for OSXStandalone target not found
Native extension for WebGL target not found
Refreshing native plugins compatible for Editor in 1.06 ms, found 4 plugins.
Preloading 0 native plugins for Editor in 0.00 ms.
Mono: successfully reloaded assembly
- Completed reload, in  1.653 seconds
Domain Reload Profiling:
	ReloadAssembly (1654ms)
		BeginReloadAssembly (181ms)
			ExecutionOrderSort (0ms)
			DisableScriptedObjects (8ms)
			BackupInstance (0ms)
			ReleaseScriptingObjects (0ms)
			CreateAndSetChildDomain (49ms)
		EndReloadAssembly (1342ms)
			LoadAssemblies (136ms)
			RebuildTransferFunctionScriptingTraits (0ms)
			SetupTypeCache (381ms)
			ReleaseScriptCaches (3ms)
			RebuildScriptCaches (79ms)
			SetupLoadedEditorAssemblies (683ms)
				LogAssemblyErrors (0ms)
				InitializePlatformSupportModulesInManaged (47ms)
				SetLoadedEditorAssemblies (1ms)
				RefreshPlugins (1ms)
				BeforeProcessingInitializeOnLoad (114ms)
				ProcessInitializeOnLoadAttributes (402ms)
				ProcessInitializeOnLoadMethodAttributes (108ms)
				AfterProcessingInitializeOnLoad (10ms)
				EditorAssembliesLoaded (0ms)
			ExecutionOrderSort2 (0ms)
			AwakeInstancesAfterBackupRestoration (11ms)
Platform modules already initialized, skipping
Refreshing native plugins compatible for Editor in 4.15 ms, found 4 plugins.
Preloading 0 native plugins for Editor in 0.00 ms.
Unloading 5656 Unused Serialized files (Serialized files now loaded: 0)
Unloading 29 unused Assets / (0.8 MB). Loaded Objects now: 7842.
Memory consumption went from 224.4 MB to 223.6 MB.
Total: 5.269900 ms (FindLiveObjects: 0.804400 ms CreateObjectMapping: 0.310900 ms MarkObjects: 3.737500 ms  DeleteObjects: 0.415900 ms)

AssetImportParameters requested are different than current active one (requested -> active):
  custom:video-decoder-ogg-theora: a1e56fd34408186e4bbccfd4996cb3dc -> 
  custom:container-muxer-webm: aa71ff27fc2769a1b78a27578f13a17b -> 
  custom:container-demuxer-webm: 4f35f7cbe854078d1ac9338744f61a02 -> 
  custom:video-encoder-webm-vp8: eb34c28f22e8b96e1ab97ce403110664 -> 
  custom:video-codec-MediaFoundation-h265: 746d11721c4dcdbdad8f713fa42b33f4 -> 
  custom:audio-encoder-webm-vorbis: bf7c407c2cedff20999df2af8eb42d56 -> 
  custom:framework-win-MediaFoundation: 216162199b28c13a410421893ffa2e32 -> 
  custom:container-demuxer-ogg: 62fdf1f143b41e24485cea50d1cbac27 -> 
  custom:video-decoder-webm-vp8: 9c59270c3fd7afecdb556c50c9e8de78 -> 
  custom:audio-decoder-ogg-vorbis: bf7c407c2cedff20999df2af8eb42d56 -> 
========================================================================
Received Import Request.
  Time since last request: 8888.676663 seconds.
  path: Assets/Prefabs/Player.prefab
  artifactKey: Guid(eb4421f78f42c4745a47d1d650b5a2d4) Importer(815301076,1909f56bfc062723c751e8b465ee728b)
Start importing Assets/Prefabs/Player.prefab using Guid(eb4421f78f42c4745a47d1d650b5a2d4) Importer(815301076,1909f56bfc062723c751e8b465ee728b)  -> (artifact id: '49c00d3b31d8d658d0f2c2ec1ed4de9b') in 0.939860 seconds 
========================================================================
Received Import Request.
  Time since last request: 24.761431 seconds.
  path: Assets/Resources/Sprites/UpgradeShop/Иллюстрация_без_названия-1 1.png
  artifactKey: Guid(8998bbce25a3b3c408141a42279f1ed6) Importer(815301076,1909f56bfc062723c751e8b465ee728b)
Start importing Assets/Resources/Sprites/UpgradeShop/Иллюстрация_без_названия-1 1.png using Guid(8998bbce25a3b3c408141a42279f1ed6) Importer(815301076,1909f56bfc062723c751e8b465ee728b)  -> (artifact id: 'a8c0956044adc2b1d517a5c04a118a99') in 0.183071 seconds 
========================================================================
Received Import Request.
  Time since last request: 0.000033 seconds.
  path: Assets/Resources/Sprites/UpgradeShop/Иллюстрация_без_названия-3 2.png
  artifactKey: Guid(e09561984745b204785c2885a2e92dc5) Importer(815301076,1909f56bfc062723c751e8b465ee728b)
Start importing Assets/Resources/Sprites/UpgradeShop/Иллюстрация_без_названия-3 2.png using Guid(e09561984745b204785c2885a2e92dc5) Importer(815301076,1909f56bfc062723c751e8b465ee728b)  -> (artifact id: 'f3d5b6e0ca913d56b703c2a1cdc3716e') in 0.050980 seconds 
========================================================================
Received Import Request.
  Time since last request: 0.000035 seconds.
  path: Assets/Resources/Sprites/UpgradeShop/Иллюстрация_без_названия-7.png
  artifactKey: Guid(3698bc574272c544a9e68eefa3326da8) Importer(815301076,1909f56bfc062723c751e8b465ee728b)
Start importing Assets/Resources/Sprites/UpgradeShop/Иллюстрация_без_названия-7.png using Guid(3698bc574272c544a9e68eefa3326da8) Importer(815301076,1909f56bfc062723c751e8b465ee728b)  -> (artifact id: 'cc3114f6494507b80b3fc020a3345563') in 0.060141 seconds 
========================================================================
Received Import Request.
  Time since last request: 0.000045 seconds.
  path: Assets/Resources/Sprites/UpgradeShop/Иллюстрация_без_названия-2.png
  artifactKey: Guid(d1cd674b78a21984cbdcda07d2b601dc) Importer(815301076,1909f56bfc062723c751e8b465ee728b)
Start importing Assets/Resources/Sprites/UpgradeShop/Иллюстрация_без_названия-2.png using Guid(d1cd674b78a21984cbdcda07d2b601dc) Importer(815301076,1909f56bfc062723c751e8b465ee728b)  -> (artifact id: '42dbc88d04e2e7dd3943ccf797bdd987') in 0.059395 seconds 
========================================================================
Received Import Request.
  Time since last request: 0.000027 seconds.
  path: Assets/Resources/Sprites/UpgradeShop/Иллюстрация_без_названия-6.png
  artifactKey: Guid(be03b77196458d140a4653c20abe8dd3) Importer(815301076,1909f56bfc062723c751e8b465ee728b)
Start importing Assets/Resources/Sprites/UpgradeShop/Иллюстрация_без_названия-6.png using Guid(be03b77196458d140a4653c20abe8dd3) Importer(815301076,1909f56bfc062723c751e8b465ee728b)  -> (artifact id: '2853194c1cabe7c9bca75799adae74a1') in 0.041809 seconds 
========================================================================
Received Import Request.
  Time since last request: 0.000029 seconds.
  path: Assets/Resources/Sprites/UpgradeShop/Иллюстрация_без_названия-3.png
  artifactKey: Guid(abd97b69d2d11544f99148ac0e6a7c66) Importer(815301076,1909f56bfc062723c751e8b465ee728b)
Start importing Assets/Resources/Sprites/UpgradeShop/Иллюстрация_без_названия-3.png using Guid(abd97b69d2d11544f99148ac0e6a7c66) Importer(815301076,1909f56bfc062723c751e8b465ee728b)  -> (artifact id: 'e27cef87805ebdea30f9bc4b75ad3675') in 0.041007 seconds 
========================================================================
Received Import Request.
  Time since last request: 0.000028 seconds.
  path: Assets/Resources/Sprites/UpgradeShop/Иллюстрация_без_названия-4.png
  artifactKey: Guid(c98f1cc349100af4698c311f027bf172) Importer(815301076,1909f56bfc062723c751e8b465ee728b)
Start importing Assets/Resources/Sprites/UpgradeShop/Иллюстрация_без_названия-4.png using Guid(c98f1cc349100af4698c311f027bf172) Importer(815301076,1909f56bfc062723c751e8b465ee728b)  -> (artifact id: 'f7de74cdf83852a6cd80f63d7f576b98') in 0.039987 seconds 
========================================================================
Received Import Request.
  Time since last request: 3.985682 seconds.
  path: Assets/Scenes/UpdateShop.unity
  artifactKey: Guid(6ec8afde4e9fdfe4a82d49869b338c1f) Importer(815301076,1909f56bfc062723c751e8b465ee728b)
Start importing Assets/Scenes/UpdateShop.unity using Guid(6ec8afde4e9fdfe4a82d49869b338c1f) Importer(815301076,1909f56bfc062723c751e8b465ee728b)  -> (artifact id: '54a936926e73ce1faf6a1f87c919db2e') in 0.013829 seconds 
========================================================================
Received Prepare
Registering precompiled user dll's ...
Registered in 0.017129 seconds.
Begin MonoManager ReloadAssembly
Symbol file LoadedFromMemory doesn't match image C:\Users\1\Documents\GitHub\Seagull-vs-Cats\Library\PackageCache\com.unity.visualscripting@1.8.0\Editor\VisualScripting.Core\Dependencies\YamlDotNet\Unity.VisualScripting.YamlDotNet.dll
Symbol file LoadedFromMemory doesn't match image C:\Users\1\Documents\GitHub\Seagull-vs-Cats\Library\PackageCache\com.unity.visualscripting@1.8.0\Editor\VisualScripting.Core\Dependencies\DotNetZip\Unity.VisualScripting.IonicZip.dll
Native extension for UWP target not found
Native extension for LinuxStandalone target not found
Native extension for WindowsStandalone target not found
Native extension for AppleTV target not found
Native extension for iOS target not found
Native extension for Android target not found
Native extension for OSXStandalone target not found
Native extension for WebGL target not found
Refreshing native plugins compatible for Editor in 1.26 ms, found 4 plugins.
Preloading 0 native plugins for Editor in 0.00 ms.
Mono: successfully reloaded assembly
- Completed reload, in  1.639 seconds
Domain Reload Profiling:
	ReloadAssembly (1640ms)
		BeginReloadAssembly (188ms)
			ExecutionOrderSort (0ms)
			DisableScriptedObjects (9ms)
			BackupInstance (0ms)
			ReleaseScriptingObjects (0ms)
			CreateAndSetChildDomain (50ms)
		EndReloadAssembly (1310ms)
			LoadAssemblies (141ms)
			RebuildTransferFunctionScriptingTraits (0ms)
			SetupTypeCache (361ms)
			ReleaseScriptCaches (3ms)
			RebuildScriptCaches (69ms)
			SetupLoadedEditorAssemblies (685ms)
				LogAssemblyErrors (0ms)
				InitializePlatformSupportModulesInManaged (49ms)
				SetLoadedEditorAssemblies (1ms)
				RefreshPlugins (1ms)
				BeforeProcessingInitializeOnLoad (114ms)
				ProcessInitializeOnLoadAttributes (406ms)
				ProcessInitializeOnLoadMethodAttributes (104ms)
				AfterProcessingInitializeOnLoad (11ms)
				EditorAssembliesLoaded (0ms)
			ExecutionOrderSort2 (0ms)
			AwakeInstancesAfterBackupRestoration (10ms)
Platform modules already initialized, skipping
Refreshing native plugins compatible for Editor in 5.93 ms, found 4 plugins.
Preloading 0 native plugins for Editor in 0.00 ms.
Unloading 5656 Unused Serialized files (Serialized files now loaded: 0)
Unloading 29 unused Assets / (0.8 MB). Loaded Objects now: 7878.
Memory consumption went from 224.4 MB to 223.6 MB.
Total: 5.205700 ms (FindLiveObjects: 0.704000 ms CreateObjectMapping: 0.301200 ms MarkObjects: 3.789100 ms  DeleteObjects: 0.410000 ms)

AssetImportParameters requested are different than current active one (requested -> active):
  custom:video-decoder-ogg-theora: a1e56fd34408186e4bbccfd4996cb3dc -> 
  custom:container-muxer-webm: aa71ff27fc2769a1b78a27578f13a17b -> 
  custom:container-demuxer-webm: 4f35f7cbe854078d1ac9338744f61a02 -> 
  custom:video-encoder-webm-vp8: eb34c28f22e8b96e1ab97ce403110664 -> 
  custom:video-codec-MediaFoundation-h265: 746d11721c4dcdbdad8f713fa42b33f4 -> 
  custom:audio-encoder-webm-vorbis: bf7c407c2cedff20999df2af8eb42d56 -> 
  custom:framework-win-MediaFoundation: 216162199b28c13a410421893ffa2e32 -> 
  custom:container-demuxer-ogg: 62fdf1f143b41e24485cea50d1cbac27 -> 
  custom:video-decoder-webm-vp8: 9c59270c3fd7afecdb556c50c9e8de78 -> 
  custom:audio-decoder-ogg-vorbis: bf7c407c2cedff20999df2af8eb42d56 -> 
========================================================================
Received Prepare
Registering precompiled user dll's ...
Registered in 0.019260 seconds.
Begin MonoManager ReloadAssembly
Symbol file LoadedFromMemory doesn't match image C:\Users\1\Documents\GitHub\Seagull-vs-Cats\Library\PackageCache\com.unity.visualscripting@1.8.0\Editor\VisualScripting.Core\Dependencies\YamlDotNet\Unity.VisualScripting.YamlDotNet.dll
Symbol file LoadedFromMemory doesn't match image C:\Users\1\Documents\GitHub\Seagull-vs-Cats\Library\PackageCache\com.unity.visualscripting@1.8.0\Editor\VisualScripting.Core\Dependencies\DotNetZip\Unity.VisualScripting.IonicZip.dll
Native extension for UWP target not found
Native extension for LinuxStandalone target not found
Native extension for WindowsStandalone target not found
Native extension for AppleTV target not found
Native extension for iOS target not found
Native extension for Android target not found
Native extension for OSXStandalone target not found
Native extension for WebGL target not found
Refreshing native plugins compatible for Editor in 1.93 ms, found 4 plugins.
Preloading 0 native plugins for Editor in 0.00 ms.
Mono: successfully reloaded assembly
- Completed reload, in  1.654 seconds
Domain Reload Profiling:
	ReloadAssembly (1655ms)
		BeginReloadAssembly (179ms)
			ExecutionOrderSort (0ms)
			DisableScriptedObjects (8ms)
			BackupInstance (0ms)
			ReleaseScriptingObjects (0ms)
			CreateAndSetChildDomain (46ms)
		EndReloadAssembly (1336ms)
			LoadAssemblies (136ms)
			RebuildTransferFunctionScriptingTraits (0ms)
			SetupTypeCache (367ms)
			ReleaseScriptCaches (3ms)
			RebuildScriptCaches (73ms)
			SetupLoadedEditorAssemblies (686ms)
				LogAssemblyErrors (0ms)
				InitializePlatformSupportModulesInManaged (48ms)
				SetLoadedEditorAssemblies (1ms)
				RefreshPlugins (2ms)
				BeforeProcessingInitializeOnLoad (114ms)
				ProcessInitializeOnLoadAttributes (410ms)
				ProcessInitializeOnLoadMethodAttributes (101ms)
				AfterProcessingInitializeOnLoad (10ms)
				EditorAssembliesLoaded (0ms)
			ExecutionOrderSort2 (0ms)
			AwakeInstancesAfterBackupRestoration (15ms)
Platform modules already initialized, skipping
Refreshing native plugins compatible for Editor in 3.97 ms, found 4 plugins.
Preloading 0 native plugins for Editor in 0.00 ms.
Unloading 5656 Unused Serialized files (Serialized files now loaded: 0)
Unloading 29 unused Assets / (0.8 MB). Loaded Objects now: 7893.
Memory consumption went from 224.4 MB to 223.6 MB.
Total: 5.082600 ms (FindLiveObjects: 0.698400 ms CreateObjectMapping: 0.292400 ms MarkObjects: 3.676900 ms  DeleteObjects: 0.413800 ms)

AssetImportParameters requested are different than current active one (requested -> active):
  custom:video-decoder-ogg-theora: a1e56fd34408186e4bbccfd4996cb3dc -> 
  custom:container-muxer-webm: aa71ff27fc2769a1b78a27578f13a17b -> 
  custom:container-demuxer-webm: 4f35f7cbe854078d1ac9338744f61a02 -> 
  custom:video-encoder-webm-vp8: eb34c28f22e8b96e1ab97ce403110664 -> 
  custom:video-codec-MediaFoundation-h265: 746d11721c4dcdbdad8f713fa42b33f4 -> 
  custom:audio-encoder-webm-vorbis: bf7c407c2cedff20999df2af8eb42d56 -> 
  custom:framework-win-MediaFoundation: 216162199b28c13a410421893ffa2e32 -> 
  custom:container-demuxer-ogg: 62fdf1f143b41e24485cea50d1cbac27 -> 
  custom:video-decoder-webm-vp8: 9c59270c3fd7afecdb556c50c9e8de78 -> 
  custom:audio-decoder-ogg-vorbis: bf7c407c2cedff20999df2af8eb42d56 -> 
========================================================================
Received Import Request.
  Time since last request: 165.689976 seconds.
  path: Assets/Resources/Sprites/UI/Bar.png
  artifactKey: Guid(5fb9ae8fc3aee544f8910dd535bbc7a1) Importer(815301076,1909f56bfc062723c751e8b465ee728b)
Start importing Assets/Resources/Sprites/UI/Bar.png using Guid(5fb9ae8fc3aee544f8910dd535bbc7a1) Importer(815301076,1909f56bfc062723c751e8b465ee728b)  -> (artifact id: 'ecdaf8f2c68871e0e28b7b1b76ac9239') in 0.109186 seconds 
========================================================================
Received Import Request.
  Time since last request: 0.000043 seconds.
  path: Assets/Resources/Sprites/UI/HelthBar 2.png
  artifactKey: Guid(3eceac2493509644a82670fcb1d69e41) Importer(815301076,1909f56bfc062723c751e8b465ee728b)
Start importing Assets/Resources/Sprites/UI/HelthBar 2.png using Guid(3eceac2493509644a82670fcb1d69e41) Importer(815301076,1909f56bfc062723c751e8b465ee728b)  -> (artifact id: '8b3d31ea486bd5d246509e1672f6886a') in 0.034081 seconds 
========================================================================
Received Import Request.
  Time since last request: 0.375260 seconds.
  path: Assets/Resources/Sprites/Player(seagull)/Jump/1.png
  artifactKey: Guid(789bdb6f6cbccd04896c77da00aaa5fc) Importer(815301076,1909f56bfc062723c751e8b465ee728b)
Start importing Assets/Resources/Sprites/Player(seagull)/Jump/1.png using Guid(789bdb6f6cbccd04896c77da00aaa5fc) Importer(815301076,1909f56bfc062723c751e8b465ee728b)  -> (artifact id: '3a3b759e1b9977ec785f1beb1efd265f') in 0.270699 seconds 
========================================================================
Received Import Request.
  Time since last request: 0.000039 seconds.
  path: Assets/Resources/Sprites/Player(seagull)/Jump/4.png
  artifactKey: Guid(6c603d1e22bed514d8341c32ad28f2a1) Importer(815301076,1909f56bfc062723c751e8b465ee728b)
Start importing Assets/Resources/Sprites/Player(seagull)/Jump/4.png using Guid(6c603d1e22bed514d8341c32ad28f2a1) Importer(815301076,1909f56bfc062723c751e8b465ee728b)  -> (artifact id: 'aa18483f375d735706ee503e8ca1712b') in 0.253370 seconds 
========================================================================
Received Import Request.
  Time since last request: 0.000044 seconds.
  path: Assets/Resources/Sprites/Player(seagull)/Jump/8.png
  artifactKey: Guid(620c42a32a06aee4cbac403b2429de30) Importer(815301076,1909f56bfc062723c751e8b465ee728b)
Start importing Assets/Resources/Sprites/Player(seagull)/Jump/8.png using Guid(620c42a32a06aee4cbac403b2429de30) Importer(815301076,1909f56bfc062723c751e8b465ee728b)  -> (artifact id: '9a1b08aecb803011a04dc023398ede38') in 0.240848 seconds 
========================================================================
Received Import Request.
  Time since last request: 0.000034 seconds.
  path: Assets/Resources/Sprites/Player(seagull)/Jump/6.png
  artifactKey: Guid(01b597a824205f3409635e536561fef1) Importer(815301076,1909f56bfc062723c751e8b465ee728b)
Start importing Assets/Resources/Sprites/Player(seagull)/Jump/6.png using Guid(01b597a824205f3409635e536561fef1) Importer(815301076,1909f56bfc062723c751e8b465ee728b)  -> (artifact id: '3cc9b4917e00db325c977944a5043d54') in 0.257961 seconds 
========================================================================
Received Import Request.
  Time since last request: 0.000043 seconds.
  path: Assets/Resources/Sprites/Player(seagull)/Jump/9.png
  artifactKey: Guid(8725ece6b7d1bde44870405ddfe367ba) Importer(815301076,1909f56bfc062723c751e8b465ee728b)
Start importing Assets/Resources/Sprites/Player(seagull)/Jump/9.png using Guid(8725ece6b7d1bde44870405ddfe367ba) Importer(815301076,1909f56bfc062723c751e8b465ee728b)  -> (artifact id: '5e5da1f344261588e1b54e04fd048304') in 0.245887 seconds 
========================================================================
Received Import Request.
  Time since last request: 7.873025 seconds.
  path: Assets/Resources/Sprites/Stud/P1.png
  artifactKey: Guid(a48f71132977149409ca07f3218bbe0d) Importer(815301076,1909f56bfc062723c751e8b465ee728b)
Start importing Assets/Resources/Sprites/Stud/P1.png using Guid(a48f71132977149409ca07f3218bbe0d) Importer(815301076,1909f56bfc062723c751e8b465ee728b)  -> (artifact id: 'a74b18d9b79478323a903a37d6733896') in 0.072098 seconds 
========================================================================
Received Import Request.
  Time since last request: 0.000041 seconds.
  path: Assets/Resources/Sprites/Stud/P6.png
  artifactKey: Guid(8c19ea1736086da47ae1a895e2acd367) Importer(815301076,1909f56bfc062723c751e8b465ee728b)
Start importing Assets/Resources/Sprites/Stud/P6.png using Guid(8c19ea1736086da47ae1a895e2acd367) Importer(815301076,1909f56bfc062723c751e8b465ee728b)  -> (artifact id: 'b9c373e3d1229ff0caf731de93581121') in 0.078900 seconds 
========================================================================
Received Import Request.
  Time since last request: 0.000072 seconds.
  path: Assets/Resources/Sprites/Stud/P3.png
  artifactKey: Guid(348bea77d692292408e29c41989c0ec8) Importer(815301076,1909f56bfc062723c751e8b465ee728b)
Start importing Assets/Resources/Sprites/Stud/P3.png using Guid(348bea77d692292408e29c41989c0ec8) Importer(815301076,1909f56bfc062723c751e8b465ee728b)  -> (artifact id: '059bce4c5d8a883faf1ae89e135136a9') in 0.071184 seconds 
========================================================================
Received Import Request.
  Time since last request: 1.077633 seconds.
  path: Assets/Resources/Sprites/Player(seagull)/Fight/1.png
  artifactKey: Guid(387145b8061faac469b607eca9629d2c) Importer(815301076,1909f56bfc062723c751e8b465ee728b)
Start importing Assets/Resources/Sprites/Player(seagull)/Fight/1.png using Guid(387145b8061faac469b607eca9629d2c) Importer(815301076,1909f56bfc062723c751e8b465ee728b)  -> (artifact id: 'bcd8c2d23222a47e16b69f9bbf4cf280') in 0.240862 seconds 
========================================================================
Received Import Request.
  Time since last request: 0.000037 seconds.
  path: Assets/Resources/Sprites/Player(seagull)/Fight/Иллюстрация_без_названия.png
  artifactKey: Guid(acdd79c9d4c49f84e85749b092581e1b) Importer(815301076,1909f56bfc062723c751e8b465ee728b)
Start importing Assets/Resources/Sprites/Player(seagull)/Fight/Иллюстрация_без_названия.png using Guid(acdd79c9d4c49f84e85749b092581e1b) Importer(815301076,1909f56bfc062723c751e8b465ee728b)  -> (artifact id: '23ae1308e86d7e98f81243a9dfb5753e') in 0.096237 seconds 
========================================================================
Received Import Request.
  Time since last request: 0.000048 seconds.
  path: Assets/Resources/Sprites/Player(seagull)/Fight/6.png
  artifactKey: Guid(f3235b1d5d24b3542b83b03a642148dc) Importer(815301076,1909f56bfc062723c751e8b465ee728b)
Start importing Assets/Resources/Sprites/Player(seagull)/Fight/6.png using Guid(f3235b1d5d24b3542b83b03a642148dc) Importer(815301076,1909f56bfc062723c751e8b465ee728b)  -> (artifact id: '5cd0fb16411f272420ba073ba4001b05') in 0.229935 seconds 
========================================================================
Received Import Request.
  Time since last request: 0.000040 seconds.
  path: Assets/Resources/Sprites/Player(seagull)/Fight/5.png
  artifactKey: Guid(274dc231b7e517d4c9363cb7e58def1b) Importer(815301076,1909f56bfc062723c751e8b465ee728b)
Start importing Assets/Resources/Sprites/Player(seagull)/Fight/5.png using Guid(274dc231b7e517d4c9363cb7e58def1b) Importer(815301076,1909f56bfc062723c751e8b465ee728b)  -> (artifact id: '489e63939268d820d090ac15501d7a4b') in 0.229955 seconds 
========================================================================
Received Import Request.
  Time since last request: 0.000044 seconds.
  path: Assets/Resources/Sprites/Player(seagull)/damage.png
  artifactKey: Guid(573c95f19b4867a4584f357017f359f1) Importer(815301076,1909f56bfc062723c751e8b465ee728b)
Start importing Assets/Resources/Sprites/Player(seagull)/damage.png using Guid(573c95f19b4867a4584f357017f359f1) Importer(815301076,1909f56bfc062723c751e8b465ee728b)  -> (artifact id: '87cf236f739d30e91ab51a491af16ea1') in 0.084854 seconds 
========================================================================
Received Import Request.
  Time since last request: 0.000027 seconds.
  path: Assets/Resources/Sprites/Player(seagull)/Fight/8.png
  artifactKey: Guid(99c9d83b6358ffa459e97dbc15f12302) Importer(815301076,1909f56bfc062723c751e8b465ee728b)
Start importing Assets/Resources/Sprites/Player(seagull)/Fight/8.png using Guid(99c9d83b6358ffa459e97dbc15f12302) Importer(815301076,1909f56bfc062723c751e8b465ee728b)  -> (artifact id: 'e199f3faf5b226b110e7437283c577f9') in 0.241285 seconds 
========================================================================
Received Import Request.
  Time since last request: 0.205005 seconds.
  path: Assets/Resources/Sprites/Controller/Cell 1.png
  artifactKey: Guid(3779a4bb2bb453f4c87981236ea99ebf) Importer(815301076,1909f56bfc062723c751e8b465ee728b)
Start importing Assets/Resources/Sprites/Controller/Cell 1.png using Guid(3779a4bb2bb453f4c87981236ea99ebf) Importer(815301076,1909f56bfc062723c751e8b465ee728b)  -> (artifact id: '2bce8e449dd2bd8f10943c3620b2049b') in 0.045850 seconds 
========================================================================
Received Import Request.
  Time since last request: 0.000036 seconds.
  path: Assets/Resources/Sprites/Controller/Иллюстрация_без_названия-00.png
  artifactKey: Guid(6ca72808303c7474f9c77a5cd735d5b4) Importer(815301076,1909f56bfc062723c751e8b465ee728b)
Start importing Assets/Resources/Sprites/Controller/Иллюстрация_без_названия-00.png using Guid(6ca72808303c7474f9c77a5cd735d5b4) Importer(815301076,1909f56bfc062723c751e8b465ee728b)  -> (artifact id: '6264f3e2dcf2a4183553b69496364b79') in 0.082020 seconds 
========================================================================
Received Import Request.
  Time since last request: 0.000046 seconds.
  path: Assets/Resources/Sprites/Controller/Invetory).png
  artifactKey: Guid(10e7f72e1ae12a24e86eacc924ddc1f6) Importer(815301076,1909f56bfc062723c751e8b465ee728b)
Start importing Assets/Resources/Sprites/Controller/Invetory).png using Guid(10e7f72e1ae12a24e86eacc924ddc1f6) Importer(815301076,1909f56bfc062723c751e8b465ee728b)  -> (artifact id: 'c4c646faa7eec693d5c5f97651c1c1a2') in 0.070870 seconds 
========================================================================
Received Import Request.
  Time since last request: 0.000028 seconds.
  path: Assets/Resources/Sprites/Controller/Иллюстрация_без_названия-000.png
  artifactKey: Guid(6317e6b01ec05a748bbc6212a0e0ecb9) Importer(815301076,1909f56bfc062723c751e8b465ee728b)
Start importing Assets/Resources/Sprites/Controller/Иллюстрация_без_названия-000.png using Guid(6317e6b01ec05a748bbc6212a0e0ecb9) Importer(815301076,1909f56bfc062723c751e8b465ee728b)  -> (artifact id: '67f87aa0a52c8df97b64efbccab487ab') in 0.061269 seconds 
========================================================================
Received Import Request.
  Time since last request: 0.000030 seconds.
  path: Assets/Resources/Sprites/Controller/Controller2.png
  artifactKey: Guid(2cf7f0ea83dd42d49a4cdde27f308ac8) Importer(815301076,1909f56bfc062723c751e8b465ee728b)
Start importing Assets/Resources/Sprites/Controller/Controller2.png using Guid(2cf7f0ea83dd42d49a4cdde27f308ac8) Importer(815301076,1909f56bfc062723c751e8b465ee728b)  -> (artifact id: '4f8ec18efa245e713bade2c0053e18be') in 0.034447 seconds 
========================================================================
Received Import Request.
  Time since last request: 0.311444 seconds.
  path: Assets/Resources/Sprites/Coin/Иллюстрация_без_названия-1.png
  artifactKey: Guid(b6369eaeb466e9d4ca3629ba2a7dc1b4) Importer(815301076,1909f56bfc062723c751e8b465ee728b)
Start importing Assets/Resources/Sprites/Coin/Иллюстрация_без_названия-1.png using Guid(b6369eaeb466e9d4ca3629ba2a7dc1b4) Importer(815301076,1909f56bfc062723c751e8b465ee728b)  -> (artifact id: 'cbcba6767fd4095b579b0f76f709b7e1') in 0.187450 seconds 
========================================================================
Received Import Request.
  Time since last request: 0.000052 seconds.
  path: Assets/Resources/Sprites/Coin/Иллюстрация_без_названия-8.png
  artifactKey: Guid(c9a88fbf86c4cf84d817cc71557c22a8) Importer(815301076,1909f56bfc062723c751e8b465ee728b)
Start importing Assets/Resources/Sprites/Coin/Иллюстрация_без_названия-8.png using Guid(c9a88fbf86c4cf84d817cc71557c22a8) Importer(815301076,1909f56bfc062723c751e8b465ee728b)  -> (artifact id: 'b8a832bc213831b70a1a0a4ef9c49c55') in 0.178673 seconds 
========================================================================
Received Import Request.
  Time since last request: 0.000045 seconds.
  path: Assets/Resources/Sprites/Coin/Иллюстрация_без_названия-6.png
  artifactKey: Guid(a1eda8dcc357e994080b555c9f4ea7b4) Importer(815301076,1909f56bfc062723c751e8b465ee728b)
Start importing Assets/Resources/Sprites/Coin/Иллюстрация_без_названия-6.png using Guid(a1eda8dcc357e994080b555c9f4ea7b4) Importer(815301076,1909f56bfc062723c751e8b465ee728b)  -> (artifact id: '897bfbafe9a4f108b5e224db6e5d77ff') in 0.179903 seconds 
========================================================================
Received Import Request.
  Time since last request: 0.000025 seconds.
  path: Assets/Resources/Sprites/Coin/Иллюстрация_без_названия-3.png
  artifactKey: Guid(84cbbcd9fe494724b8aa7e7904cf2ef8) Importer(815301076,1909f56bfc062723c751e8b465ee728b)
Start importing Assets/Resources/Sprites/Coin/Иллюстрация_без_названия-3.png using Guid(84cbbcd9fe494724b8aa7e7904cf2ef8) Importer(815301076,1909f56bfc062723c751e8b465ee728b)  -> (artifact id: 'daae931682621e0ce8e8ca674ddbc26f') in 0.161106 seconds 
========================================================================
Received Import Request.
  Time since last request: 0.000066 seconds.
  path: Assets/Resources/Sprites/Coin/Иллюстрация_без_названия-7.png
  artifactKey: Guid(83638e80373bfe549be06cbb582f83d2) Importer(815301076,1909f56bfc062723c751e8b465ee728b)
Start importing Assets/Resources/Sprites/Coin/Иллюстрация_без_названия-7.png using Guid(83638e80373bfe549be06cbb582f83d2) Importer(815301076,1909f56bfc062723c751e8b465ee728b)  -> (artifact id: 'b42ca0230ce062c2ea009d234da0dda7') in 0.172081 seconds 
========================================================================
Received Import Request.
  Time since last request: 0.166608 seconds.
  path: Assets/Resources/Sprites/Background/AbhpOkXy53g.jpg
  artifactKey: Guid(69a9ef3e13ca2254993afb1a46da1464) Importer(815301076,1909f56bfc062723c751e8b465ee728b)
Start importing Assets/Resources/Sprites/Background/AbhpOkXy53g.jpg using Guid(69a9ef3e13ca2254993afb1a46da1464) Importer(815301076,1909f56bfc062723c751e8b465ee728b)  -> (artifact id: '6216316460505732487654521dc0b9a8') in 0.131167 seconds 
========================================================================
Received Import Request.
  Time since last request: 0.000034 seconds.
  path: Assets/Resources/Sprites/Background/Foreground_middle.png
  artifactKey: Guid(0984ccb13fbd78b45938c91587797f23) Importer(815301076,1909f56bfc062723c751e8b465ee728b)
Start importing Assets/Resources/Sprites/Background/Foreground_middle.png using Guid(0984ccb13fbd78b45938c91587797f23) Importer(815301076,1909f56bfc062723c751e8b465ee728b)  -> (artifact id: 'c662b0ded9a1640a2437d32a7ec72890') in 0.093249 seconds 
========================================================================
Received Import Request.
  Time since last request: 0.000044 seconds.
  path: Assets/Resources/Sprites/Background/Background.png
  artifactKey: Guid(540252d610d7f5b4f8b7c2200ff326ef) Importer(815301076,1909f56bfc062723c751e8b465ee728b)
Start importing Assets/Resources/Sprites/Background/Background.png using Guid(540252d610d7f5b4f8b7c2200ff326ef) Importer(815301076,1909f56bfc062723c751e8b465ee728b)  -> (artifact id: '4262dcf75b78f32dd9fc95a23a8bd6e7') in 0.270840 seconds 
========================================================================
Received Import Request.
  Time since last request: 0.000037 seconds.
  path: Assets/Resources/Sprites/Background/LL2.png
  artifactKey: Guid(d903f2ec32931a5499caddf9e7856812) Importer(815301076,1909f56bfc062723c751e8b465ee728b)
Start importing Assets/Resources/Sprites/Background/LL2.png using Guid(d903f2ec32931a5499caddf9e7856812) Importer(815301076,1909f56bfc062723c751e8b465ee728b)  -> (artifact id: '588dc63378b3438f05e82d288c2dde6c') in 0.050452 seconds 
========================================================================
Received Import Request.
  Time since last request: 0.000046 seconds.
  path: Assets/Resources/Sprites/Background/H2 1.png
  artifactKey: Guid(969544fd68ae6d2448193e3ec2f70425) Importer(815301076,1909f56bfc062723c751e8b465ee728b)
Start importing Assets/Resources/Sprites/Background/H2 1.png using Guid(969544fd68ae6d2448193e3ec2f70425) Importer(815301076,1909f56bfc062723c751e8b465ee728b)  -> (artifact id: 'f1b21654b80321ebbde94b9dcd0063f2') in 0.262648 seconds 
========================================================================
Received Import Request.
  Time since last request: 0.000035 seconds.
  path: Assets/Resources/Sprites/Background/T3.png
  artifactKey: Guid(2596a7dff32ce61408405be984564499) Importer(815301076,1909f56bfc062723c751e8b465ee728b)
Start importing Assets/Resources/Sprites/Background/T3.png using Guid(2596a7dff32ce61408405be984564499) Importer(815301076,1909f56bfc062723c751e8b465ee728b)  -> (artifact id: '31f04691370035fe731ffa0e4550b500') in 0.245817 seconds 
========================================================================
Received Import Request.
  Time since last request: 0.000046 seconds.
  path: Assets/Resources/Sprites/Background/H1.png
  artifactKey: Guid(817e2363bc32eae40938aff85ba2ac2f) Importer(815301076,1909f56bfc062723c751e8b465ee728b)
Start importing Assets/Resources/Sprites/Background/H1.png using Guid(817e2363bc32eae40938aff85ba2ac2f) Importer(815301076,1909f56bfc062723c751e8b465ee728b)  -> (artifact id: '1e088d4d448c0c32ceccc5803cac8758') in 0.225750 seconds 
========================================================================
Received Import Request.
  Time since last request: 0.000037 seconds.
  path: Assets/Resources/Sprites/Background/Backk.png
  artifactKey: Guid(1993f90a134b4794396fd221150d9839) Importer(815301076,1909f56bfc062723c751e8b465ee728b)
Start importing Assets/Resources/Sprites/Background/Backk.png using Guid(1993f90a134b4794396fd221150d9839) Importer(815301076,1909f56bfc062723c751e8b465ee728b)  -> (artifact id: 'c40e07b2621ffd97bec35b0a8ff2483c') in 0.099609 seconds 
========================================================================
Received Import Request.
  Time since last request: 0.000063 seconds.
  path: Assets/Resources/Sprites/Background/BL2.png
  artifactKey: Guid(0f6a0cf3f6d92f84fae009f8d8a24e05) Importer(815301076,1909f56bfc062723c751e8b465ee728b)
Start importing Assets/Resources/Sprites/Background/BL2.png using Guid(0f6a0cf3f6d92f84fae009f8d8a24e05) Importer(815301076,1909f56bfc062723c751e8b465ee728b)  -> (artifact id: '89d6fbf9dd7fad0870aacb7b01c81e21') in 0.175648 seconds 
========================================================================
Received Import Request.
  Time since last request: 0.000025 seconds.
  path: Assets/Resources/Sprites/Background/ML3.png
  artifactKey: Guid(e76921b0aa4a8fc4d82335163c19b977) Importer(815301076,1909f56bfc062723c751e8b465ee728b)
Start importing Assets/Resources/Sprites/Background/ML3.png using Guid(e76921b0aa4a8fc4d82335163c19b977) Importer(815301076,1909f56bfc062723c751e8b465ee728b)  -> (artifact id: '5b37cc68bca45826c4e5f62d03dde85f') in 0.087483 seconds 
========================================================================
Received Import Request.
  Time since last request: 0.000043 seconds.
  path: Assets/Resources/Sprites/Background/H3.png
  artifactKey: Guid(c1fd08beda257c646a93b3de9018142e) Importer(815301076,1909f56bfc062723c751e8b465ee728b)
Start importing Assets/Resources/Sprites/Background/H3.png using Guid(c1fd08beda257c646a93b3de9018142e) Importer(815301076,1909f56bfc062723c751e8b465ee728b)  -> (artifact id: 'f2c2e6fc8ea71b91cb427a2b246052af') in 0.364039 seconds 
========================================================================
Received Import Request.
  Time since last request: 0.000043 seconds.
  path: Assets/Resources/Sprites/Background/T2.png
  artifactKey: Guid(a3644895f31cec8499fc0e9a2ac3cc6a) Importer(815301076,1909f56bfc062723c751e8b465ee728b)
Start importing Assets/Resources/Sprites/Background/T2.png using Guid(a3644895f31cec8499fc0e9a2ac3cc6a) Importer(815301076,1909f56bfc062723c751e8b465ee728b)  -> (artifact id: '64c98e50790bc4772ed26af07dbad286') in 0.127770 seconds 
========================================================================
Received Import Request.
  Time since last request: 0.000040 seconds.
  path: Assets/Resources/Sprites/Background/platform.png
  artifactKey: Guid(fb693591b082e084b97459fc60d9c276) Importer(815301076,1909f56bfc062723c751e8b465ee728b)
Start importing Assets/Resources/Sprites/Background/platform.png using Guid(fb693591b082e084b97459fc60d9c276) Importer(815301076,1909f56bfc062723c751e8b465ee728b)  -> (artifact id: 'e2e8bc70e8b5c91d399f04f6bdc7640a') in 0.045569 seconds 
========================================================================
Received Prepare
Registering precompiled user dll's ...
Registered in 0.034592 seconds.
Begin MonoManager ReloadAssembly
Symbol file LoadedFromMemory doesn't match image C:\Users\1\Documents\GitHub\Seagull-vs-Cats\Library\PackageCache\com.unity.visualscripting@1.8.0\Editor\VisualScripting.Core\Dependencies\YamlDotNet\Unity.VisualScripting.YamlDotNet.dll
Symbol file LoadedFromMemory doesn't match image C:\Users\1\Documents\GitHub\Seagull-vs-Cats\Library\PackageCache\com.unity.visualscripting@1.8.0\Editor\VisualScripting.Core\Dependencies\DotNetZip\Unity.VisualScripting.IonicZip.dll
Native extension for UWP target not found
Native extension for LinuxStandalone target not found
Native extension for WindowsStandalone target not found
Native extension for AppleTV target not found
Native extension for iOS target not found
Native extension for Android target not found
Native extension for OSXStandalone target not found
Native extension for WebGL target not found
Refreshing native plugins compatible for Editor in 1.19 ms, found 4 plugins.
Preloading 0 native plugins for Editor in 0.00 ms.
Mono: successfully reloaded assembly
- Completed reload, in  1.828 seconds
Domain Reload Profiling:
	ReloadAssembly (1829ms)
		BeginReloadAssembly (254ms)
			ExecutionOrderSort (0ms)
			DisableScriptedObjects (9ms)
			BackupInstance (0ms)
			ReleaseScriptingObjects (0ms)
			CreateAndSetChildDomain (69ms)
		EndReloadAssembly (1436ms)
			LoadAssemblies (184ms)
			RebuildTransferFunctionScriptingTraits (0ms)
			SetupTypeCache (371ms)
			ReleaseScriptCaches (3ms)
			RebuildScriptCaches (70ms)
			SetupLoadedEditorAssemblies (794ms)
				LogAssemblyErrors (0ms)
				InitializePlatformSupportModulesInManaged (56ms)
				SetLoadedEditorAssemblies (1ms)
				RefreshPlugins (1ms)
				BeforeProcessingInitializeOnLoad (118ms)
				ProcessInitializeOnLoadAttributes (504ms)
				ProcessInitializeOnLoadMethodAttributes (104ms)
				AfterProcessingInitializeOnLoad (10ms)
				EditorAssembliesLoaded (0ms)
			ExecutionOrderSort2 (0ms)
			AwakeInstancesAfterBackupRestoration (11ms)
Platform modules already initialized, skipping
Refreshing native plugins compatible for Editor in 5.65 ms, found 4 plugins.
Preloading 0 native plugins for Editor in 0.00 ms.
Unloading 5656 Unused Serialized files (Serialized files now loaded: 0)
Unloading 29 unused Assets / (0.8 MB). Loaded Objects now: 7968.
Memory consumption went from 224.6 MB to 223.8 MB.
Total: 5.480600 ms (FindLiveObjects: 0.805700 ms CreateObjectMapping: 0.306900 ms MarkObjects: 3.944700 ms  DeleteObjects: 0.422100 ms)

AssetImportParameters requested are different than current active one (requested -> active):
  custom:video-decoder-ogg-theora: a1e56fd34408186e4bbccfd4996cb3dc -> 
  custom:container-muxer-webm: aa71ff27fc2769a1b78a27578f13a17b -> 
  custom:container-demuxer-webm: 4f35f7cbe854078d1ac9338744f61a02 -> 
  custom:video-encoder-webm-vp8: eb34c28f22e8b96e1ab97ce403110664 -> 
  custom:video-codec-MediaFoundation-h265: 746d11721c4dcdbdad8f713fa42b33f4 -> 
  custom:audio-encoder-webm-vorbis: bf7c407c2cedff20999df2af8eb42d56 -> 
  custom:framework-win-MediaFoundation: 216162199b28c13a410421893ffa2e32 -> 
  custom:container-demuxer-ogg: 62fdf1f143b41e24485cea50d1cbac27 -> 
  custom:video-decoder-webm-vp8: 9c59270c3fd7afecdb556c50c9e8de78 -> 
  custom:audio-decoder-ogg-vorbis: bf7c407c2cedff20999df2af8eb42d56 -> 
========================================================================
Received Prepare
Registering precompiled user dll's ...
Registered in 0.015053 seconds.
Begin MonoManager ReloadAssembly
Symbol file LoadedFromMemory doesn't match image C:\Users\1\Documents\GitHub\Seagull-vs-Cats\Library\PackageCache\com.unity.visualscripting@1.8.0\Editor\VisualScripting.Core\Dependencies\YamlDotNet\Unity.VisualScripting.YamlDotNet.dll
Symbol file LoadedFromMemory doesn't match image C:\Users\1\Documents\GitHub\Seagull-vs-Cats\Library\PackageCache\com.unity.visualscripting@1.8.0\Editor\VisualScripting.Core\Dependencies\DotNetZip\Unity.VisualScripting.IonicZip.dll
Native extension for UWP target not found
Native extension for LinuxStandalone target not found
Native extension for WindowsStandalone target not found
Native extension for AppleTV target not found
Native extension for iOS target not found
Native extension for Android target not found
Native extension for OSXStandalone target not found
Native extension for WebGL target not found
Refreshing native plugins compatible for Editor in 1.24 ms, found 4 plugins.
Preloading 0 native plugins for Editor in 0.00 ms.
Mono: successfully reloaded assembly
- Completed reload, in  1.668 seconds
Domain Reload Profiling:
	ReloadAssembly (1669ms)
		BeginReloadAssembly (182ms)
			ExecutionOrderSort (0ms)
			DisableScriptedObjects (8ms)
			BackupInstance (0ms)
			ReleaseScriptingObjects (0ms)
			CreateAndSetChildDomain (48ms)
		EndReloadAssembly (1361ms)
			LoadAssemblies (131ms)
			RebuildTransferFunctionScriptingTraits (0ms)
			SetupTypeCache (377ms)
			ReleaseScriptCaches (4ms)
			RebuildScriptCaches (77ms)
			SetupLoadedEditorAssemblies (702ms)
				LogAssemblyErrors (0ms)
				InitializePlatformSupportModulesInManaged (48ms)
				SetLoadedEditorAssemblies (1ms)
				RefreshPlugins (1ms)
				BeforeProcessingInitializeOnLoad (115ms)
				ProcessInitializeOnLoadAttributes (426ms)
				ProcessInitializeOnLoadMethodAttributes (100ms)
				AfterProcessingInitializeOnLoad (11ms)
				EditorAssembliesLoaded (0ms)
			ExecutionOrderSort2 (0ms)
			AwakeInstancesAfterBackupRestoration (16ms)
Platform modules already initialized, skipping
Refreshing native plugins compatible for Editor in 5.65 ms, found 4 plugins.
Preloading 0 native plugins for Editor in 0.00 ms.
Unloading 5656 Unused Serialized files (Serialized files now loaded: 0)
Unloading 29 unused Assets / (0.8 MB). Loaded Objects now: 7983.
Memory consumption went from 224.6 MB to 223.8 MB.
Total: 5.933800 ms (FindLiveObjects: 0.793500 ms CreateObjectMapping: 0.319400 ms MarkObjects: 4.302900 ms  DeleteObjects: 0.516500 ms)

AssetImportParameters requested are different than current active one (requested -> active):
  custom:video-decoder-ogg-theora: a1e56fd34408186e4bbccfd4996cb3dc -> 
  custom:container-muxer-webm: aa71ff27fc2769a1b78a27578f13a17b -> 
  custom:container-demuxer-webm: 4f35f7cbe854078d1ac9338744f61a02 -> 
  custom:video-encoder-webm-vp8: eb34c28f22e8b96e1ab97ce403110664 -> 
  custom:video-codec-MediaFoundation-h265: 746d11721c4dcdbdad8f713fa42b33f4 -> 
  custom:audio-encoder-webm-vorbis: bf7c407c2cedff20999df2af8eb42d56 -> 
  custom:framework-win-MediaFoundation: 216162199b28c13a410421893ffa2e32 -> 
  custom:container-demuxer-ogg: 62fdf1f143b41e24485cea50d1cbac27 -> 
  custom:video-decoder-webm-vp8: 9c59270c3fd7afecdb556c50c9e8de78 -> 
  custom:audio-decoder-ogg-vorbis: bf7c407c2cedff20999df2af8eb42d56 -> 
========================================================================
Received Prepare
Registering precompiled user dll's ...
Registered in 0.018378 seconds.
Begin MonoManager ReloadAssembly
Symbol file LoadedFromMemory doesn't match image C:\Users\1\Documents\GitHub\Seagull-vs-Cats\Library\PackageCache\com.unity.visualscripting@1.8.0\Editor\VisualScripting.Core\Dependencies\YamlDotNet\Unity.VisualScripting.YamlDotNet.dll
Symbol file LoadedFromMemory doesn't match image C:\Users\1\Documents\GitHub\Seagull-vs-Cats\Library\PackageCache\com.unity.visualscripting@1.8.0\Editor\VisualScripting.Core\Dependencies\DotNetZip\Unity.VisualScripting.IonicZip.dll
Native extension for UWP target not found
Native extension for LinuxStandalone target not found
Native extension for WindowsStandalone target not found
Native extension for AppleTV target not found
Native extension for iOS target not found
Native extension for Android target not found
Native extension for OSXStandalone target not found
Native extension for WebGL target not found
Refreshing native plugins compatible for Editor in 1.25 ms, found 4 plugins.
Preloading 0 native plugins for Editor in 0.00 ms.
Mono: successfully reloaded assembly
- Completed reload, in  1.796 seconds
Domain Reload Profiling:
	ReloadAssembly (1797ms)
		BeginReloadAssembly (201ms)
			ExecutionOrderSort (0ms)
			DisableScriptedObjects (9ms)
			BackupInstance (0ms)
			ReleaseScriptingObjects (0ms)
			CreateAndSetChildDomain (55ms)
		EndReloadAssembly (1455ms)
			LoadAssemblies (167ms)
			RebuildTransferFunctionScriptingTraits (0ms)
			SetupTypeCache (395ms)
			ReleaseScriptCaches (4ms)
			RebuildScriptCaches (84ms)
			SetupLoadedEditorAssemblies (739ms)
				LogAssemblyErrors (0ms)
				InitializePlatformSupportModulesInManaged (49ms)
				SetLoadedEditorAssemblies (1ms)
				RefreshPlugins (1ms)
				BeforeProcessingInitializeOnLoad (132ms)
				ProcessInitializeOnLoadAttributes (434ms)
				ProcessInitializeOnLoadMethodAttributes (112ms)
				AfterProcessingInitializeOnLoad (10ms)
				EditorAssembliesLoaded (0ms)
			ExecutionOrderSort2 (0ms)
			AwakeInstancesAfterBackupRestoration (12ms)
Platform modules already initialized, skipping
Refreshing native plugins compatible for Editor in 4.15 ms, found 4 plugins.
Preloading 0 native plugins for Editor in 0.00 ms.
Unloading 5656 Unused Serialized files (Serialized files now loaded: 0)
Unloading 29 unused Assets / (0.8 MB). Loaded Objects now: 7998.
Memory consumption went from 224.6 MB to 223.8 MB.
Total: 6.817500 ms (FindLiveObjects: 1.078300 ms CreateObjectMapping: 0.443400 ms MarkObjects: 4.848100 ms  DeleteObjects: 0.446400 ms)

AssetImportParameters requested are different than current active one (requested -> active):
  custom:video-decoder-ogg-theora: a1e56fd34408186e4bbccfd4996cb3dc -> 
  custom:container-muxer-webm: aa71ff27fc2769a1b78a27578f13a17b -> 
  custom:container-demuxer-webm: 4f35f7cbe854078d1ac9338744f61a02 -> 
  custom:video-encoder-webm-vp8: eb34c28f22e8b96e1ab97ce403110664 -> 
  custom:video-codec-MediaFoundation-h265: 746d11721c4dcdbdad8f713fa42b33f4 -> 
  custom:audio-encoder-webm-vorbis: bf7c407c2cedff20999df2af8eb42d56 -> 
  custom:framework-win-MediaFoundation: 216162199b28c13a410421893ffa2e32 -> 
  custom:container-demuxer-ogg: 62fdf1f143b41e24485cea50d1cbac27 -> 
  custom:video-decoder-webm-vp8: 9c59270c3fd7afecdb556c50c9e8de78 -> 
  custom:audio-decoder-ogg-vorbis: bf7c407c2cedff20999df2af8eb42d56 -> 
========================================================================
Received Prepare
Registering precompiled user dll's ...
Registered in 0.016256 seconds.
Begin MonoManager ReloadAssembly
Symbol file LoadedFromMemory doesn't match image C:\Users\1\Documents\GitHub\Seagull-vs-Cats\Library\PackageCache\com.unity.visualscripting@1.8.0\Editor\VisualScripting.Core\Dependencies\YamlDotNet\Unity.VisualScripting.YamlDotNet.dll
Symbol file LoadedFromMemory doesn't match image C:\Users\1\Documents\GitHub\Seagull-vs-Cats\Library\PackageCache\com.unity.visualscripting@1.8.0\Editor\VisualScripting.Core\Dependencies\DotNetZip\Unity.VisualScripting.IonicZip.dll
Native extension for UWP target not found
Native extension for LinuxStandalone target not found
Native extension for WindowsStandalone target not found
Native extension for AppleTV target not found
Native extension for iOS target not found
Native extension for Android target not found
Native extension for OSXStandalone target not found
Native extension for WebGL target not found
Refreshing native plugins compatible for Editor in 1.22 ms, found 4 plugins.
Preloading 0 native plugins for Editor in 0.00 ms.
Mono: successfully reloaded assembly
- Completed reload, in  1.640 seconds
Domain Reload Profiling:
	ReloadAssembly (1641ms)
		BeginReloadAssembly (194ms)
			ExecutionOrderSort (0ms)
			DisableScriptedObjects (8ms)
			BackupInstance (0ms)
			ReleaseScriptingObjects (0ms)
			CreateAndSetChildDomain (50ms)
		EndReloadAssembly (1299ms)
			LoadAssemblies (148ms)
			RebuildTransferFunctionScriptingTraits (0ms)
			SetupTypeCache (345ms)
			ReleaseScriptCaches (3ms)
			RebuildScriptCaches (72ms)
			SetupLoadedEditorAssemblies (679ms)
				LogAssemblyErrors (0ms)
				InitializePlatformSupportModulesInManaged (49ms)
				SetLoadedEditorAssemblies (1ms)
				RefreshPlugins (1ms)
				BeforeProcessingInitializeOnLoad (114ms)
				ProcessInitializeOnLoadAttributes (406ms)
				ProcessInitializeOnLoadMethodAttributes (98ms)
				AfterProcessingInitializeOnLoad (10ms)
				EditorAssembliesLoaded (0ms)
			ExecutionOrderSort2 (0ms)
			AwakeInstancesAfterBackupRestoration (10ms)
Platform modules already initialized, skipping
Refreshing native plugins compatible for Editor in 4.93 ms, found 4 plugins.
Preloading 0 native plugins for Editor in 0.00 ms.
Unloading 5656 Unused Serialized files (Serialized files now loaded: 0)
Unloading 29 unused Assets / (0.8 MB). Loaded Objects now: 8013.
Memory consumption went from 224.6 MB to 223.8 MB.
Total: 5.512200 ms (FindLiveObjects: 0.872800 ms CreateObjectMapping: 0.394500 ms MarkObjects: 3.809500 ms  DeleteObjects: 0.434000 ms)

AssetImportParameters requested are different than current active one (requested -> active):
  custom:video-decoder-ogg-theora: a1e56fd34408186e4bbccfd4996cb3dc -> 
  custom:container-muxer-webm: aa71ff27fc2769a1b78a27578f13a17b -> 
  custom:container-demuxer-webm: 4f35f7cbe854078d1ac9338744f61a02 -> 
  custom:video-encoder-webm-vp8: eb34c28f22e8b96e1ab97ce403110664 -> 
  custom:video-codec-MediaFoundation-h265: 746d11721c4dcdbdad8f713fa42b33f4 -> 
  custom:audio-encoder-webm-vorbis: bf7c407c2cedff20999df2af8eb42d56 -> 
  custom:framework-win-MediaFoundation: 216162199b28c13a410421893ffa2e32 -> 
  custom:container-demuxer-ogg: 62fdf1f143b41e24485cea50d1cbac27 -> 
  custom:video-decoder-webm-vp8: 9c59270c3fd7afecdb556c50c9e8de78 -> 
  custom:audio-decoder-ogg-vorbis: bf7c407c2cedff20999df2af8eb42d56 -> 
========================================================================
Received Prepare
Registering precompiled user dll's ...
Registered in 0.016293 seconds.
Begin MonoManager ReloadAssembly
Symbol file LoadedFromMemory doesn't match image C:\Users\1\Documents\GitHub\Seagull-vs-Cats\Library\PackageCache\com.unity.visualscripting@1.8.0\Editor\VisualScripting.Core\Dependencies\YamlDotNet\Unity.VisualScripting.YamlDotNet.dll
Symbol file LoadedFromMemory doesn't match image C:\Users\1\Documents\GitHub\Seagull-vs-Cats\Library\PackageCache\com.unity.visualscripting@1.8.0\Editor\VisualScripting.Core\Dependencies\DotNetZip\Unity.VisualScripting.IonicZip.dll
Native extension for UWP target not found
Native extension for LinuxStandalone target not found
Native extension for WindowsStandalone target not found
Native extension for AppleTV target not found
Native extension for iOS target not found
Native extension for Android target not found
Native extension for OSXStandalone target not found
Native extension for WebGL target not found
Refreshing native plugins compatible for Editor in 1.28 ms, found 4 plugins.
Preloading 0 native plugins for Editor in 0.00 ms.
Mono: successfully reloaded assembly
- Completed reload, in  1.668 seconds
Domain Reload Profiling:
	ReloadAssembly (1669ms)
		BeginReloadAssembly (184ms)
			ExecutionOrderSort (0ms)
			DisableScriptedObjects (8ms)
			BackupInstance (0ms)
			ReleaseScriptingObjects (0ms)
			CreateAndSetChildDomain (49ms)
		EndReloadAssembly (1358ms)
			LoadAssemblies (141ms)
			RebuildTransferFunctionScriptingTraits (0ms)
			SetupTypeCache (392ms)
			ReleaseScriptCaches (3ms)
			RebuildScriptCaches (71ms)
			SetupLoadedEditorAssemblies (692ms)
				LogAssemblyErrors (0ms)
				InitializePlatformSupportModulesInManaged (47ms)
				SetLoadedEditorAssemblies (1ms)
				RefreshPlugins (1ms)
				BeforeProcessingInitializeOnLoad (120ms)
				ProcessInitializeOnLoadAttributes (410ms)
				ProcessInitializeOnLoadMethodAttributes (101ms)
				AfterProcessingInitializeOnLoad (11ms)
				EditorAssembliesLoaded (0ms)
			ExecutionOrderSort2 (0ms)
			AwakeInstancesAfterBackupRestoration (15ms)
Platform modules already initialized, skipping
Refreshing native plugins compatible for Editor in 5.67 ms, found 4 plugins.
Preloading 0 native plugins for Editor in 0.00 ms.
Unloading 5656 Unused Serialized files (Serialized files now loaded: 0)
Unloading 29 unused Assets / (0.8 MB). Loaded Objects now: 8028.
Memory consumption went from 224.6 MB to 223.9 MB.
Total: 5.567800 ms (FindLiveObjects: 0.806600 ms CreateObjectMapping: 0.304000 ms MarkObjects: 4.024400 ms  DeleteObjects: 0.431700 ms)

AssetImportParameters requested are different than current active one (requested -> active):
  custom:video-decoder-ogg-theora: a1e56fd34408186e4bbccfd4996cb3dc -> 
  custom:container-muxer-webm: aa71ff27fc2769a1b78a27578f13a17b -> 
  custom:container-demuxer-webm: 4f35f7cbe854078d1ac9338744f61a02 -> 
  custom:video-encoder-webm-vp8: eb34c28f22e8b96e1ab97ce403110664 -> 
  custom:video-codec-MediaFoundation-h265: 746d11721c4dcdbdad8f713fa42b33f4 -> 
  custom:audio-encoder-webm-vorbis: bf7c407c2cedff20999df2af8eb42d56 -> 
  custom:framework-win-MediaFoundation: 216162199b28c13a410421893ffa2e32 -> 
  custom:container-demuxer-ogg: 62fdf1f143b41e24485cea50d1cbac27 -> 
  custom:video-decoder-webm-vp8: 9c59270c3fd7afecdb556c50c9e8de78 -> 
  custom:audio-decoder-ogg-vorbis: bf7c407c2cedff20999df2af8eb42d56 -> 
========================================================================
Received Prepare
Registering precompiled user dll's ...
Registered in 0.014262 seconds.
Begin MonoManager ReloadAssembly
Symbol file LoadedFromMemory doesn't match image C:\Users\1\Documents\GitHub\Seagull-vs-Cats\Library\PackageCache\com.unity.visualscripting@1.8.0\Editor\VisualScripting.Core\Dependencies\YamlDotNet\Unity.VisualScripting.YamlDotNet.dll
Symbol file LoadedFromMemory doesn't match image C:\Users\1\Documents\GitHub\Seagull-vs-Cats\Library\PackageCache\com.unity.visualscripting@1.8.0\Editor\VisualScripting.Core\Dependencies\DotNetZip\Unity.VisualScripting.IonicZip.dll
Native extension for UWP target not found
Native extension for LinuxStandalone target not found
Native extension for WindowsStandalone target not found
Native extension for AppleTV target not found
Native extension for iOS target not found
Native extension for Android target not found
Native extension for OSXStandalone target not found
Native extension for WebGL target not found
Refreshing native plugins compatible for Editor in 1.20 ms, found 4 plugins.
Preloading 0 native plugins for Editor in 0.00 ms.
Mono: successfully reloaded assembly
- Completed reload, in  1.709 seconds
Domain Reload Profiling:
	ReloadAssembly (1710ms)
		BeginReloadAssembly (195ms)
			ExecutionOrderSort (0ms)
			DisableScriptedObjects (9ms)
			BackupInstance (0ms)
			ReleaseScriptingObjects (0ms)
			CreateAndSetChildDomain (48ms)
		EndReloadAssembly (1383ms)
			LoadAssemblies (139ms)
			RebuildTransferFunctionScriptingTraits (0ms)
			SetupTypeCache (383ms)
			ReleaseScriptCaches (3ms)
			RebuildScriptCaches (83ms)
			SetupLoadedEditorAssemblies (716ms)
				LogAssemblyErrors (0ms)
				InitializePlatformSupportModulesInManaged (47ms)
				SetLoadedEditorAssemblies (1ms)
				RefreshPlugins (1ms)
				BeforeProcessingInitializeOnLoad (128ms)
				ProcessInitializeOnLoadAttributes (423ms)
				ProcessInitializeOnLoadMethodAttributes (106ms)
				AfterProcessingInitializeOnLoad (10ms)
				EditorAssembliesLoaded (0ms)
			ExecutionOrderSort2 (0ms)
			AwakeInstancesAfterBackupRestoration (11ms)
Platform modules already initialized, skipping
Refreshing native plugins compatible for Editor in 3.76 ms, found 4 plugins.
Preloading 0 native plugins for Editor in 0.00 ms.
Unloading 5656 Unused Serialized files (Serialized files now loaded: 0)
Unloading 29 unused Assets / (0.8 MB). Loaded Objects now: 8043.
Memory consumption went from 224.7 MB to 224.0 MB.
Total: 5.148100 ms (FindLiveObjects: 0.808800 ms CreateObjectMapping: 0.300900 ms MarkObjects: 3.645200 ms  DeleteObjects: 0.392200 ms)

AssetImportParameters requested are different than current active one (requested -> active):
  custom:video-decoder-ogg-theora: a1e56fd34408186e4bbccfd4996cb3dc -> 
  custom:container-muxer-webm: aa71ff27fc2769a1b78a27578f13a17b -> 
  custom:container-demuxer-webm: 4f35f7cbe854078d1ac9338744f61a02 -> 
  custom:video-encoder-webm-vp8: eb34c28f22e8b96e1ab97ce403110664 -> 
  custom:video-codec-MediaFoundation-h265: 746d11721c4dcdbdad8f713fa42b33f4 -> 
  custom:audio-encoder-webm-vorbis: bf7c407c2cedff20999df2af8eb42d56 -> 
  custom:framework-win-MediaFoundation: 216162199b28c13a410421893ffa2e32 -> 
  custom:container-demuxer-ogg: 62fdf1f143b41e24485cea50d1cbac27 -> 
  custom:video-decoder-webm-vp8: 9c59270c3fd7afecdb556c50c9e8de78 -> 
  custom:audio-decoder-ogg-vorbis: bf7c407c2cedff20999df2af8eb42d56 -> 
========================================================================
Received Prepare
Registering precompiled user dll's ...
Registered in 0.018128 seconds.
Begin MonoManager ReloadAssembly
Symbol file LoadedFromMemory doesn't match image C:\Users\1\Documents\GitHub\Seagull-vs-Cats\Library\PackageCache\com.unity.visualscripting@1.8.0\Editor\VisualScripting.Core\Dependencies\YamlDotNet\Unity.VisualScripting.YamlDotNet.dll
Symbol file LoadedFromMemory doesn't match image C:\Users\1\Documents\GitHub\Seagull-vs-Cats\Library\PackageCache\com.unity.visualscripting@1.8.0\Editor\VisualScripting.Core\Dependencies\DotNetZip\Unity.VisualScripting.IonicZip.dll
Native extension for UWP target not found
Native extension for LinuxStandalone target not found
Native extension for WindowsStandalone target not found
Native extension for AppleTV target not found
Native extension for iOS target not found
Native extension for Android target not found
Native extension for OSXStandalone target not found
Native extension for WebGL target not found
Refreshing native plugins compatible for Editor in 1.22 ms, found 4 plugins.
Preloading 0 native plugins for Editor in 0.00 ms.
Mono: successfully reloaded assembly
- Completed reload, in  1.688 seconds
Domain Reload Profiling:
	ReloadAssembly (1689ms)
		BeginReloadAssembly (193ms)
			ExecutionOrderSort (0ms)
			DisableScriptedObjects (9ms)
			BackupInstance (0ms)
			ReleaseScriptingObjects (0ms)
			CreateAndSetChildDomain (57ms)
		EndReloadAssembly (1344ms)
			LoadAssemblies (150ms)
			RebuildTransferFunctionScriptingTraits (0ms)
			SetupTypeCache (371ms)
			ReleaseScriptCaches (3ms)
			RebuildScriptCaches (78ms)
			SetupLoadedEditorAssemblies (689ms)
				LogAssemblyErrors (0ms)
				InitializePlatformSupportModulesInManaged (49ms)
				SetLoadedEditorAssemblies (1ms)
				RefreshPlugins (1ms)
				BeforeProcessingInitializeOnLoad (113ms)
				ProcessInitializeOnLoadAttributes (410ms)
				ProcessInitializeOnLoadMethodAttributes (104ms)
				AfterProcessingInitializeOnLoad (10ms)
				EditorAssembliesLoaded (0ms)
			ExecutionOrderSort2 (0ms)
			AwakeInstancesAfterBackupRestoration (11ms)
Platform modules already initialized, skipping
Refreshing native plugins compatible for Editor in 3.83 ms, found 4 plugins.
Preloading 0 native plugins for Editor in 0.00 ms.
Unloading 5656 Unused Serialized files (Serialized files now loaded: 0)
Unloading 29 unused Assets / (0.8 MB). Loaded Objects now: 8058.
Memory consumption went from 224.8 MB to 224.0 MB.
Total: 5.219200 ms (FindLiveObjects: 0.753700 ms CreateObjectMapping: 0.292000 ms MarkObjects: 3.769200 ms  DeleteObjects: 0.402600 ms)

AssetImportParameters requested are different than current active one (requested -> active):
  custom:video-decoder-ogg-theora: a1e56fd34408186e4bbccfd4996cb3dc -> 
  custom:container-muxer-webm: aa71ff27fc2769a1b78a27578f13a17b -> 
  custom:container-demuxer-webm: 4f35f7cbe854078d1ac9338744f61a02 -> 
  custom:video-encoder-webm-vp8: eb34c28f22e8b96e1ab97ce403110664 -> 
  custom:video-codec-MediaFoundation-h265: 746d11721c4dcdbdad8f713fa42b33f4 -> 
  custom:audio-encoder-webm-vorbis: bf7c407c2cedff20999df2af8eb42d56 -> 
  custom:framework-win-MediaFoundation: 216162199b28c13a410421893ffa2e32 -> 
  custom:container-demuxer-ogg: 62fdf1f143b41e24485cea50d1cbac27 -> 
  custom:video-decoder-webm-vp8: 9c59270c3fd7afecdb556c50c9e8de78 -> 
  custom:audio-decoder-ogg-vorbis: bf7c407c2cedff20999df2af8eb42d56 -> 
========================================================================
Received Prepare
Registering precompiled user dll's ...
Registered in 0.014681 seconds.
Begin MonoManager ReloadAssembly
Symbol file LoadedFromMemory doesn't match image C:\Users\1\Documents\GitHub\Seagull-vs-Cats\Library\PackageCache\com.unity.visualscripting@1.8.0\Editor\VisualScripting.Core\Dependencies\YamlDotNet\Unity.VisualScripting.YamlDotNet.dll
Symbol file LoadedFromMemory doesn't match image C:\Users\1\Documents\GitHub\Seagull-vs-Cats\Library\PackageCache\com.unity.visualscripting@1.8.0\Editor\VisualScripting.Core\Dependencies\DotNetZip\Unity.VisualScripting.IonicZip.dll
Native extension for UWP target not found
Native extension for LinuxStandalone target not found
Native extension for WindowsStandalone target not found
Native extension for AppleTV target not found
Native extension for iOS target not found
Native extension for Android target not found
Native extension for OSXStandalone target not found
Native extension for WebGL target not found
Refreshing native plugins compatible for Editor in 1.37 ms, found 4 plugins.
Preloading 0 native plugins for Editor in 0.00 ms.
Mono: successfully reloaded assembly
- Completed reload, in  1.687 seconds
Domain Reload Profiling:
	ReloadAssembly (1688ms)
		BeginReloadAssembly (186ms)
			ExecutionOrderSort (0ms)
			DisableScriptedObjects (10ms)
			BackupInstance (0ms)
			ReleaseScriptingObjects (0ms)
			CreateAndSetChildDomain (50ms)
		EndReloadAssembly (1375ms)
			LoadAssemblies (134ms)
			RebuildTransferFunctionScriptingTraits (0ms)
			SetupTypeCache (413ms)
			ReleaseScriptCaches (3ms)
			RebuildScriptCaches (70ms)
			SetupLoadedEditorAssemblies (698ms)
				LogAssemblyErrors (0ms)
				InitializePlatformSupportModulesInManaged (48ms)
				SetLoadedEditorAssemblies (1ms)
				RefreshPlugins (1ms)
				BeforeProcessingInitializeOnLoad (124ms)
				ProcessInitializeOnLoadAttributes (413ms)
				ProcessInitializeOnLoadMethodAttributes (100ms)
				AfterProcessingInitializeOnLoad (10ms)
				EditorAssembliesLoaded (0ms)
			ExecutionOrderSort2 (0ms)
			AwakeInstancesAfterBackupRestoration (11ms)
Platform modules already initialized, skipping
Refreshing native plugins compatible for Editor in 4.50 ms, found 4 plugins.
Preloading 0 native plugins for Editor in 0.00 ms.
Unloading 5656 Unused Serialized files (Serialized files now loaded: 0)
Unloading 29 unused Assets / (0.8 MB). Loaded Objects now: 8073.
Memory consumption went from 224.8 MB to 224.0 MB.
Total: 5.202200 ms (FindLiveObjects: 0.816700 ms CreateObjectMapping: 0.303500 ms MarkObjects: 3.675600 ms  DeleteObjects: 0.405100 ms)

AssetImportParameters requested are different than current active one (requested -> active):
  custom:video-decoder-ogg-theora: a1e56fd34408186e4bbccfd4996cb3dc -> 
  custom:container-muxer-webm: aa71ff27fc2769a1b78a27578f13a17b -> 
  custom:container-demuxer-webm: 4f35f7cbe854078d1ac9338744f61a02 -> 
  custom:video-encoder-webm-vp8: eb34c28f22e8b96e1ab97ce403110664 -> 
  custom:video-codec-MediaFoundation-h265: 746d11721c4dcdbdad8f713fa42b33f4 -> 
  custom:audio-encoder-webm-vorbis: bf7c407c2cedff20999df2af8eb42d56 -> 
  custom:framework-win-MediaFoundation: 216162199b28c13a410421893ffa2e32 -> 
  custom:container-demuxer-ogg: 62fdf1f143b41e24485cea50d1cbac27 -> 
  custom:video-decoder-webm-vp8: 9c59270c3fd7afecdb556c50c9e8de78 -> 
  custom:audio-decoder-ogg-vorbis: bf7c407c2cedff20999df2af8eb42d56 -> 
========================================================================
Received Prepare
Registering precompiled user dll's ...
Registered in 0.014920 seconds.
Begin MonoManager ReloadAssembly
Symbol file LoadedFromMemory doesn't match image C:\Users\1\Documents\GitHub\Seagull-vs-Cats\Library\PackageCache\com.unity.visualscripting@1.8.0\Editor\VisualScripting.Core\Dependencies\YamlDotNet\Unity.VisualScripting.YamlDotNet.dll
Symbol file LoadedFromMemory doesn't match image C:\Users\1\Documents\GitHub\Seagull-vs-Cats\Library\PackageCache\com.unity.visualscripting@1.8.0\Editor\VisualScripting.Core\Dependencies\DotNetZip\Unity.VisualScripting.IonicZip.dll
Native extension for UWP target not found
Native extension for LinuxStandalone target not found
Native extension for WindowsStandalone target not found
Native extension for AppleTV target not found
Native extension for iOS target not found
Native extension for Android target not found
Native extension for OSXStandalone target not found
Native extension for WebGL target not found
Refreshing native plugins compatible for Editor in 1.24 ms, found 4 plugins.
Preloading 0 native plugins for Editor in 0.00 ms.
Mono: successfully reloaded assembly
- Completed reload, in  1.673 seconds
Domain Reload Profiling:
	ReloadAssembly (1674ms)
		BeginReloadAssembly (195ms)
			ExecutionOrderSort (0ms)
			DisableScriptedObjects (9ms)
			BackupInstance (0ms)
			ReleaseScriptingObjects (0ms)
			CreateAndSetChildDomain (57ms)
		EndReloadAssembly (1341ms)
			LoadAssemblies (134ms)
			RebuildTransferFunctionScriptingTraits (0ms)
			SetupTypeCache (366ms)
			ReleaseScriptCaches (3ms)
			RebuildScriptCaches (84ms)
			SetupLoadedEditorAssemblies (687ms)
				LogAssemblyErrors (0ms)
				InitializePlatformSupportModulesInManaged (47ms)
				SetLoadedEditorAssemblies (1ms)
				RefreshPlugins (1ms)
				BeforeProcessingInitializeOnLoad (114ms)
				ProcessInitializeOnLoadAttributes (414ms)
				ProcessInitializeOnLoadMethodAttributes (100ms)
				AfterProcessingInitializeOnLoad (10ms)
				EditorAssembliesLoaded (0ms)
			ExecutionOrderSort2 (0ms)
			AwakeInstancesAfterBackupRestoration (14ms)
Platform modules already initialized, skipping
Refreshing native plugins compatible for Editor in 4.32 ms, found 4 plugins.
Preloading 0 native plugins for Editor in 0.00 ms.
Unloading 5656 Unused Serialized files (Serialized files now loaded: 0)
Unloading 29 unused Assets / (0.8 MB). Loaded Objects now: 8088.
Memory consumption went from 224.8 MB to 224.0 MB.
Total: 5.158900 ms (FindLiveObjects: 0.727200 ms CreateObjectMapping: 0.297900 ms MarkObjects: 3.722800 ms  DeleteObjects: 0.409800 ms)

AssetImportParameters requested are different than current active one (requested -> active):
  custom:video-decoder-ogg-theora: a1e56fd34408186e4bbccfd4996cb3dc -> 
  custom:container-muxer-webm: aa71ff27fc2769a1b78a27578f13a17b -> 
  custom:container-demuxer-webm: 4f35f7cbe854078d1ac9338744f61a02 -> 
  custom:video-encoder-webm-vp8: eb34c28f22e8b96e1ab97ce403110664 -> 
  custom:video-codec-MediaFoundation-h265: 746d11721c4dcdbdad8f713fa42b33f4 -> 
  custom:audio-encoder-webm-vorbis: bf7c407c2cedff20999df2af8eb42d56 -> 
  custom:framework-win-MediaFoundation: 216162199b28c13a410421893ffa2e32 -> 
  custom:container-demuxer-ogg: 62fdf1f143b41e24485cea50d1cbac27 -> 
  custom:video-decoder-webm-vp8: 9c59270c3fd7afecdb556c50c9e8de78 -> 
  custom:audio-decoder-ogg-vorbis: bf7c407c2cedff20999df2af8eb42d56 -> 
========================================================================
Received Prepare
Registering precompiled user dll's ...
Registered in 0.014539 seconds.
Begin MonoManager ReloadAssembly
Symbol file LoadedFromMemory doesn't match image C:\Users\1\Documents\GitHub\Seagull-vs-Cats\Library\PackageCache\com.unity.visualscripting@1.8.0\Editor\VisualScripting.Core\Dependencies\YamlDotNet\Unity.VisualScripting.YamlDotNet.dll
Symbol file LoadedFromMemory doesn't match image C:\Users\1\Documents\GitHub\Seagull-vs-Cats\Library\PackageCache\com.unity.visualscripting@1.8.0\Editor\VisualScripting.Core\Dependencies\DotNetZip\Unity.VisualScripting.IonicZip.dll
Native extension for UWP target not found
Native extension for LinuxStandalone target not found
Native extension for WindowsStandalone target not found
Native extension for AppleTV target not found
Native extension for iOS target not found
Native extension for Android target not found
Native extension for OSXStandalone target not found
Native extension for WebGL target not found
Refreshing native plugins compatible for Editor in 1.23 ms, found 4 plugins.
Preloading 0 native plugins for Editor in 0.00 ms.
Mono: successfully reloaded assembly
- Completed reload, in  1.627 seconds
Domain Reload Profiling:
	ReloadAssembly (1628ms)
		BeginReloadAssembly (185ms)
			ExecutionOrderSort (0ms)
			DisableScriptedObjects (8ms)
			BackupInstance (0ms)
			ReleaseScriptingObjects (0ms)
			CreateAndSetChildDomain (50ms)
		EndReloadAssembly (1309ms)
			LoadAssemblies (136ms)
			RebuildTransferFunctionScriptingTraits (0ms)
			SetupTypeCache (351ms)
			ReleaseScriptCaches (3ms)
			RebuildScriptCaches (72ms)
			SetupLoadedEditorAssemblies (692ms)
				LogAssemblyErrors (0ms)
				InitializePlatformSupportModulesInManaged (47ms)
				SetLoadedEditorAssemblies (1ms)
				RefreshPlugins (1ms)
				BeforeProcessingInitializeOnLoad (123ms)
				ProcessInitializeOnLoadAttributes (406ms)
				ProcessInitializeOnLoadMethodAttributes (104ms)
				AfterProcessingInitializeOnLoad (10ms)
				EditorAssembliesLoaded (0ms)
			ExecutionOrderSort2 (0ms)
			AwakeInstancesAfterBackupRestoration (11ms)
Platform modules already initialized, skipping
Refreshing native plugins compatible for Editor in 3.90 ms, found 4 plugins.
Preloading 0 native plugins for Editor in 0.00 ms.
Unloading 5656 Unused Serialized files (Serialized files now loaded: 0)
Unloading 29 unused Assets / (0.8 MB). Loaded Objects now: 8103.
Memory consumption went from 224.8 MB to 224.0 MB.
Total: 5.061800 ms (FindLiveObjects: 0.714000 ms CreateObjectMapping: 0.290700 ms MarkObjects: 3.649600 ms  DeleteObjects: 0.406200 ms)

AssetImportParameters requested are different than current active one (requested -> active):
  custom:video-decoder-ogg-theora: a1e56fd34408186e4bbccfd4996cb3dc -> 
  custom:container-muxer-webm: aa71ff27fc2769a1b78a27578f13a17b -> 
  custom:container-demuxer-webm: 4f35f7cbe854078d1ac9338744f61a02 -> 
  custom:video-encoder-webm-vp8: eb34c28f22e8b96e1ab97ce403110664 -> 
  custom:video-codec-MediaFoundation-h265: 746d11721c4dcdbdad8f713fa42b33f4 -> 
  custom:audio-encoder-webm-vorbis: bf7c407c2cedff20999df2af8eb42d56 -> 
  custom:framework-win-MediaFoundation: 216162199b28c13a410421893ffa2e32 -> 
  custom:container-demuxer-ogg: 62fdf1f143b41e24485cea50d1cbac27 -> 
  custom:video-decoder-webm-vp8: 9c59270c3fd7afecdb556c50c9e8de78 -> 
  custom:audio-decoder-ogg-vorbis: bf7c407c2cedff20999df2af8eb42d56 -> 
========================================================================
Received Prepare
Registering precompiled user dll's ...
Registered in 0.014656 seconds.
Begin MonoManager ReloadAssembly
Symbol file LoadedFromMemory doesn't match image C:\Users\1\Documents\GitHub\Seagull-vs-Cats\Library\PackageCache\com.unity.visualscripting@1.8.0\Editor\VisualScripting.Core\Dependencies\YamlDotNet\Unity.VisualScripting.YamlDotNet.dll
Symbol file LoadedFromMemory doesn't match image C:\Users\1\Documents\GitHub\Seagull-vs-Cats\Library\PackageCache\com.unity.visualscripting@1.8.0\Editor\VisualScripting.Core\Dependencies\DotNetZip\Unity.VisualScripting.IonicZip.dll
Native extension for UWP target not found
Native extension for LinuxStandalone target not found
Native extension for WindowsStandalone target not found
Native extension for AppleTV target not found
Native extension for iOS target not found
Native extension for Android target not found
Native extension for OSXStandalone target not found
Native extension for WebGL target not found
Refreshing native plugins compatible for Editor in 1.24 ms, found 4 plugins.
Preloading 0 native plugins for Editor in 0.00 ms.
Mono: successfully reloaded assembly
- Completed reload, in  1.661 seconds
Domain Reload Profiling:
	ReloadAssembly (1662ms)
		BeginReloadAssembly (177ms)
			ExecutionOrderSort (0ms)
			DisableScriptedObjects (8ms)
			BackupInstance (0ms)
			ReleaseScriptingObjects (0ms)
			CreateAndSetChildDomain (47ms)
		EndReloadAssembly (1357ms)
			LoadAssemblies (139ms)
			RebuildTransferFunctionScriptingTraits (0ms)
			SetupTypeCache (384ms)
			ReleaseScriptCaches (3ms)
			RebuildScriptCaches (75ms)
			SetupLoadedEditorAssemblies (689ms)
				LogAssemblyErrors (0ms)
				InitializePlatformSupportModulesInManaged (54ms)
				SetLoadedEditorAssemblies (1ms)
				RefreshPlugins (1ms)
				BeforeProcessingInitializeOnLoad (123ms)
				ProcessInitializeOnLoadAttributes (397ms)
				ProcessInitializeOnLoadMethodAttributes (104ms)
				AfterProcessingInitializeOnLoad (10ms)
				EditorAssembliesLoaded (0ms)
			ExecutionOrderSort2 (0ms)
			AwakeInstancesAfterBackupRestoration (10ms)
Platform modules already initialized, skipping
Refreshing native plugins compatible for Editor in 3.76 ms, found 4 plugins.
Preloading 0 native plugins for Editor in 0.00 ms.
Unloading 5656 Unused Serialized files (Serialized files now loaded: 0)
Unloading 29 unused Assets / (0.8 MB). Loaded Objects now: 8118.
Memory consumption went from 224.8 MB to 224.0 MB.
Total: 5.168800 ms (FindLiveObjects: 0.813000 ms CreateObjectMapping: 0.304500 ms MarkObjects: 3.660200 ms  DeleteObjects: 0.389800 ms)

AssetImportParameters requested are different than current active one (requested -> active):
  custom:video-decoder-ogg-theora: a1e56fd34408186e4bbccfd4996cb3dc -> 
  custom:container-muxer-webm: aa71ff27fc2769a1b78a27578f13a17b -> 
  custom:container-demuxer-webm: 4f35f7cbe854078d1ac9338744f61a02 -> 
  custom:video-encoder-webm-vp8: eb34c28f22e8b96e1ab97ce403110664 -> 
  custom:video-codec-MediaFoundation-h265: 746d11721c4dcdbdad8f713fa42b33f4 -> 
  custom:audio-encoder-webm-vorbis: bf7c407c2cedff20999df2af8eb42d56 -> 
  custom:framework-win-MediaFoundation: 216162199b28c13a410421893ffa2e32 -> 
  custom:container-demuxer-ogg: 62fdf1f143b41e24485cea50d1cbac27 -> 
  custom:video-decoder-webm-vp8: 9c59270c3fd7afecdb556c50c9e8de78 -> 
  custom:audio-decoder-ogg-vorbis: bf7c407c2cedff20999df2af8eb42d56 -> 
========================================================================
Received Prepare
Registering precompiled user dll's ...
Registered in 0.014821 seconds.
Begin MonoManager ReloadAssembly
Symbol file LoadedFromMemory doesn't match image C:\Users\1\Documents\GitHub\Seagull-vs-Cats\Library\PackageCache\com.unity.visualscripting@1.8.0\Editor\VisualScripting.Core\Dependencies\YamlDotNet\Unity.VisualScripting.YamlDotNet.dll
Symbol file LoadedFromMemory doesn't match image C:\Users\1\Documents\GitHub\Seagull-vs-Cats\Library\PackageCache\com.unity.visualscripting@1.8.0\Editor\VisualScripting.Core\Dependencies\DotNetZip\Unity.VisualScripting.IonicZip.dll
Native extension for UWP target not found
Native extension for LinuxStandalone target not found
Native extension for WindowsStandalone target not found
Native extension for AppleTV target not found
Native extension for iOS target not found
Native extension for Android target not found
Native extension for OSXStandalone target not found
Native extension for WebGL target not found
Refreshing native plugins compatible for Editor in 1.22 ms, found 4 plugins.
Preloading 0 native plugins for Editor in 0.00 ms.
Mono: successfully reloaded assembly
- Completed reload, in  1.688 seconds
Domain Reload Profiling:
	ReloadAssembly (1689ms)
		BeginReloadAssembly (213ms)
			ExecutionOrderSort (0ms)
			DisableScriptedObjects (12ms)
			BackupInstance (0ms)
			ReleaseScriptingObjects (0ms)
			CreateAndSetChildDomain (60ms)
		EndReloadAssembly (1341ms)
			LoadAssemblies (165ms)
			RebuildTransferFunctionScriptingTraits (0ms)
			SetupTypeCache (360ms)
			ReleaseScriptCaches (3ms)
			RebuildScriptCaches (76ms)
			SetupLoadedEditorAssemblies (691ms)
				LogAssemblyErrors (0ms)
				InitializePlatformSupportModulesInManaged (50ms)
				SetLoadedEditorAssemblies (1ms)
				RefreshPlugins (1ms)
				BeforeProcessingInitializeOnLoad (113ms)
				ProcessInitializeOnLoadAttributes (410ms)
				ProcessInitializeOnLoadMethodAttributes (103ms)
				AfterProcessingInitializeOnLoad (12ms)
				EditorAssembliesLoaded (0ms)
			ExecutionOrderSort2 (0ms)
			AwakeInstancesAfterBackupRestoration (10ms)
Platform modules already initialized, skipping
Refreshing native plugins compatible for Editor in 3.83 ms, found 4 plugins.
Preloading 0 native plugins for Editor in 0.00 ms.
Unloading 5656 Unused Serialized files (Serialized files now loaded: 0)
Unloading 29 unused Assets / (0.8 MB). Loaded Objects now: 8133.
Memory consumption went from 224.9 MB to 224.1 MB.
Total: 9.085200 ms (FindLiveObjects: 1.063300 ms CreateObjectMapping: 0.618700 ms MarkObjects: 6.738300 ms  DeleteObjects: 0.662900 ms)

AssetImportParameters requested are different than current active one (requested -> active):
  custom:video-decoder-ogg-theora: a1e56fd34408186e4bbccfd4996cb3dc -> 
  custom:container-muxer-webm: aa71ff27fc2769a1b78a27578f13a17b -> 
  custom:container-demuxer-webm: 4f35f7cbe854078d1ac9338744f61a02 -> 
  custom:video-encoder-webm-vp8: eb34c28f22e8b96e1ab97ce403110664 -> 
  custom:video-codec-MediaFoundation-h265: 746d11721c4dcdbdad8f713fa42b33f4 -> 
  custom:audio-encoder-webm-vorbis: bf7c407c2cedff20999df2af8eb42d56 -> 
  custom:framework-win-MediaFoundation: 216162199b28c13a410421893ffa2e32 -> 
  custom:container-demuxer-ogg: 62fdf1f143b41e24485cea50d1cbac27 -> 
  custom:video-decoder-webm-vp8: 9c59270c3fd7afecdb556c50c9e8de78 -> 
  custom:audio-decoder-ogg-vorbis: bf7c407c2cedff20999df2af8eb42d56 -> 
========================================================================
Received Prepare
Registering precompiled user dll's ...
Registered in 0.014605 seconds.
Begin MonoManager ReloadAssembly
Symbol file LoadedFromMemory doesn't match image C:\Users\1\Documents\GitHub\Seagull-vs-Cats\Library\PackageCache\com.unity.visualscripting@1.8.0\Editor\VisualScripting.Core\Dependencies\YamlDotNet\Unity.VisualScripting.YamlDotNet.dll
Symbol file LoadedFromMemory doesn't match image C:\Users\1\Documents\GitHub\Seagull-vs-Cats\Library\PackageCache\com.unity.visualscripting@1.8.0\Editor\VisualScripting.Core\Dependencies\DotNetZip\Unity.VisualScripting.IonicZip.dll
Native extension for UWP target not found
Native extension for LinuxStandalone target not found
Native extension for WindowsStandalone target not found
Native extension for AppleTV target not found
Native extension for iOS target not found
Native extension for Android target not found
Native extension for OSXStandalone target not found
Native extension for WebGL target not found
Refreshing native plugins compatible for Editor in 1.82 ms, found 4 plugins.
Preloading 0 native plugins for Editor in 0.00 ms.
Mono: successfully reloaded assembly
- Completed reload, in  1.771 seconds
Domain Reload Profiling:
	ReloadAssembly (1772ms)
		BeginReloadAssembly (181ms)
			ExecutionOrderSort (0ms)
			DisableScriptedObjects (8ms)
			BackupInstance (0ms)
			ReleaseScriptingObjects (0ms)
			CreateAndSetChildDomain (48ms)
		EndReloadAssembly (1455ms)
			LoadAssemblies (124ms)
			RebuildTransferFunctionScriptingTraits (0ms)
			SetupTypeCache (378ms)
			ReleaseScriptCaches (5ms)
			RebuildScriptCaches (82ms)
			SetupLoadedEditorAssemblies (782ms)
				LogAssemblyErrors (0ms)
				InitializePlatformSupportModulesInManaged (48ms)
				SetLoadedEditorAssemblies (1ms)
				RefreshPlugins (2ms)
				BeforeProcessingInitializeOnLoad (113ms)
				ProcessInitializeOnLoadAttributes (489ms)
				ProcessInitializeOnLoadMethodAttributes (113ms)
				AfterProcessingInitializeOnLoad (15ms)
				EditorAssembliesLoaded (0ms)
			ExecutionOrderSort2 (0ms)
			AwakeInstancesAfterBackupRestoration (10ms)
Platform modules already initialized, skipping
Refreshing native plugins compatible for Editor in 3.81 ms, found 4 plugins.
Preloading 0 native plugins for Editor in 0.00 ms.
Unloading 5656 Unused Serialized files (Serialized files now loaded: 0)
Unloading 29 unused Assets / (0.8 MB). Loaded Objects now: 8148.
Memory consumption went from 224.9 MB to 224.1 MB.
Total: 5.450000 ms (FindLiveObjects: 0.842700 ms CreateObjectMapping: 0.297900 ms MarkObjects: 3.892300 ms  DeleteObjects: 0.416100 ms)

AssetImportParameters requested are different than current active one (requested -> active):
  custom:video-decoder-ogg-theora: a1e56fd34408186e4bbccfd4996cb3dc -> 
  custom:container-muxer-webm: aa71ff27fc2769a1b78a27578f13a17b -> 
  custom:container-demuxer-webm: 4f35f7cbe854078d1ac9338744f61a02 -> 
  custom:video-encoder-webm-vp8: eb34c28f22e8b96e1ab97ce403110664 -> 
  custom:video-codec-MediaFoundation-h265: 746d11721c4dcdbdad8f713fa42b33f4 -> 
  custom:audio-encoder-webm-vorbis: bf7c407c2cedff20999df2af8eb42d56 -> 
  custom:framework-win-MediaFoundation: 216162199b28c13a410421893ffa2e32 -> 
  custom:container-demuxer-ogg: 62fdf1f143b41e24485cea50d1cbac27 -> 
  custom:video-decoder-webm-vp8: 9c59270c3fd7afecdb556c50c9e8de78 -> 
  custom:audio-decoder-ogg-vorbis: bf7c407c2cedff20999df2af8eb42d56 -> 
========================================================================
Received Prepare
Registering precompiled user dll's ...
Registered in 0.015294 seconds.
Begin MonoManager ReloadAssembly
Symbol file LoadedFromMemory doesn't match image C:\Users\1\Documents\GitHub\Seagull-vs-Cats\Library\PackageCache\com.unity.visualscripting@1.8.0\Editor\VisualScripting.Core\Dependencies\YamlDotNet\Unity.VisualScripting.YamlDotNet.dll
Symbol file LoadedFromMemory doesn't match image C:\Users\1\Documents\GitHub\Seagull-vs-Cats\Library\PackageCache\com.unity.visualscripting@1.8.0\Editor\VisualScripting.Core\Dependencies\DotNetZip\Unity.VisualScripting.IonicZip.dll
Native extension for UWP target not found
Native extension for LinuxStandalone target not found
Native extension for WindowsStandalone target not found
Native extension for AppleTV target not found
Native extension for iOS target not found
Native extension for Android target not found
Native extension for OSXStandalone target not found
Native extension for WebGL target not found
Refreshing native plugins compatible for Editor in 1.13 ms, found 4 plugins.
Preloading 0 native plugins for Editor in 0.00 ms.
Mono: successfully reloaded assembly
- Completed reload, in  1.620 seconds
Domain Reload Profiling:
	ReloadAssembly (1621ms)
		BeginReloadAssembly (192ms)
			ExecutionOrderSort (0ms)
			DisableScriptedObjects (8ms)
			BackupInstance (0ms)
			ReleaseScriptingObjects (0ms)
			CreateAndSetChildDomain (48ms)
		EndReloadAssembly (1297ms)
			LoadAssemblies (141ms)
			RebuildTransferFunctionScriptingTraits (0ms)
			SetupTypeCache (355ms)
			ReleaseScriptCaches (3ms)
			RebuildScriptCaches (70ms)
			SetupLoadedEditorAssemblies (679ms)
				LogAssemblyErrors (0ms)
				InitializePlatformSupportModulesInManaged (47ms)
				SetLoadedEditorAssemblies (1ms)
				RefreshPlugins (1ms)
				BeforeProcessingInitializeOnLoad (112ms)
				ProcessInitializeOnLoadAttributes (402ms)
				ProcessInitializeOnLoadMethodAttributes (106ms)
				AfterProcessingInitializeOnLoad (10ms)
				EditorAssembliesLoaded (0ms)
			ExecutionOrderSort2 (0ms)
			AwakeInstancesAfterBackupRestoration (11ms)
Platform modules already initialized, skipping
Refreshing native plugins compatible for Editor in 4.50 ms, found 4 plugins.
Preloading 0 native plugins for Editor in 0.00 ms.
Unloading 5656 Unused Serialized files (Serialized files now loaded: 0)
Unloading 29 unused Assets / (0.8 MB). Loaded Objects now: 8163.
Memory consumption went from 224.9 MB to 224.1 MB.
Total: 5.644000 ms (FindLiveObjects: 0.824100 ms CreateObjectMapping: 0.323000 ms MarkObjects: 4.081600 ms  DeleteObjects: 0.413800 ms)

AssetImportParameters requested are different than current active one (requested -> active):
  custom:video-decoder-ogg-theora: a1e56fd34408186e4bbccfd4996cb3dc -> 
  custom:container-muxer-webm: aa71ff27fc2769a1b78a27578f13a17b -> 
  custom:container-demuxer-webm: 4f35f7cbe854078d1ac9338744f61a02 -> 
  custom:video-encoder-webm-vp8: eb34c28f22e8b96e1ab97ce403110664 -> 
  custom:video-codec-MediaFoundation-h265: 746d11721c4dcdbdad8f713fa42b33f4 -> 
  custom:audio-encoder-webm-vorbis: bf7c407c2cedff20999df2af8eb42d56 -> 
  custom:framework-win-MediaFoundation: 216162199b28c13a410421893ffa2e32 -> 
  custom:container-demuxer-ogg: 62fdf1f143b41e24485cea50d1cbac27 -> 
  custom:video-decoder-webm-vp8: 9c59270c3fd7afecdb556c50c9e8de78 -> 
  custom:audio-decoder-ogg-vorbis: bf7c407c2cedff20999df2af8eb42d56 -> 
========================================================================
Received Import Request.
  Time since last request: 1297.610282 seconds.
  path: Assets/Resources/Sprites/Buttons/Иллюстрация_без_названия-1 2.png
  artifactKey: Guid(1665b61cdba3e0c428145a2453d8c3f0) Importer(815301076,1909f56bfc062723c751e8b465ee728b)
Start importing Assets/Resources/Sprites/Buttons/Иллюстрация_без_названия-1 2.png using Guid(1665b61cdba3e0c428145a2453d8c3f0) Importer(815301076,1909f56bfc062723c751e8b465ee728b)  -> (artifact id: 'fe4ab24d28a3288d32f8a2d3977ed387') in 0.158286 seconds 
========================================================================
Received Prepare
Registering precompiled user dll's ...
Registered in 0.014848 seconds.
Begin MonoManager ReloadAssembly
Symbol file LoadedFromMemory doesn't match image C:\Users\1\Documents\GitHub\Seagull-vs-Cats\Library\PackageCache\com.unity.visualscripting@1.8.0\Editor\VisualScripting.Core\Dependencies\YamlDotNet\Unity.VisualScripting.YamlDotNet.dll
Symbol file LoadedFromMemory doesn't match image C:\Users\1\Documents\GitHub\Seagull-vs-Cats\Library\PackageCache\com.unity.visualscripting@1.8.0\Editor\VisualScripting.Core\Dependencies\DotNetZip\Unity.VisualScripting.IonicZip.dll
Native extension for UWP target not found
Native extension for LinuxStandalone target not found
Native extension for WindowsStandalone target not found
Native extension for AppleTV target not found
Native extension for iOS target not found
Native extension for Android target not found
Native extension for OSXStandalone target not found
Native extension for WebGL target not found
Refreshing native plugins compatible for Editor in 2.00 ms, found 4 plugins.
Preloading 0 native plugins for Editor in 0.00 ms.
Mono: successfully reloaded assembly
- Completed reload, in  1.714 seconds
Domain Reload Profiling:
	ReloadAssembly (1715ms)
		BeginReloadAssembly (198ms)
			ExecutionOrderSort (0ms)
			DisableScriptedObjects (13ms)
			BackupInstance (0ms)
			ReleaseScriptingObjects (0ms)
			CreateAndSetChildDomain (51ms)
		EndReloadAssembly (1389ms)
			LoadAssemblies (141ms)
			RebuildTransferFunctionScriptingTraits (0ms)
			SetupTypeCache (381ms)
			ReleaseScriptCaches (3ms)
			RebuildScriptCaches (73ms)
			SetupLoadedEditorAssemblies (727ms)
				LogAssemblyErrors (0ms)
				InitializePlatformSupportModulesInManaged (52ms)
				SetLoadedEditorAssemblies (1ms)
				RefreshPlugins (2ms)
				BeforeProcessingInitializeOnLoad (120ms)
				ProcessInitializeOnLoadAttributes (420ms)
				ProcessInitializeOnLoadMethodAttributes (122ms)
				AfterProcessingInitializeOnLoad (10ms)
				EditorAssembliesLoaded (0ms)
			ExecutionOrderSort2 (0ms)
			AwakeInstancesAfterBackupRestoration (12ms)
Platform modules already initialized, skipping
Refreshing native plugins compatible for Editor in 6.10 ms, found 4 plugins.
Preloading 0 native plugins for Editor in 0.00 ms.
Unloading 5656 Unused Serialized files (Serialized files now loaded: 0)
Unloading 29 unused Assets / (0.8 MB). Loaded Objects now: 8180.
Memory consumption went from 224.9 MB to 224.1 MB.
Total: 5.266300 ms (FindLiveObjects: 0.727600 ms CreateObjectMapping: 0.314100 ms MarkObjects: 3.801300 ms  DeleteObjects: 0.421800 ms)

AssetImportParameters requested are different than current active one (requested -> active):
  custom:video-decoder-ogg-theora: a1e56fd34408186e4bbccfd4996cb3dc -> 
  custom:container-muxer-webm: aa71ff27fc2769a1b78a27578f13a17b -> 
  custom:container-demuxer-webm: 4f35f7cbe854078d1ac9338744f61a02 -> 
  custom:video-encoder-webm-vp8: eb34c28f22e8b96e1ab97ce403110664 -> 
  custom:video-codec-MediaFoundation-h265: 746d11721c4dcdbdad8f713fa42b33f4 -> 
  custom:audio-encoder-webm-vorbis: bf7c407c2cedff20999df2af8eb42d56 -> 
  custom:framework-win-MediaFoundation: 216162199b28c13a410421893ffa2e32 -> 
  custom:container-demuxer-ogg: 62fdf1f143b41e24485cea50d1cbac27 -> 
  custom:video-decoder-webm-vp8: 9c59270c3fd7afecdb556c50c9e8de78 -> 
  custom:audio-decoder-ogg-vorbis: bf7c407c2cedff20999df2af8eb42d56 -> 
========================================================================
Received Prepare
Registering precompiled user dll's ...
Registered in 0.015747 seconds.
Begin MonoManager ReloadAssembly
Symbol file LoadedFromMemory doesn't match image C:\Users\1\Documents\GitHub\Seagull-vs-Cats\Library\PackageCache\com.unity.visualscripting@1.8.0\Editor\VisualScripting.Core\Dependencies\YamlDotNet\Unity.VisualScripting.YamlDotNet.dll
Symbol file LoadedFromMemory doesn't match image C:\Users\1\Documents\GitHub\Seagull-vs-Cats\Library\PackageCache\com.unity.visualscripting@1.8.0\Editor\VisualScripting.Core\Dependencies\DotNetZip\Unity.VisualScripting.IonicZip.dll
Native extension for UWP target not found
Native extension for LinuxStandalone target not found
Native extension for WindowsStandalone target not found
Native extension for AppleTV target not found
Native extension for iOS target not found
Native extension for Android target not found
Native extension for OSXStandalone target not found
Native extension for WebGL target not found
Refreshing native plugins compatible for Editor in 1.94 ms, found 4 plugins.
Preloading 0 native plugins for Editor in 0.00 ms.
Mono: successfully reloaded assembly
- Completed reload, in  1.704 seconds
Domain Reload Profiling:
	ReloadAssembly (1705ms)
		BeginReloadAssembly (188ms)
			ExecutionOrderSort (0ms)
			DisableScriptedObjects (8ms)
			BackupInstance (0ms)
			ReleaseScriptingObjects (0ms)
			CreateAndSetChildDomain (49ms)
		EndReloadAssembly (1389ms)
			LoadAssemblies (154ms)
			RebuildTransferFunctionScriptingTraits (0ms)
			SetupTypeCache (380ms)
			ReleaseScriptCaches (3ms)
			RebuildScriptCaches (71ms)
			SetupLoadedEditorAssemblies (717ms)
				LogAssemblyErrors (0ms)
				InitializePlatformSupportModulesInManaged (59ms)
				SetLoadedEditorAssemblies (1ms)
				RefreshPlugins (2ms)
				BeforeProcessingInitializeOnLoad (120ms)
				ProcessInitializeOnLoadAttributes (417ms)
				ProcessInitializeOnLoadMethodAttributes (107ms)
				AfterProcessingInitializeOnLoad (10ms)
				EditorAssembliesLoaded (0ms)
			ExecutionOrderSort2 (0ms)
			AwakeInstancesAfterBackupRestoration (11ms)
Platform modules already initialized, skipping
Callback registration failed. Increase kMaxCallback.
Fatal Error! Callback registration failed. Increase kMaxCallback.
Crash!!!
SymInit: Symbol-SearchPath: 'C:/Program Files/Unity/Hub/Editor/2021.3.22f1/Editor/Data/Mono;.;C:\Users\1\Documents\GitHub\Seagull-vs-Cats;C:\Users\1\Documents\GitHub\Seagull-vs-Cats\Library\BurstCache\JIT;C:\Program Files\Unity\Hub\Editor\2021.3.22f1\Editor;C:\Windows;C:\Windows\system32;', symOptions: 534, UserName: '1'
OS-Version: 10.0.0
C:\Program Files\Unity\Hub\Editor\2021.3.22f1\Editor\Unity.exe:Unity.exe (00007FF752A50000), size: 74293248 (result: 0), SymType: '-deferred-', PDB: '', fileVersion: 2021.3.22.50513
C:\Windows\SYSTEM32\ntdll.dll:ntdll.dll (00007FF9517B0000), size: 2191360 (result: 0), SymType: '-deferred-', PDB: '', fileVersion: 10.0.22621.4317
C:\Windows\System32\KERNEL32.DLL:KERNEL32.DLL (00007FF94FD00000), size: 802816 (result: 0), SymType: '-deferred-', PDB: '', fileVersion: 10.0.22621.3958
C:\Windows\System32\KERNELBASE.dll:KERNELBASE.dll (00007FF94F120000), size: 3895296 (result: 0), SymType: '-deferred-', PDB: '', fileVersion: 10.0.22621.4249
C:\Windows\System32\CRYPT32.dll:CRYPT32.dll (00007FF94EF30000), size: 1466368 (result: 0), SymType: '-deferred-', PDB: '', fileVersion: 10.0.22621.4169
C:\Windows\System32\ucrtbase.dll:ucrtbase.dll (00007FF94EBF0000), size: 1118208 (result: 0), SymType: '-deferred-', PDB: '', fileVersion: 10.0.22621.3593
C:\Windows\System32\USER32.dll:USER32.dll (00007FF951050000), size: 1765376 (result: 0), SymType: '-deferred-', PDB: '', fileVersion: 10.0.22621.4249
C:\Windows\System32\win32u.dll:win32u.dll (00007FF94ED10000), size: 155648 (result: 0), SymType: '-deferred-', PDB: '', fileVersion: 10.0.22621.4317
C:\Program Files\Unity\Hub\Editor\2021.3.22f1\Editor\libfbxsdk.dll:libfbxsdk.dll (00007FF8EBE40000), size: 10067968 (result: 0), SymType: '-deferred-', PDB: '', fileVersion: 2020.3.3.0
C:\Windows\System32\GDI32.dll:GDI32.dll (00007FF94F8B0000), size: 167936 (result: 0), SymType: '-deferred-', PDB: '', fileVersion: 10.0.22621.4036
C:\Program Files\Unity\Hub\Editor\2021.3.22f1\Editor\optix.6.0.0.dll:optix.6.0.0.dll (00007FF8EEC30000), size: 208896 (result: 0), SymType: '-deferred-', PDB: '', fileVersion: 6.0.0.0
C:\Windows\System32\gdi32full.dll:gdi32full.dll (00007FF94ED40000), size: 1146880 (result: 0), SymType: '-deferred-', PDB: '', fileVersion: 10.0.22621.4317
C:\Program Files\Unity\Hub\Editor\2021.3.22f1\Editor\s3tcompress.dll:s3tcompress.dll (00007FF904500000), size: 180224 (result: 0), SymType: '-deferred-', PDB: ''
C:\Windows\System32\msvcp_win.dll:msvcp_win.dll (00007FF94EE90000), size: 630784 (result: 0), SymType: '-deferred-', PDB: '', fileVersion: 10.0.22621.3374
C:\Windows\System32\ADVAPI32.dll:ADVAPI32.dll (00007FF951230000), size: 729088 (result: 0), SymType: '-deferred-', PDB: '', fileVersion: 10.0.22621.4317
C:\Windows\System32\msvcrt.dll:msvcrt.dll (00007FF94F550000), size: 684032 (result: 0), SymType: '-deferred-', PDB: '', fileVersion: 7.0.22621.2506
C:\Program Files\Unity\Hub\Editor\2021.3.22f1\Editor\ispc_texcomp.dll:ispc_texcomp.dll (00007FF8EBC90000), size: 1740800 (result: 0), SymType: '-deferred-', PDB: ''
C:\Program Files\Unity\Hub\Editor\2021.3.22f1\Editor\etccompress.dll:etccompress.dll (00007FF8E63D0000), size: 5066752 (result: 0), SymType: '-deferred-', PDB: ''
C:\Program Files\Unity\Hub\Editor\2021.3.22f1\Editor\compress_bc7e.dll:compress_bc7e.dll (00007FF8EB900000), size: 1441792 (result: 0), SymType: '-deferred-', PDB: ''
C:\Windows\System32\sechost.dll:sechost.dll (00007FF94FDD0000), size: 688128 (result: 0), SymType: '-deferred-', PDB: '', fileVersion: 10.0.22621.4249
C:\Program Files\Unity\Hub\Editor\2021.3.22f1\Editor\FreeImage.dll:FreeImage.dll (0000000180000000), size: 6582272 (result: 0), SymType: '-deferred-', PDB: '', fileVersion: 3.18.0.0
C:\Windows\System32\bcrypt.dll:bcrypt.dll (00007FF94EE60000), size: 163840 (result: 0), SymType: '-deferred-', PDB: '', fileVersion: 10.0.22621.2506
C:\Windows\System32\RPCRT4.dll:RPCRT4.dll (00007FF94FE90000), size: 1130496 (result: 0), SymType: '-deferred-', PDB: '', fileVersion: 10.0.22621.4249
C:\Windows\System32\SHELL32.dll:SHELL32.dll (00007FF950560000), size: 8818688 (result: 0), SymType: '-deferred-', PDB: '', fileVersion: 10.0.22621.4249
C:\Program Files\Unity\Hub\Editor\2021.3.22f1\Editor\OpenImageDenoise.dll:OpenImageDenoise.dll (00007FF8E68B0000), size: 48848896 (result: 0), SymType: '-deferred-', PDB: '', fileVersion: 1.4.2.0
C:\Windows\System32\WS2_32.dll:WS2_32.dll (00007FF94FA40000), size: 462848 (result: 0), SymType: '-deferred-', PDB: '', fileVersion: 10.0.22621.1
C:\Windows\System32\SHLWAPI.dll:SHLWAPI.dll (00007FF9500E0000), size: 385024 (result: 0), SymType: '-deferred-', PDB: '', fileVersion: 10.0.22621.3672
C:\Program Files\Unity\Hub\Editor\2021.3.22f1\Editor\WinPixEventRuntime.dll:WinPixEventRuntime.dll (00007FF940CF0000), size: 45056 (result: 0), SymType: '-deferred-', PDB: '', fileVersion: 1.0.1812.6001
C:\Program Files\Unity\Hub\Editor\2021.3.22f1\Editor\umbraoptimizer64.dll:umbraoptimizer64.dll (00007FF8EBB60000), size: 1187840 (result: 0), SymType: '-deferred-', PDB: ''
C:\Windows\System32\ole32.dll:ole32.dll (00007FF94F600000), size: 1724416 (result: 0), SymType: '-deferred-', PDB: '', fileVersion: 10.0.22621.3958
C:\Windows\System32\combase.dll:combase.dll (00007FF9501D0000), size: 3727360 (result: 0), SymType: '-deferred-', PDB: '', fileVersion: 10.0.22621.4249
C:\Windows\System32\IMM32.dll:IMM32.dll (00007FF94FFB0000), size: 200704 (result: 0), SymType: '-deferred-', PDB: '', fileVersion: 10.0.22621.3374
C:\Windows\System32\SETUPAPI.dll:SETUPAPI.dll (00007FF9512F0000), size: 4669440 (result: 0), SymType: '-deferred-', PDB: '', fileVersion: 10.0.22621.2506
C:\Windows\System32\OLEAUT32.dll:OLEAUT32.dll (00007FF94FFF0000), size: 880640 (result: 0), SymType: '-deferred-', PDB: '', fileVersion: 10.0.22621.3672
C:\Windows\System32\WINTRUST.dll:WINTRUST.dll (00007FF94EB80000), size: 442368 (result: 0), SymType: '-deferred-', PDB: '', fileVersion: 10.0.22621.4249
C:\Windows\SYSTEM32\IPHLPAPI.DLL:IPHLPAPI.DLL (00007FF94D580000), size: 184320 (result: 0), SymType: '-deferred-', PDB: '', fileVersion: 10.0.22621.1
C:\Windows\SYSTEM32\GLU32.dll:GLU32.dll (00007FF8EEC00000), size: 184320 (result: 0), SymType: '-deferred-', PDB: '', fileVersion: 10.0.22621.2506
C:\Windows\SYSTEM32\OPENGL32.dll:OPENGL32.dll (00007FF8EBA60000), size: 1048576 (result: 0), SymType: '-deferred-', PDB: '', fileVersion: 10.0.22621.3672
C:\Windows\SYSTEM32\WINHTTP.dll:WINHTTP.dll (00007FF9492C0000), size: 1269760 (result: 0), SymType: '-deferred-', PDB: '', fileVersion: 10.0.22621.4249
C:\Windows\SYSTEM32\WINMM.dll:WINMM.dll (00007FF9434B0000), size: 212992 (result: 0), SymType: '-deferred-', PDB: '', fileVersion: 10.0.22621.3672
C:\Windows\SYSTEM32\HID.DLL:HID.DLL (00007FF94D320000), size: 57344 (result: 0), SymType: '-deferred-', PDB: '', fileVersion: 10.0.22621.1
C:\Program Files\Unity\Hub\Editor\2021.3.22f1\Editor\RadeonImageFilters.dll:RadeonImageFilters.dll (00007FF8E60F0000), size: 2961408 (result: 0), SymType: '-deferred-', PDB: '', fileVersion: 1.7.0.0
C:\Windows\SYSTEM32\dwmapi.dll:dwmapi.dll (00007FF94C260000), size: 176128 (result: 0), SymType: '-deferred-', PDB: '', fileVersion: 10.0.22621.3672
C:\Program Files\Unity\Hub\Editor\2021.3.22f1\Editor\SketchUpAPI.dll:SketchUpAPI.dll (00007FF8EAF60000), size: 9310208 (result: 0), SymType: '-deferred-', PDB: '', fileVersion: 22.1.205.0
C:\Windows\SYSTEM32\VERSION.dll:VERSION.dll (00007FF948920000), size: 40960 (result: 0), SymType: '-deferred-', PDB: '', fileVersion: 10.0.22621.1
C:\Program Files\Unity\Hub\Editor\2021.3.22f1\Editor\tbb12.dll:tbb12.dll (00007FF8EE9A0000), size: 434176 (result: 0), SymType: '-deferred-', PDB: ''
C:\Windows\SYSTEM32\MSVCP140.dll:MSVCP140.dll (00007FF93AAA0000), size: 577536 (result: 0), SymType: '-deferred-', PDB: '', fileVersion: 14.42.34438.0
C:\Windows\SYSTEM32\VCRUNTIME140.dll:VCRUNTIME140.dll (00007FF945B20000), size: 122880 (result: 0), SymType: '-deferred-', PDB: '', fileVersion: 14.42.34438.0
C:\Windows\SYSTEM32\WSOCK32.dll:WSOCK32.dll (00007FF9221A0000), size: 36864 (result: 0), SymType: '-deferred-', PDB: '', fileVersion: 10.0.22621.1
C:\Program Files\Unity\Hub\Editor\2021.3.22f1\Editor\RadeonML.dll:RadeonML.dll (00007FF92CC30000), size: 94208 (result: 0), SymType: '-deferred-', PDB: '', fileVersion: 0.9.11.0
C:\Program Files\Unity\Hub\Editor\2021.3.22f1\Editor\SketchUpCommonPreferences.dll:SketchUpCommonPreferences.dll (00007FF8EB880000), size: 499712 (result: 0), SymType: '-deferred-', PDB: '', fileVersion: 22.1.205.54
C:\Windows\SYSTEM32\VCRUNTIME140_1.dll:VCRUNTIME140_1.dll (00007FF93AA90000), size: 49152 (result: 0), SymType: '-deferred-', PDB: '', fileVersion: 14.42.34438.0
C:\Windows\SYSTEM32\Secur32.dll:Secur32.dll (00007FF94D8F0000), size: 49152 (result: 0), SymType: '-deferred-', PDB: '', fileVersion: 10.0.22621.1
C:\Program Files\Unity\Hub\Editor\2021.3.22f1\Editor\tbbmalloc.dll:tbbmalloc.dll (00007FF8E60A0000), size: 282624 (result: 0), SymType: '-deferred-', PDB: ''
C:\Windows\SYSTEM32\dxcore.dll:dxcore.dll (00007FF94C110000), size: 225280 (result: 0), SymType: '-deferred-', PDB: '', fileVersion: 10.0.22621.3958
C:\Windows\SYSTEM32\SSPICLI.DLL:SSPICLI.DLL (00007FF94DD70000), size: 274432 (result: 0), SymType: '-deferred-', PDB: '', fileVersion: 10.0.22621.3810
C:\Program Files\Unity\Hub\Editor\2021.3.22f1\Editor\OpenRL.dll:OpenRL.dll (000001EB15AF0000), size: 12779520 (result: 0), SymType: '-deferred-', PDB: '', fileVersion: 1.5.0.2907
C:\Windows\SYSTEM32\cfgmgr32.DLL:cfgmgr32.DLL (00007FF94E7B0000), size: 319488 (result: 0), SymType: '-deferred-', PDB: '', fileVersion: 10.0.22621.2506
C:\Program Files\Unity\Hub\Editor\2021.3.22f1\Editor\embree.dll:embree.dll (00007FF8E50B0000), size: 16711680 (result: 0), SymType: '-deferred-', PDB: '', fileVersion: 2.14.0.0
C:\Windows\SYSTEM32\MSVCP100.dll:MSVCP100.dll (0000000056AD0000), size: 622592 (result: 0), SymType: '-deferred-', PDB: '', fileVersion: 10.0.40219.325
C:\Windows\SYSTEM32\MSVCR100.dll:MSVCR100.dll (00000000569F0000), size: 860160 (result: 0), SymType: '-deferred-', PDB: '', fileVersion: 10.0.40219.325
C:\Windows\SYSTEM32\MSWSOCK.DLL:MSWSOCK.DLL (00007FF94DFF0000), size: 430080 (result: 0), SymType: '-deferred-', PDB: '', fileVersion: 10.0.22621.2506
C:\Program Files\Unity\Hub\Editor\2021.3.22f1\Editor\tbb.dll:tbb.dll (00007FF8E5040000), size: 413696 (result: 0), SymType: '-deferred-', PDB: '', fileVersion: 2017.0.2016.1004
C:\Windows\SYSTEM32\MSVCP120.dll:MSVCP120.dll (00007FF8E4EA0000), size: 679936 (result: 0), SymType: '-deferred-', PDB: '', fileVersion: 12.0.40649.5
C:\Windows\SYSTEM32\MSVCR120.dll:MSVCR120.dll (00007FF8E4F50000), size: 978944 (result: 0), SymType: '-deferred-', PDB: '', fileVersion: 12.0.40649.5
C:\Program Files\Unity\Hub\Editor\2021.3.22f1\Editor\OpenRL_pthread.dll:OpenRL_pthread.dll (000001EB16740000), size: 61440 (result: 0), SymType: '-deferred-', PDB: '', fileVersion: 2.9.0.0
C:\Windows\SYSTEM32\MSASN1.dll:MSASN1.dll (00007FF94E760000), size: 73728 (result: 0), SymType: '-deferred-', PDB: '', fileVersion: 10.0.22621.2506
C:\Windows\SYSTEM32\kernel.appcore.dll:kernel.appcore.dll (00007FF94DB10000), size: 98304 (result: 0), SymType: '-deferred-', PDB: '', fileVersion: 10.0.22621.3958
C:\Windows\System32\bcryptPrimitives.dll:bcryptPrimitives.dll (00007FF94F0A0000), size: 503808 (result: 0), SymType: '-deferred-', PDB: '', fileVersion: 10.0.22621.4317
C:\Windows\system32\uxtheme.dll:uxtheme.dll (00007FF94C000000), size: 724992 (result: 0), SymType: '-deferred-', PDB: '', fileVersion: 10.0.22621.4249
C:\Windows\System32\shcore.dll:shcore.dll (00007FF94F7B0000), size: 1019904 (result: 0), SymType: '-deferred-', PDB: '', fileVersion: 10.0.22621.4249
C:\Windows\SYSTEM32\windows.storage.dll:windows.storage.dll (00007FF94CA20000), size: 9433088 (result: 0), SymType: '-deferred-', PDB: '', fileVersion: 10.0.22621.4249
C:\Windows\SYSTEM32\wintypes.dll:wintypes.dll (00007FF94C8E0000), size: 1306624 (result: 0), SymType: '-deferred-', PDB: '', fileVersion: 10.0.22621.3810
C:\Windows\SYSTEM32\profapi.dll:profapi.dll (00007FF94E9F0000), size: 159744 (result: 0), SymType: '-deferred-', PDB: '', fileVersion: 10.0.22621.4111
C:\Windows\system32\IconCodecService.dll:IconCodecService.dll (00007FF9421E0000), size: 36864 (result: 0), SymType: '-deferred-', PDB: '', fileVersion: 10.0.22621.1
C:\Windows\SYSTEM32\WindowsCodecs.dll:WindowsCodecs.dll (00007FF94BDB0000), size: 1773568 (result: 0), SymType: '-deferred-', PDB: '', fileVersion: 10.0.22621.3880
C:\Windows\System32\clbcatq.dll:clbcatq.dll (00007FF950F30000), size: 720896 (result: 0), SymType: '-deferred-', PDB: '', fileVersion: 2001.12.10941.16384
C:\Windows\System32\netprofm.dll:netprofm.dll (00007FF94BAF0000), size: 491520 (result: 0), SymType: '-deferred-', PDB: '', fileVersion: 10.0.22621.3527
C:\Windows\System32\npmproxy.dll:npmproxy.dll (00007FF948CB0000), size: 98304 (result: 0), SymType: '-deferred-', PDB: '', fileVersion: 10.0.22621.3527
C:\Windows\System32\NSI.dll:NSI.dll (00007FF9500D0000), size: 36864 (result: 0), SymType: '-deferred-', PDB: '', fileVersion: 10.0.22621.1
C:\Windows\SYSTEM32\dhcpcsvc6.DLL:dhcpcsvc6.DLL (00007FF94B130000), size: 102400 (result: 0), SymType: '-deferred-', PDB: '', fileVersion: 10.0.22621.2506
C:\Windows\SYSTEM32\dhcpcsvc.DLL:dhcpcsvc.DLL (00007FF949150000), size: 126976 (result: 0), SymType: '-deferred-', PDB: '', fileVersion: 10.0.22621.2506
C:\Windows\SYSTEM32\DNSAPI.dll:DNSAPI.dll (00007FF94D5F0000), size: 1056768 (result: 0), SymType: '-deferred-', PDB: '', fileVersion: 10.0.22621.4249
C:\Windows\system32\napinsp.dll:napinsp.dll (00007FF8EEFC0000), size: 94208 (result: 0), SymType: '-deferred-', PDB: '', fileVersion: 10.0.22621.1
C:\Windows\system32\pnrpnsp.dll:pnrpnsp.dll (00007FF8EEC90000), size: 110592 (result: 0), SymType: '-deferred-', PDB: '', fileVersion: 10.0.22621.1
C:\Windows\System32\winrnr.dll:winrnr.dll (00007FF8EEC70000), size: 69632 (result: 0), SymType: '-deferred-', PDB: '', fileVersion: 10.0.22621.1
C:\Windows\system32\wshbth.dll:wshbth.dll (00007FF92AA40000), size: 86016 (result: 0), SymType: '-deferred-', PDB: '', fileVersion: 10.0.22621.3958
C:\Windows\system32\nlansp_c.dll:nlansp_c.dll (00007FF9313E0000), size: 159744 (result: 0), SymType: '-deferred-', PDB: '', fileVersion: 10.0.22621.4249
C:\Windows\System32\fwpuclnt.dll:fwpuclnt.dll (00007FF948E00000), size: 536576 (result: 0), SymType: '-deferred-', PDB: '', fileVersion: 10.0.22621.4249
C:\Windows\System32\rasadhlp.dll:rasadhlp.dll (00007FF945660000), size: 40960 (result: 0), SymType: '-deferred-', PDB: '', fileVersion: 10.0.22621.1
C:\Program Files\Unity\Hub\Editor\2021.3.22f1\Editor\NVUnityPlugin.DLL:NVUnityPlugin.DLL (00007FF933D70000), size: 1536000 (result: 0), SymType: '-deferred-', PDB: ''
C:\Program Files\Unity\Hub\Editor\2021.3.22f1\Editor\Data\Tools\astcenc-avx2.dll:astcenc-avx2.dll (00007FF941720000), size: 561152 (result: 0), SymType: '-deferred-', PDB: ''
C:\Windows\SYSTEM32\d3d11.dll:d3d11.dll (00007FF949C70000), size: 2453504 (result: 0), SymType: '-deferred-', PDB: '', fileVersion: 10.0.22621.3672
C:\Windows\SYSTEM32\dxgi.dll:dxgi.dll (00007FF94C150000), size: 1011712 (result: 0), SymType: '-deferred-', PDB: '', fileVersion: 10.0.22621.4036
C:\Windows\SYSTEM32\directxdatabasehelper.dll:directxdatabasehelper.dll (00007FF948930000), size: 299008 (result: 0), SymType: '-deferred-', PDB: '', fileVersion: 10.0.22621.3672
C:\Windows\System32\DriverStore\FileRepository\nv_dispi.inf_amd64_adf5a840df867035\nvldumdx.dll:nvldumdx.dll (00007FF944CA0000), size: 802816 (result: 0), SymType: '-deferred-', PDB: '', fileVersion: 32.0.15.6614
C:\Windows\SYSTEM32\cryptnet.dll:cryptnet.dll (00007FF9488E0000), size: 204800 (result: 0), SymType: '-deferred-', PDB: '', fileVersion: 10.0.22621.1
C:\Windows\SYSTEM32\cryptbase.dll:cryptbase.dll (00007FF94E260000), size: 49152 (result: 0), SymType: '-deferred-', PDB: '', fileVersion: 10.0.22621.1
C:\Windows\SYSTEM32\wldp.dll:wldp.dll (00007FF94E370000), size: 299008 (result: 0), SymType: '-deferred-', PDB: '', fileVersion: 10.0.22621.4036
C:\Windows\SYSTEM32\drvstore.dll:drvstore.dll (00007FF948530000), size: 1449984 (result: 0), SymType: '-deferred-', PDB: '', fileVersion: 10.0.22621.3958
C:\Windows\SYSTEM32\devobj.dll:devobj.dll (00007FF94E780000), size: 180224 (result: 0), SymType: '-deferred-', PDB: '', fileVersion: 10.0.22621.2506
C:\Windows\System32\imagehlp.dll:imagehlp.dll (00007FF951030000), size: 126976 (result: 0), SymType: '-deferred-', PDB: '', fileVersion: 10.0.22621.1
C:\Windows\SYSTEM32\CRYPTSP.dll:CRYPTSP.dll (00007FF94E240000), size: 110592 (result: 0), SymType: '-deferred-', PDB: '', fileVersion: 10.0.22621.3672
C:\Windows\system32\rsaenh.dll:rsaenh.dll (00007FF94DA70000), size: 217088 (result: 0), SymType: '-deferred-', PDB: '', fileVersion: 10.0.22621.4249
C:\Windows\System32\DriverStore\FileRepository\nv_dispi.inf_amd64_adf5a840df867035\nvgpucomp64.dll:nvgpucomp64.dll (00007FF93C180000), size: 47251456 (result: 0), SymType: '-deferred-', PDB: '', fileVersion: 32.0.15.6614
C:\Windows\System32\DriverStore\FileRepository\nv_dispi.inf_amd64_adf5a840df867035\Display.NvContainer\NvMessageBus.dll:NvMessageBus.dll (00007FF93A650000), size: 3506176 (result: 0), SymType: '-deferred-', PDB: '', fileVersion: 3.12.3354.5005
C:\Windows\System32\DriverStore\FileRepository\nv_dispi.inf_amd64_adf5a840df867035\nvwgf2umx.dll:nvwgf2umx.dll (00007FF935BB0000), size: 71811072 (result: 0), SymType: '-deferred-', PDB: '', fileVersion: 32.0.15.6614
C:\Windows\SYSTEM32\powrprof.dll:powrprof.dll (00007FF94E320000), size: 315392 (result: 0), SymType: '-deferred-', PDB: '', fileVersion: 10.0.22621.3958
C:\Windows\SYSTEM32\UMPDC.dll:UMPDC.dll (00007FF94E300000), size: 77824 (result: 0), SymType: '-deferred-', PDB: '', fileVersion: 10.0.22621.1
C:\Windows\System32\DriverStore\FileRepository\nv_dispi.inf_amd64_adf5a840df867035\nvppex.dll:nvppex.dll (00007FF8E9CC0000), size: 1396736 (result: 0), SymType: '-deferred-', PDB: '', fileVersion: 32.0.15.6614
C:\Windows\system32\wbem\wbemprox.dll:wbemprox.dll (00007FF946820000), size: 65536 (result: 0), SymType: '-deferred-', PDB: '', fileVersion: 10.0.22621.3672
C:\Windows\SYSTEM32\wbemcomn.dll:wbemcomn.dll (00007FF9467A0000), size: 524288 (result: 0), SymType: '-deferred-', PDB: '', fileVersion: 10.0.22621.2506
C:\Windows\system32\wbem\wbemsvc.dll:wbemsvc.dll (00007FF93A0D0000), size: 81920 (result: 0), SymType: '-deferred-', PDB: '', fileVersion: 10.0.22621.3672
C:\Windows\system32\wbem\fastprox.dll:fastprox.dll (00007FF93A0F0000), size: 1015808 (result: 0), SymType: '-deferred-', PDB: '', fileVersion: 10.0.22621.3672
C:\Windows\SYSTEM32\amsi.dll:amsi.dll (00007FF942D00000), size: 118784 (result: 0), SymType: '-deferred-', PDB: '', fileVersion: 10.0.22621.3527
C:\Windows\SYSTEM32\USERENV.dll:USERENV.dll (00007FF94E0E0000), size: 163840 (result: 0), SymType: '-deferred-', PDB: '', fileVersion: 10.0.22621.3527
C:\ProgramData\Microsoft\Windows Defender\Platform\4.18.25050.5-0\MpOav.dll:MpOav.dll (00007FF942C60000), size: 634880 (result: 0), SymType: '-deferred-', PDB: '', fileVersion: 4.18.25050.5
C:\Program Files\Unity\Hub\Editor\2021.3.22f1\Editor\cudart64_90.dll:cudart64_90.dll (00007FF941200000), size: 397312 (result: 0), SymType: '-deferred-', PDB: '', fileVersion: 6.14.11.9000
C:\Windows\SYSTEM32\opencl.dll:opencl.dll (00007FF8ECAA0000), size: 483328 (result: 0), SymType: '-deferred-', PDB: '', fileVersion: 3.0.6.0
C:\Program Files\Unity\Hub\Editor\2021.3.22f1\Editor\radeonrays.dll:radeonrays.dll (00007FF8EC920000), size: 557056 (result: 0), SymType: '-deferred-', PDB: ''
C:\Program Files\Unity\Hub\Editor\2021.3.22f1\Editor\Data\MonoBleedingEdge\EmbedRuntime\mono-2.0-bdwgc.dll:mono-2.0-bdwgc.dll (00007FF8E4460000), size: 10686464 (result: 0), SymType: '-deferred-', PDB: ''
C:\Program Files\Unity\Hub\Editor\2021.3.22f1\Editor\Data\PlaybackEngines\AppleTVSupport\x64\UnityEditor.iOS.Native.dll:UnityEditor.iOS.Native.dll (00007FF8E41D0000), size: 331776 (result: 0), SymType: '-deferred-', PDB: ''
C:\Program Files\Unity\Hub\Editor\2021.3.22f1\Editor\Data\PlaybackEngines\iOSSupport\x64\UnityEditor.iOS.Native.dll:UnityEditor.iOS.Native.dll (00007FF8E4170000), size: 331776 (result: 0), SymType: '-deferred-', PDB: ''
C:\Windows\SYSTEM32\PROPSYS.dll:PROPSYS.dll (00007FF94A4C0000), size: 1052672 (result: 0), SymType: '-deferred-', PDB: '', fileVersion: 7.0.22621.4249
C:\Windows\SYSTEM32\edputil.dll:edputil.dll (00007FF945A60000), size: 163840 (result: 0), SymType: '-deferred-', PDB: '', fileVersion: 10.0.22621.3527
C:\Windows\System32\Windows.StateRepositoryPS.dll:Windows.StateRepositoryPS.dll (00007FF946560000), size: 962560 (result: 0), SymType: '-deferred-', PDB: '', fileVersion: 10.0.22621.4036
C:\Windows\SYSTEM32\urlmon.dll:urlmon.dll (00007FF93A460000), size: 2031616 (result: 0), SymType: '-deferred-', PDB: '', fileVersion: 11.0.22621.4169
C:\Windows\SYSTEM32\iertutil.dll:iertutil.dll (00007FF9427F0000), size: 2875392 (result: 0), SymType: '-deferred-', PDB: '', fileVersion: 11.0.22621.4317
C:\Windows\SYSTEM32\netutils.dll:netutils.dll (00007FF94D570000), size: 49152 (result: 0), SymType: '-deferred-', PDB: '', fileVersion: 10.0.22621.2506
C:\Windows\SYSTEM32\srvcli.dll:srvcli.dll (00007FF942AB0000), size: 163840 (result: 0), SymType: '-deferred-', PDB: '', fileVersion: 10.0.22621.4249
C:\Windows\SYSTEM32\virtdisk.dll:virtdisk.dll (00007FF945B40000), size: 90112 (result: 0), SymType: '-deferred-', PDB: '', fileVersion: 10.0.22621.3672
C:\Windows\System32\appresolver.dll:appresolver.dll (00007FF92E010000), size: 704512 (result: 0), SymType: '-deferred-', PDB: '', fileVersion: 10.0.22621.4111
C:\Windows\System32\Bcp47Langs.dll:Bcp47Langs.dll (00007FF942230000), size: 393216 (result: 0), SymType: '-deferred-', PDB: '', fileVersion: 10.0.22621.3672
C:\Windows\System32\OneCoreUAPCommonProxyStub.dll:OneCoreUAPCommonProxyStub.dll (00007FF944060000), size: 6471680 (result: 0), SymType: '-deferred-', PDB: '', fileVersion: 10.0.22621.4249
C:\Windows\System32\Windows.System.Launcher.dll:Windows.System.Launcher.dll (00007FF93FDE0000), size: 1290240 (result: 0), SymType: '-deferred-', PDB: '', fileVersion: 10.0.22621.4249
C:\Windows\System32\msvcp110_win.dll:msvcp110_win.dll (00007FF949400000), size: 602112 (result: 0), SymType: '-deferred-', PDB: '', fileVersion: 10.0.22621.1
C:\Windows\SYSTEM32\windows.staterepositorycore.dll:windows.staterepositorycore.dll (00007FF93FDC0000), size: 106496 (result: 0), SymType: '-deferred-', PDB: '', fileVersion: 10.0.22621.4036
C:\Windows\WinSxS\amd64_microsoft.windows.common-controls_6595b64144ccf1df_6.0.22621.3672_none_2713b9d173822955\comctl32.dll:comctl32.dll (00007FF9332A0000), size: 2699264 (result: 0), SymType: '-deferred-', PDB: '', fileVersion: 6.10.22621.3672
C:\Windows\System32\thumbcache.dll:thumbcache.dll (00007FF929570000), size: 434176 (result: 0), SymType: '-deferred-', PDB: '', fileVersion: 10.0.22621.3672
C:\Windows\System32\MrmCoreR.dll:MrmCoreR.dll (00007FF9420C0000), size: 1138688 (result: 0), SymType: '-deferred-', PDB: '', fileVersion: 10.0.22621.3672
C:\Windows\SYSTEM32\dbghelp.dll:dbghelp.dll (00007FF9480F0000), size: 2301952 (result: 0), SymType: '-deferred-', PDB: '', fileVersion: 10.0.22621.3593

========== OUTPUTTING STACK TRACE ==================

0x00007FF94F17FE4C (KERNELBASE) RaiseException
0x00007FF7544972AB (Unity) EditorMonoConsole::LogToConsoleImplementation
0x00007FF754497D9D (Unity) EditorMonoConsole::LogToConsoleImplementation
0x00007FF7550BA757 (Unity) DebugStringToFilePostprocessedStacktrace
0x00007FF7550B9EAD (Unity) DebugStringToFile
0x00007FF7548C5525 (Unity) LoadDomainAndUserAssemblies
0x00007FF7548C5BB4 (Unity) LoadUserAssemblies
0x00007FF754DBB43F (Unity) <lambda_675450053a42c243c42b9a1ef112a28f>::operator()
0x00007FF754DFD182 (Unity) asio::detail::completion_handler<core::mutable_function<void __cdecl(void)>,asio::io_context::basic_executor_type<std::allocator<void>,0> >::do_complete
0x00007FF754DE906E (Unity) asio::detail::win_iocp_io_context::do_one
0x00007FF754DEACD4 (Unity) asio::detail::win_iocp_io_context::run
0x00007FF754DFB56E (Unity) IOService::Run
0x00007FF754DCDC7F (Unity) AssetImportWorkerClient::Run
0x00007FF754D96293 (Unity) RunAssetImportWorkerClientV2
0x00007FF754D9631B (Unity) RunAssetImporterV2
0x00007FF7545AFCF8 (Unity) Application::InitializeProject
0x00007FF754A15588 (Unity) WinMain
0x00007FF755DF315E (Unity) __scrt_common_main_seh
0x00007FF94FD1257D (KERNEL32) BaseThreadInitThunk
0x00007FF95180AF08 (ntdll) RtlUserThreadStart

========== END OF STACKTRACE ===========

A crash has been intercepted by the crash handler. For call stack and other details, see the latest crash report generated in:
 * C:/Users/1/AppData/Local/Temp/Unity/Editor/Crashes
